action,target_table,doc_number,name,module,version,status,review_status,print_template_key,applicable_clauses,procedure_doc_numbers,attachment_form_doc_numbers,responsible_position,trigger_time,field_schema_json,review_note
candidate_record_template,record_form_templates,JL-4.1-01,公正性风险识别与处置记录,QMS候选记录模板,候选,draft,pending,generic_record_form,4.1、8.5,XZTC/CX-07-02-2022；XZTC/CX-07-2022；XZTC/CX-17-2022；XZTC/CX-18-2022；XZTC/CX-32-2022,,质量负责人,年度识别、岗位变化、客户关系变化、投诉或外部压力出现时,"[{""key"":""record_number"",""label"":""记录编号"",""type"":""text"",""required"":true,""note"":""候选模板通用字段，正式启用前需由文件管理员确认。""},{""key"":""record_name"",""label"":""记录名称"",""type"":""text"",""required"":true,""note"":""候选模板通用字段，正式启用前需由文件管理员确认。""},{""key"":""applicable_clause"",""label"":""适用条款"",""type"":""text"",""required"":true,""note"":""候选模板通用字段，正式启用前需由文件管理员确认。"",""default"":""4.1、8.5""},{""key"":""related_procedure"",""label"":""关联程序"",""type"":""text"",""required"":true,""note"":""候选模板通用字段，正式启用前需由文件管理员确认。"",""default"":""XZTC/CX-07-02-2022；XZTC/CX-07-2022；XZTC/CX-17-2022；XZTC/CX-18-2022；XZTC/CX-32-2022""},{""key"":""responsible_position"",""label"":""填写责任"",""type"":""text"",""required"":true,""note"":""候选模板通用字段，正式启用前需由文件管理员确认。"",""default"":""质量负责人""},{""key"":""trigger_time"",""label"":""形成时机"",""type"":""text"",""required"":true,""note"":""候选模板通用字段，正式启用前需由文件管理员确认。"",""default"":""年度识别、岗位变化、客户关系变化、投诉或外部压力出现时""},{""key"":""reviewer"",""label"":""复核/批准"",""type"":""text"",""required"":false,""note"":""候选模板通用字段，正式启用前需由文件管理员确认。""},{""key"":""storage_location"",""label"":""保存位置"",""type"":""text"",""required"":false,""note"":""候选模板通用字段，正式启用前需由文件管理员确认。""},{""key"":""retention_period"",""label"":""保存期限"",""type"":""text"",""required"":false,""note"":""候选模板通用字段，正式启用前需由文件管理员确认。""},{""key"":""confidentiality_level"",""label"":""保密等级"",""type"":""select"",""required"":false,""note"":""候选模板通用字段，正式启用前需由文件管理员确认。"",""options"":[""普通"",""内部"",""客户敏感"",""待确认""]},{""key"":""correction_rule"",""label"":""更正规则"",""type"":""text"",""required"":true,""note"":""候选模板通用字段，正式启用前需由文件管理员确认。""},{""key"":""specific_01_993a520f"",""label"":""风险来源"",""type"":""text"",""required"":true,""note"":""来自候选记录模板清单的关键字段，需与现用表单或试填结果复核。""},{""key"":""specific_02_e146c853"",""label"":""影响活动"",""type"":""text"",""required"":true,""note"":""来自候选记录模板清单的关键字段，需与现用表单或试填结果复核。""},{""key"":""specific_03_a90f1e55"",""label"":""风险等级"",""type"":""text"",""required"":true,""note"":""来自候选记录模板清单的关键字段，需与现用表单或试填结果复核。""},{""key"":""specific_04_569b1741"",""label"":""措施"",""type"":""text"",""required"":true,""note"":""来自候选记录模板清单的关键字段，需与现用表单或试填结果复核。""},{""key"":""specific_05_0fe0b81e"",""label"":""责任人"",""type"":""text"",""required"":true,""note"":""来自候选记录模板清单的关键字段，需与现用表单或试填结果复核。""},{""key"":""specific_06_9d33da6a"",""label"":""有效性评价"",""type"":""text"",""required"":true,""note"":""来自候选记录模板清单的关键字段，需与现用表单或试填结果复核。""}]",由第五版候选修订包生成；正式启用前需人工核实现用表单、保存期限和字段。
candidate_record_template,record_form_templates,JL-4.2-01,保密承诺与权限确认记录,QMS候选记录模板,候选,draft,pending,generic_record_form,4.2、8.4,XZTC/CX-06-2022；XZTC/CX-08-2022；XZTC/CX-19-2022；XZTC/CX-26-2022,,文件管理员/质量负责人,入职、授权、外部方接触资料前,"[{""key"":""record_number"",""label"":""记录编号"",""type"":""text"",""required"":true,""note"":""候选模板通用字段，正式启用前需由文件管理员确认。""},{""key"":""record_name"",""label"":""记录名称"",""type"":""text"",""required"":true,""note"":""候选模板通用字段，正式启用前需由文件管理员确认。""},{""key"":""applicable_clause"",""label"":""适用条款"",""type"":""text"",""required"":true,""note"":""候选模板通用字段，正式启用前需由文件管理员确认。"",""default"":""4.2、8.4""},{""key"":""related_procedure"",""label"":""关联程序"",""type"":""text"",""required"":true,""note"":""候选模板通用字段，正式启用前需由文件管理员确认。"",""default"":""XZTC/CX-06-2022；XZTC/CX-08-2022；XZTC/CX-19-2022；XZTC/CX-26-2022""},{""key"":""responsible_position"",""label"":""填写责任"",""type"":""text"",""required"":true,""note"":""候选模板通用字段，正式启用前需由文件管理员确认。"",""default"":""文件管理员/质量负责人""},{""key"":""trigger_time"",""label"":""形成时机"",""type"":""text"",""required"":true,""note"":""候选模板通用字段，正式启用前需由文件管理员确认。"",""default"":""入职、授权、外部方接触资料前""},{""key"":""reviewer"",""label"":""复核/批准"",""type"":""text"",""required"":false,""note"":""候选模板通用字段，正式启用前需由文件管理员确认。""},{""key"":""storage_location"",""label"":""保存位置"",""type"":""text"",""required"":false,""note"":""候选模板通用字段，正式启用前需由文件管理员确认。""},{""key"":""retention_period"",""label"":""保存期限"",""type"":""text"",""required"":false,""note"":""候选模板通用字段，正式启用前需由文件管理员确认。""},{""key"":""confidentiality_level"",""label"":""保密等级"",""type"":""select"",""required"":false,""note"":""候选模板通用字段，正式启用前需由文件管理员确认。"",""options"":[""普通"",""内部"",""客户敏感"",""待确认""]},{""key"":""correction_rule"",""label"":""更正规则"",""type"":""text"",""required"":true,""note"":""候选模板通用字段，正式启用前需由文件管理员确认。""},{""key"":""specific_01_0c7bcce8"",""label"":""人员/外部方"",""type"":""text"",""required"":true,""note"":""来自候选记录模板清单的关键字段，需与现用表单或试填结果复核。""},{""key"":""specific_02_6b489143"",""label"":""接触范围"",""type"":""text"",""required"":true,""note"":""来自候选记录模板清单的关键字段，需与现用表单或试填结果复核。""},{""key"":""specific_03_2db5a111"",""label"":""承诺内容"",""type"":""text"",""required"":true,""note"":""来自候选记录模板清单的关键字段，需与现用表单或试填结果复核。""},{""key"":""specific_04_b11a0c75"",""label"":""权限边界"",""type"":""text"",""required"":true,""note"":""来自候选记录模板清单的关键字段，需与现用表单或试填结果复核。""},{""key"":""specific_05_a3c5c19f"",""label"":""签署日期"",""type"":""text"",""required"":true,""note"":""来自候选记录模板清单的关键字段，需与现用表单或试填结果复核。""}]",由第五版候选修订包生成；正式启用前需人工核实现用表单、保存期限和字段。
candidate_record_template,record_form_templates,JL-5-01,岗位职责与授权确认表,QMS候选记录模板,候选,draft,pending,generic_record_form,5、6.2,XZTC/CX-01-02-2022；XZTC/CX-01-2022；XZTC/CX-13-2022；XZTC/CX-31-2022；XZTC/CX-32-2022,,最高管理者/技术负责人,岗位任命、授权或变更时,"[{""key"":""record_number"",""label"":""记录编号"",""type"":""text"",""required"":true,""note"":""候选模板通用字段，正式启用前需由文件管理员确认。""},{""key"":""record_name"",""label"":""记录名称"",""type"":""text"",""required"":true,""note"":""候选模板通用字段，正式启用前需由文件管理员确认。""},{""key"":""applicable_clause"",""label"":""适用条款"",""type"":""text"",""required"":true,""note"":""候选模板通用字段，正式启用前需由文件管理员确认。"",""default"":""5、6.2""},{""key"":""related_procedure"",""label"":""关联程序"",""type"":""text"",""required"":true,""note"":""候选模板通用字段，正式启用前需由文件管理员确认。"",""default"":""XZTC/CX-01-02-2022；XZTC/CX-01-2022；XZTC/CX-13-2022；XZTC/CX-31-2022；XZTC/CX-32-2022""},{""key"":""responsible_position"",""label"":""填写责任"",""type"":""text"",""required"":true,""note"":""候选模板通用字段，正式启用前需由文件管理员确认。"",""default"":""最高管理者/技术负责人""},{""key"":""trigger_time"",""label"":""形成时机"",""type"":""text"",""required"":true,""note"":""候选模板通用字段，正式启用前需由文件管理员确认。"",""default"":""岗位任命、授权或变更时""},{""key"":""reviewer"",""label"":""复核/批准"",""type"":""text"",""required"":false,""note"":""候选模板通用字段，正式启用前需由文件管理员确认。""},{""key"":""storage_location"",""label"":""保存位置"",""type"":""text"",""required"":false,""note"":""候选模板通用字段，正式启用前需由文件管理员确认。""},{""key"":""retention_period"",""label"":""保存期限"",""type"":""text"",""required"":false,""note"":""候选模板通用字段，正式启用前需由文件管理员确认。""},{""key"":""confidentiality_level"",""label"":""保密等级"",""type"":""select"",""required"":false,""note"":""候选模板通用字段，正式启用前需由文件管理员确认。"",""options"":[""普通"",""内部"",""客户敏感"",""待确认""]},{""key"":""correction_rule"",""label"":""更正规则"",""type"":""text"",""required"":true,""note"":""候选模板通用字段，正式启用前需由文件管理员确认。""},{""key"":""specific_01_f0f3e908"",""label"":""岗位"",""type"":""text"",""required"":true,""note"":""来自候选记录模板清单的关键字段，需与现用表单或试填结果复核。""},{""key"":""specific_02_db181821"",""label"":""职责"",""type"":""text"",""required"":true,""note"":""来自候选记录模板清单的关键字段，需与现用表单或试填结果复核。""},{""key"":""specific_03_560165a6"",""label"":""权限"",""type"":""text"",""required"":true,""note"":""来自候选记录模板清单的关键字段，需与现用表单或试填结果复核。""},{""key"":""specific_04_e2b87c04"",""label"":""替代人"",""type"":""text"",""required"":true,""note"":""来自候选记录模板清单的关键字段，需与现用表单或试填结果复核。""},{""key"":""specific_05_00e778c5"",""label"":""授权范围"",""type"":""text"",""required"":true,""note"":""来自候选记录模板清单的关键字段，需与现用表单或试填结果复核。""},{""key"":""specific_06_d642f8ef"",""label"":""生效日期"",""type"":""text"",""required"":true,""note"":""来自候选记录模板清单的关键字段，需与现用表单或试填结果复核。""}]",由第五版候选修订包生成；正式启用前需人工核实现用表单、保存期限和字段。
candidate_record_template,record_form_templates,JL-6.2-01,人员能力确认与授权记录,QMS候选记录模板,候选,draft,pending,generic_record_form,6.2,XZTC/CX-01-02-2022；XZTC/CX-01-2022；XZTC/CX-31-2022,,技术负责人,上岗、扩项、复授权时,"[{""key"":""record_number"",""label"":""记录编号"",""type"":""text"",""required"":true,""note"":""候选模板通用字段，正式启用前需由文件管理员确认。""},{""key"":""record_name"",""label"":""记录名称"",""type"":""text"",""required"":true,""note"":""候选模板通用字段，正式启用前需由文件管理员确认。""},{""key"":""applicable_clause"",""label"":""适用条款"",""type"":""text"",""required"":true,""note"":""候选模板通用字段，正式启用前需由文件管理员确认。"",""default"":""6.2""},{""key"":""related_procedure"",""label"":""关联程序"",""type"":""text"",""required"":true,""note"":""候选模板通用字段，正式启用前需由文件管理员确认。"",""default"":""XZTC/CX-01-02-2022；XZTC/CX-01-2022；XZTC/CX-31-2022""},{""key"":""responsible_position"",""label"":""填写责任"",""type"":""text"",""required"":true,""note"":""候选模板通用字段，正式启用前需由文件管理员确认。"",""default"":""技术负责人""},{""key"":""trigger_time"",""label"":""形成时机"",""type"":""text"",""required"":true,""note"":""候选模板通用字段，正式启用前需由文件管理员确认。"",""default"":""上岗、扩项、复授权时""},{""key"":""reviewer"",""label"":""复核/批准"",""type"":""text"",""required"":false,""note"":""候选模板通用字段，正式启用前需由文件管理员确认。""},{""key"":""storage_location"",""label"":""保存位置"",""type"":""text"",""required"":false,""note"":""候选模板通用字段，正式启用前需由文件管理员确认。""},{""key"":""retention_period"",""label"":""保存期限"",""type"":""text"",""required"":false,""note"":""候选模板通用字段，正式启用前需由文件管理员确认。""},{""key"":""confidentiality_level"",""label"":""保密等级"",""type"":""select"",""required"":false,""note"":""候选模板通用字段，正式启用前需由文件管理员确认。"",""options"":[""普通"",""内部"",""客户敏感"",""待确认""]},{""key"":""correction_rule"",""label"":""更正规则"",""type"":""text"",""required"":true,""note"":""候选模板通用字段，正式启用前需由文件管理员确认。""},{""key"":""specific_01_d89b0e09"",""label"":""岗位能力要求"",""type"":""text"",""required"":true,""note"":""来自候选记录模板清单的关键字段，需与现用表单或试填结果复核。""},{""key"":""specific_02_4640b537"",""label"":""培训"",""type"":""text"",""required"":true,""note"":""来自候选记录模板清单的关键字段，需与现用表单或试填结果复核。""},{""key"":""specific_03_d0421e5d"",""label"":""考核"",""type"":""text"",""required"":true,""note"":""来自候选记录模板清单的关键字段，需与现用表单或试填结果复核。""},{""key"":""specific_04_d4408364"",""label"":""监督"",""type"":""text"",""required"":true,""note"":""来自候选记录模板清单的关键字段，需与现用表单或试填结果复核。""},{""key"":""specific_05_58f06331"",""label"":""授权活动"",""type"":""text"",""required"":true,""note"":""来自候选记录模板清单的关键字段，需与现用表单或试填结果复核。""},{""key"":""specific_06_222460c0"",""label"":""有效期"",""type"":""text"",""required"":true,""note"":""来自候选记录模板清单的关键字段，需与现用表单或试填结果复核。""}]",由第五版候选修订包生成；正式启用前需人工核实现用表单、保存期限和字段。
candidate_record_template,record_form_templates,JL-6.3-01,环境条件监控与异常处置记录,QMS候选记录模板,候选,draft,pending,generic_record_form,6.3,XZTC/CX-02-2022；XZTC/CX-31-2022；XZTC/CX-33-2022,,检测人员/监督员,每日/每班/方法要求频次及异常时,"[{""key"":""record_number"",""label"":""记录编号"",""type"":""text"",""required"":true,""note"":""候选模板通用字段，正式启用前需由文件管理员确认。""},{""key"":""record_name"",""label"":""记录名称"",""type"":""text"",""required"":true,""note"":""候选模板通用字段，正式启用前需由文件管理员确认。""},{""key"":""applicable_clause"",""label"":""适用条款"",""type"":""text"",""required"":true,""note"":""候选模板通用字段，正式启用前需由文件管理员确认。"",""default"":""6.3""},{""key"":""related_procedure"",""label"":""关联程序"",""type"":""text"",""required"":true,""note"":""候选模板通用字段，正式启用前需由文件管理员确认。"",""default"":""XZTC/CX-02-2022；XZTC/CX-31-2022；XZTC/CX-33-2022""},{""key"":""responsible_position"",""label"":""填写责任"",""type"":""text"",""required"":true,""note"":""候选模板通用字段，正式启用前需由文件管理员确认。"",""default"":""检测人员/监督员""},{""key"":""trigger_time"",""label"":""形成时机"",""type"":""text"",""required"":true,""note"":""候选模板通用字段，正式启用前需由文件管理员确认。"",""default"":""每日/每班/方法要求频次及异常时""},{""key"":""reviewer"",""label"":""复核/批准"",""type"":""text"",""required"":false,""note"":""候选模板通用字段，正式启用前需由文件管理员确认。""},{""key"":""storage_location"",""label"":""保存位置"",""type"":""text"",""required"":false,""note"":""候选模板通用字段，正式启用前需由文件管理员确认。""},{""key"":""retention_period"",""label"":""保存期限"",""type"":""text"",""required"":false,""note"":""候选模板通用字段，正式启用前需由文件管理员确认。""},{""key"":""confidentiality_level"",""label"":""保密等级"",""type"":""select"",""required"":false,""note"":""候选模板通用字段，正式启用前需由文件管理员确认。"",""options"":[""普通"",""内部"",""客户敏感"",""待确认""]},{""key"":""correction_rule"",""label"":""更正规则"",""type"":""text"",""required"":true,""note"":""候选模板通用字段，正式启用前需由文件管理员确认。""},{""key"":""specific_01_17fc93c9"",""label"":""区域"",""type"":""text"",""required"":true,""note"":""来自候选记录模板清单的关键字段，需与现用表单或试填结果复核。""},{""key"":""specific_02_72f1cf75"",""label"":""条件"",""type"":""text"",""required"":true,""note"":""来自候选记录模板清单的关键字段，需与现用表单或试填结果复核。""},{""key"":""specific_03_7b4579f0"",""label"":""限值"",""type"":""text"",""required"":true,""note"":""来自候选记录模板清单的关键字段，需与现用表单或试填结果复核。""},{""key"":""specific_04_27352490"",""label"":""实测值"",""type"":""text"",""required"":true,""note"":""来自候选记录模板清单的关键字段，需与现用表单或试填结果复核。""},{""key"":""specific_05_5caf2793"",""label"":""异常"",""type"":""text"",""required"":true,""note"":""来自候选记录模板清单的关键字段，需与现用表单或试填结果复核。""},{""key"":""specific_06_4f136db2"",""label"":""处置"",""type"":""text"",""required"":true,""note"":""来自候选记录模板清单的关键字段，需与现用表单或试填结果复核。""},{""key"":""specific_07_b38c92c3"",""label"":""复核"",""type"":""text"",""required"":true,""note"":""来自候选记录模板清单的关键字段，需与现用表单或试填结果复核。""}]",由第五版候选修订包生成；正式启用前需人工核实现用表单、保存期限和字段。
candidate_record_template,record_form_templates,JL-6.4-01,设备状态与期间核查记录,QMS候选记录模板,候选,draft,pending,generic_record_form,6.4、7.7,XZTC/CX-03-02-2022；XZTC/CX-03-2022；XZTC/CX-04-2022；XZTC/CX-15-2022；XZTC/CX-16-2022；XZTC/CX-30-2022；XZTC/CX-34-2022,XZTC/CX-05-02-2022,设备管理员,设备使用前、期间核查、异常恢复时,"[{""key"":""record_number"",""label"":""记录编号"",""type"":""text"",""required"":true,""note"":""候选模板通用字段，正式启用前需由文件管理员确认。""},{""key"":""record_name"",""label"":""记录名称"",""type"":""text"",""required"":true,""note"":""候选模板通用字段，正式启用前需由文件管理员确认。""},{""key"":""applicable_clause"",""label"":""适用条款"",""type"":""text"",""required"":true,""note"":""候选模板通用字段，正式启用前需由文件管理员确认。"",""default"":""6.4、7.7""},{""key"":""related_procedure"",""label"":""关联程序"",""type"":""text"",""required"":true,""note"":""候选模板通用字段，正式启用前需由文件管理员确认。"",""default"":""XZTC/CX-03-02-2022；XZTC/CX-03-2022；XZTC/CX-04-2022；XZTC/CX-15-2022；XZTC/CX-16-2022；XZTC/CX-30-2022；XZTC/CX-34-2022""},{""key"":""responsible_position"",""label"":""填写责任"",""type"":""text"",""required"":true,""note"":""候选模板通用字段，正式启用前需由文件管理员确认。"",""default"":""设备管理员""},{""key"":""trigger_time"",""label"":""形成时机"",""type"":""text"",""required"":true,""note"":""候选模板通用字段，正式启用前需由文件管理员确认。"",""default"":""设备使用前、期间核查、异常恢复时""},{""key"":""reviewer"",""label"":""复核/批准"",""type"":""text"",""required"":false,""note"":""候选模板通用字段，正式启用前需由文件管理员确认。""},{""key"":""storage_location"",""label"":""保存位置"",""type"":""text"",""required"":false,""note"":""候选模板通用字段，正式启用前需由文件管理员确认。""},{""key"":""retention_period"",""label"":""保存期限"",""type"":""text"",""required"":false,""note"":""候选模板通用字段，正式启用前需由文件管理员确认。""},{""key"":""confidentiality_level"",""label"":""保密等级"",""type"":""select"",""required"":false,""note"":""候选模板通用字段，正式启用前需由文件管理员确认。"",""options"":[""普通"",""内部"",""客户敏感"",""待确认""]},{""key"":""correction_rule"",""label"":""更正规则"",""type"":""text"",""required"":true,""note"":""候选模板通用字段，正式启用前需由文件管理员确认。""},{""key"":""specific_01_fb8e101e"",""label"":""设备编号"",""type"":""text"",""required"":true,""note"":""来自候选记录模板清单的关键字段，需与现用表单或试填结果复核。""},{""key"":""specific_02_aeabd2f4"",""label"":""核查项目"",""type"":""text"",""required"":true,""note"":""来自候选记录模板清单的关键字段，需与现用表单或试填结果复核。""},{""key"":""specific_03_1a26633d"",""label"":""准则"",""type"":""text"",""required"":true,""note"":""来自候选记录模板清单的关键字段，需与现用表单或试填结果复核。""},{""key"":""specific_04_0a2c91ce"",""label"":""结果"",""type"":""text"",""required"":true,""note"":""来自候选记录模板清单的关键字段，需与现用表单或试填结果复核。""},{""key"":""specific_05_32b3f16d"",""label"":""结论"",""type"":""text"",""required"":true,""note"":""来自候选记录模板清单的关键字段，需与现用表单或试填结果复核。""},{""key"":""specific_06_4f136db2"",""label"":""处置"",""type"":""text"",""required"":true,""note"":""来自候选记录模板清单的关键字段，需与现用表单或试填结果复核。""}]",由第五版候选修订包生成；正式启用前需人工核实现用表单、保存期限和字段。 关联编号附件/表单需人工确认归属：XZTC/CX-05-02-2022。
candidate_record_template,record_form_templates,JL-6.5-01,计量溯源结果确认记录,QMS候选记录模板,候选,draft,pending,generic_record_form,6.5,XZTC/CX-03-02-2022；XZTC/CX-05-2022,XZTC/CX-05-02-2022,设备管理员/技术负责人,校准/检定证书接收后,"[{""key"":""record_number"",""label"":""记录编号"",""type"":""text"",""required"":true,""note"":""候选模板通用字段，正式启用前需由文件管理员确认。""},{""key"":""record_name"",""label"":""记录名称"",""type"":""text"",""required"":true,""note"":""候选模板通用字段，正式启用前需由文件管理员确认。""},{""key"":""applicable_clause"",""label"":""适用条款"",""type"":""text"",""required"":true,""note"":""候选模板通用字段，正式启用前需由文件管理员确认。"",""default"":""6.5""},{""key"":""related_procedure"",""label"":""关联程序"",""type"":""text"",""required"":true,""note"":""候选模板通用字段，正式启用前需由文件管理员确认。"",""default"":""XZTC/CX-03-02-2022；XZTC/CX-05-2022""},{""key"":""responsible_position"",""label"":""填写责任"",""type"":""text"",""required"":true,""note"":""候选模板通用字段，正式启用前需由文件管理员确认。"",""default"":""设备管理员/技术负责人""},{""key"":""trigger_time"",""label"":""形成时机"",""type"":""text"",""required"":true,""note"":""候选模板通用字段，正式启用前需由文件管理员确认。"",""default"":""校准/检定证书接收后""},{""key"":""reviewer"",""label"":""复核/批准"",""type"":""text"",""required"":false,""note"":""候选模板通用字段，正式启用前需由文件管理员确认。""},{""key"":""storage_location"",""label"":""保存位置"",""type"":""text"",""required"":false,""note"":""候选模板通用字段，正式启用前需由文件管理员确认。""},{""key"":""retention_period"",""label"":""保存期限"",""type"":""text"",""required"":false,""note"":""候选模板通用字段，正式启用前需由文件管理员确认。""},{""key"":""confidentiality_level"",""label"":""保密等级"",""type"":""select"",""required"":false,""note"":""候选模板通用字段，正式启用前需由文件管理员确认。"",""options"":[""普通"",""内部"",""客户敏感"",""待确认""]},{""key"":""correction_rule"",""label"":""更正规则"",""type"":""text"",""required"":true,""note"":""候选模板通用字段，正式启用前需由文件管理员确认。""},{""key"":""specific_01_cbdf9846"",""label"":""证书编号"",""type"":""text"",""required"":true,""note"":""来自候选记录模板清单的关键字段，需与现用表单或试填结果复核。""},{""key"":""specific_02_870b7e1d"",""label"":""校准范围"",""type"":""text"",""required"":true,""note"":""来自候选记录模板清单的关键字段，需与现用表单或试填结果复核。""},{""key"":""specific_03_91c08f5d"",""label"":""不确定度"",""type"":""text"",""required"":true,""note"":""来自候选记录模板清单的关键字段，需与现用表单或试填结果复核。""},{""key"":""specific_04_52450362"",""label"":""符合性"",""type"":""text"",""required"":true,""note"":""来自候选记录模板清单的关键字段，需与现用表单或试填结果复核。""},{""key"":""specific_05_8fb8cac3"",""label"":""使用限制"",""type"":""text"",""required"":true,""note"":""来自候选记录模板清单的关键字段，需与现用表单或试填结果复核。""}]",由第五版候选修订包生成；正式启用前需人工核实现用表单、保存期限和字段。 关联编号附件/表单需人工确认归属：XZTC/CX-05-02-2022。
candidate_record_template,record_form_templates,JL-6.6-01,外部服务与供应品评价记录,QMS候选记录模板,候选,draft,pending,generic_record_form,6.6,XZTC/CX-11-2022；XZTC/CX-19-2022；XZTC/CX-32-2022,,采购/质量负责人,供方准入、采购验收、再评价时,"[{""key"":""record_number"",""label"":""记录编号"",""type"":""text"",""required"":true,""note"":""候选模板通用字段，正式启用前需由文件管理员确认。""},{""key"":""record_name"",""label"":""记录名称"",""type"":""text"",""required"":true,""note"":""候选模板通用字段，正式启用前需由文件管理员确认。""},{""key"":""applicable_clause"",""label"":""适用条款"",""type"":""text"",""required"":true,""note"":""候选模板通用字段，正式启用前需由文件管理员确认。"",""default"":""6.6""},{""key"":""related_procedure"",""label"":""关联程序"",""type"":""text"",""required"":true,""note"":""候选模板通用字段，正式启用前需由文件管理员确认。"",""default"":""XZTC/CX-11-2022；XZTC/CX-19-2022；XZTC/CX-32-2022""},{""key"":""responsible_position"",""label"":""填写责任"",""type"":""text"",""required"":true,""note"":""候选模板通用字段，正式启用前需由文件管理员确认。"",""default"":""采购/质量负责人""},{""key"":""trigger_time"",""label"":""形成时机"",""type"":""text"",""required"":true,""note"":""候选模板通用字段，正式启用前需由文件管理员确认。"",""default"":""供方准入、采购验收、再评价时""},{""key"":""reviewer"",""label"":""复核/批准"",""type"":""text"",""required"":false,""note"":""候选模板通用字段，正式启用前需由文件管理员确认。""},{""key"":""storage_location"",""label"":""保存位置"",""type"":""text"",""required"":false,""note"":""候选模板通用字段，正式启用前需由文件管理员确认。""},{""key"":""retention_period"",""label"":""保存期限"",""type"":""text"",""required"":false,""note"":""候选模板通用字段，正式启用前需由文件管理员确认。""},{""key"":""confidentiality_level"",""label"":""保密等级"",""type"":""select"",""required"":false,""note"":""候选模板通用字段，正式启用前需由文件管理员确认。"",""options"":[""普通"",""内部"",""客户敏感"",""待确认""]},{""key"":""correction_rule"",""label"":""更正规则"",""type"":""text"",""required"":true,""note"":""候选模板通用字段，正式启用前需由文件管理员确认。""},{""key"":""specific_01_51090bea"",""label"":""供方"",""type"":""text"",""required"":true,""note"":""来自候选记录模板清单的关键字段，需与现用表单或试填结果复核。""},{""key"":""specific_02_eb3ee63b"",""label"":""产品/服务"",""type"":""text"",""required"":true,""note"":""来自候选记录模板清单的关键字段，需与现用表单或试填结果复核。""},{""key"":""specific_03_a0c3ad05"",""label"":""要求"",""type"":""text"",""required"":true,""note"":""来自候选记录模板清单的关键字段，需与现用表单或试填结果复核。""},{""key"":""specific_04_105210c4"",""label"":""评价结果"",""type"":""text"",""required"":true,""note"":""来自候选记录模板清单的关键字段，需与现用表单或试填结果复核。""},{""key"":""specific_05_b8cb3aab"",""label"":""批准状态"",""type"":""text"",""required"":true,""note"":""来自候选记录模板清单的关键字段，需与现用表单或试填结果复核。""}]",由第五版候选修订包生成；正式启用前需人工核实现用表单、保存期限和字段。
candidate_record_template,record_form_templates,JL-7.1-01,合同评审记录,QMS候选记录模板,候选,draft,pending,generic_record_form,7.1,XZTC/CX-08-2022；XZTC/CX-09-2022；XZTC/CX-12-2022,,业务受理/技术负责人,接受检测任务前及合同变更时,"[{""key"":""record_number"",""label"":""记录编号"",""type"":""text"",""required"":true,""note"":""候选模板通用字段，正式启用前需由文件管理员确认。""},{""key"":""record_name"",""label"":""记录名称"",""type"":""text"",""required"":true,""note"":""候选模板通用字段，正式启用前需由文件管理员确认。""},{""key"":""applicable_clause"",""label"":""适用条款"",""type"":""text"",""required"":true,""note"":""候选模板通用字段，正式启用前需由文件管理员确认。"",""default"":""7.1""},{""key"":""related_procedure"",""label"":""关联程序"",""type"":""text"",""required"":true,""note"":""候选模板通用字段，正式启用前需由文件管理员确认。"",""default"":""XZTC/CX-08-2022；XZTC/CX-09-2022；XZTC/CX-12-2022""},{""key"":""responsible_position"",""label"":""填写责任"",""type"":""text"",""required"":true,""note"":""候选模板通用字段，正式启用前需由文件管理员确认。"",""default"":""业务受理/技术负责人""},{""key"":""trigger_time"",""label"":""形成时机"",""type"":""text"",""required"":true,""note"":""候选模板通用字段，正式启用前需由文件管理员确认。"",""default"":""接受检测任务前及合同变更时""},{""key"":""reviewer"",""label"":""复核/批准"",""type"":""text"",""required"":false,""note"":""候选模板通用字段，正式启用前需由文件管理员确认。""},{""key"":""storage_location"",""label"":""保存位置"",""type"":""text"",""required"":false,""note"":""候选模板通用字段，正式启用前需由文件管理员确认。""},{""key"":""retention_period"",""label"":""保存期限"",""type"":""text"",""required"":false,""note"":""候选模板通用字段，正式启用前需由文件管理员确认。""},{""key"":""confidentiality_level"",""label"":""保密等级"",""type"":""select"",""required"":false,""note"":""候选模板通用字段，正式启用前需由文件管理员确认。"",""options"":[""普通"",""内部"",""客户敏感"",""待确认""]},{""key"":""correction_rule"",""label"":""更正规则"",""type"":""text"",""required"":true,""note"":""候选模板通用字段，正式启用前需由文件管理员确认。""},{""key"":""specific_01_93df5d13"",""label"":""客户要求"",""type"":""text"",""required"":true,""note"":""来自候选记录模板清单的关键字段，需与现用表单或试填结果复核。""},{""key"":""specific_02_b77e2ac8"",""label"":""方法"",""type"":""text"",""required"":true,""note"":""来自候选记录模板清单的关键字段，需与现用表单或试填结果复核。""},{""key"":""specific_03_eb9d53ce"",""label"":""能力"",""type"":""text"",""required"":true,""note"":""来自候选记录模板清单的关键字段，需与现用表单或试填结果复核。""},{""key"":""specific_04_c5ca3950"",""label"":""资源"",""type"":""text"",""required"":true,""note"":""来自候选记录模板清单的关键字段，需与现用表单或试填结果复核。""},{""key"":""specific_05_6a0b5360"",""label"":""时限"",""type"":""text"",""required"":true,""note"":""来自候选记录模板清单的关键字段，需与现用表单或试填结果复核。""},{""key"":""specific_06_8825db7b"",""label"":""符合性声明"",""type"":""text"",""required"":true,""note"":""来自候选记录模板清单的关键字段，需与现用表单或试填结果复核。""},{""key"":""specific_07_82bf9384"",""label"":""变更"",""type"":""text"",""required"":true,""note"":""来自候选记录模板清单的关键字段，需与现用表单或试填结果复核。""}]",由第五版候选修订包生成；正式启用前需人工核实现用表单、保存期限和字段。
candidate_record_template,record_form_templates,JL-7.2-01,方法验证/确认记录,QMS候选记录模板,候选,draft,pending,generic_record_form,7.2,XZTC/CX-22-2022；XZTC/CX-23-2022；XZTC/CX-24-2022；XZTC/CX-27-2022,,技术负责人,方法投入使用、变更或扩项前,"[{""key"":""record_number"",""label"":""记录编号"",""type"":""text"",""required"":true,""note"":""候选模板通用字段，正式启用前需由文件管理员确认。""},{""key"":""record_name"",""label"":""记录名称"",""type"":""text"",""required"":true,""note"":""候选模板通用字段，正式启用前需由文件管理员确认。""},{""key"":""applicable_clause"",""label"":""适用条款"",""type"":""text"",""required"":true,""note"":""候选模板通用字段，正式启用前需由文件管理员确认。"",""default"":""7.2""},{""key"":""related_procedure"",""label"":""关联程序"",""type"":""text"",""required"":true,""note"":""候选模板通用字段，正式启用前需由文件管理员确认。"",""default"":""XZTC/CX-22-2022；XZTC/CX-23-2022；XZTC/CX-24-2022；XZTC/CX-27-2022""},{""key"":""responsible_position"",""label"":""填写责任"",""type"":""text"",""required"":true,""note"":""候选模板通用字段，正式启用前需由文件管理员确认。"",""default"":""技术负责人""},{""key"":""trigger_time"",""label"":""形成时机"",""type"":""text"",""required"":true,""note"":""候选模板通用字段，正式启用前需由文件管理员确认。"",""default"":""方法投入使用、变更或扩项前""},{""key"":""reviewer"",""label"":""复核/批准"",""type"":""text"",""required"":false,""note"":""候选模板通用字段，正式启用前需由文件管理员确认。""},{""key"":""storage_location"",""label"":""保存位置"",""type"":""text"",""required"":false,""note"":""候选模板通用字段，正式启用前需由文件管理员确认。""},{""key"":""retention_period"",""label"":""保存期限"",""type"":""text"",""required"":false,""note"":""候选模板通用字段，正式启用前需由文件管理员确认。""},{""key"":""confidentiality_level"",""label"":""保密等级"",""type"":""select"",""required"":false,""note"":""候选模板通用字段，正式启用前需由文件管理员确认。"",""options"":[""普通"",""内部"",""客户敏感"",""待确认""]},{""key"":""correction_rule"",""label"":""更正规则"",""type"":""text"",""required"":true,""note"":""候选模板通用字段，正式启用前需由文件管理员确认。""},{""key"":""specific_01_b77e2ac8"",""label"":""方法"",""type"":""text"",""required"":true,""note"":""来自候选记录模板清单的关键字段，需与现用表单或试填结果复核。""},{""key"":""specific_02_baabf9e0"",""label"":""适用范围"",""type"":""text"",""required"":true,""note"":""来自候选记录模板清单的关键字段，需与现用表单或试填结果复核。""},{""key"":""specific_03_2662cbff"",""label"":""验证项目"",""type"":""text"",""required"":true,""note"":""来自候选记录模板清单的关键字段，需与现用表单或试填结果复核。""},{""key"":""specific_04_0a2c91ce"",""label"":""结果"",""type"":""text"",""required"":true,""note"":""来自候选记录模板清单的关键字段，需与现用表单或试填结果复核。""},{""key"":""specific_05_32b3f16d"",""label"":""结论"",""type"":""text"",""required"":true,""note"":""来自候选记录模板清单的关键字段，需与现用表单或试填结果复核。""},{""key"":""specific_06_62e26d21"",""label"":""批准"",""type"":""text"",""required"":true,""note"":""来自候选记录模板清单的关键字段，需与现用表单或试填结果复核。""}]",由第五版候选修订包生成；正式启用前需人工核实现用表单、保存期限和字段。
candidate_record_template,record_form_templates,JL-7.3-01,抽样条件启用评审记录,QMS候选记录模板,候选,draft,pending,generic_record_form,7.3,XZTC/CX-09-2022；XZTC/CX-28-2022；XZTC/CX-35-2022,,技术负责人/业务受理,合同或标准要求公司承担抽样时,"[{""key"":""record_number"",""label"":""记录编号"",""type"":""text"",""required"":true,""note"":""候选模板通用字段，正式启用前需由文件管理员确认。""},{""key"":""record_name"",""label"":""记录名称"",""type"":""text"",""required"":true,""note"":""候选模板通用字段，正式启用前需由文件管理员确认。""},{""key"":""applicable_clause"",""label"":""适用条款"",""type"":""text"",""required"":true,""note"":""候选模板通用字段，正式启用前需由文件管理员确认。"",""default"":""7.3""},{""key"":""related_procedure"",""label"":""关联程序"",""type"":""text"",""required"":true,""note"":""候选模板通用字段，正式启用前需由文件管理员确认。"",""default"":""XZTC/CX-09-2022；XZTC/CX-28-2022；XZTC/CX-35-2022""},{""key"":""responsible_position"",""label"":""填写责任"",""type"":""text"",""required"":true,""note"":""候选模板通用字段，正式启用前需由文件管理员确认。"",""default"":""技术负责人/业务受理""},{""key"":""trigger_time"",""label"":""形成时机"",""type"":""text"",""required"":true,""note"":""候选模板通用字段，正式启用前需由文件管理员确认。"",""default"":""合同或标准要求公司承担抽样时""},{""key"":""reviewer"",""label"":""复核/批准"",""type"":""text"",""required"":false,""note"":""候选模板通用字段，正式启用前需由文件管理员确认。""},{""key"":""storage_location"",""label"":""保存位置"",""type"":""text"",""required"":false,""note"":""候选模板通用字段，正式启用前需由文件管理员确认。""},{""key"":""retention_period"",""label"":""保存期限"",""type"":""text"",""required"":false,""note"":""候选模板通用字段，正式启用前需由文件管理员确认。""},{""key"":""confidentiality_level"",""label"":""保密等级"",""type"":""select"",""required"":false,""note"":""候选模板通用字段，正式启用前需由文件管理员确认。"",""options"":[""普通"",""内部"",""客户敏感"",""待确认""]},{""key"":""correction_rule"",""label"":""更正规则"",""type"":""text"",""required"":true,""note"":""候选模板通用字段，正式启用前需由文件管理员确认。""},{""key"":""specific_01_7735cc3c"",""label"":""启用原因"",""type"":""text"",""required"":true,""note"":""来自候选记录模板清单的关键字段，需与现用表单或试填结果复核。""},{""key"":""specific_02_c27532f6"",""label"":""抽样方案"",""type"":""text"",""required"":true,""note"":""来自候选记录模板清单的关键字段，需与现用表单或试填结果复核。""},{""key"":""specific_03_6c621daa"",""label"":""人员"",""type"":""text"",""required"":true,""note"":""来自候选记录模板清单的关键字段，需与现用表单或试填结果复核。""},{""key"":""specific_04_01f2c16c"",""label"":""设备"",""type"":""text"",""required"":true,""note"":""来自候选记录模板清单的关键字段，需与现用表单或试填结果复核。""},{""key"":""specific_05_65baf7de"",""label"":""偏离"",""type"":""text"",""required"":true,""note"":""来自候选记录模板清单的关键字段，需与现用表单或试填结果复核。""},{""key"":""specific_06_8e4fd489"",""label"":""报告声明"",""type"":""text"",""required"":true,""note"":""来自候选记录模板清单的关键字段，需与现用表单或试填结果复核。""}]",由第五版候选修订包生成；正式启用前需人工核实现用表单、保存期限和字段。
candidate_record_template,record_form_templates,JL-7.4-01,样品接收与异常处置记录,QMS候选记录模板,候选,draft,pending,generic_record_form,7.4,XZTC/CX-06-2022；XZTC/CX-25-2022；XZTC/CX-28-2022,,样品管理员,样品接收、流转、异常发现时,"[{""key"":""record_number"",""label"":""记录编号"",""type"":""text"",""required"":true,""note"":""候选模板通用字段，正式启用前需由文件管理员确认。""},{""key"":""record_name"",""label"":""记录名称"",""type"":""text"",""required"":true,""note"":""候选模板通用字段，正式启用前需由文件管理员确认。""},{""key"":""applicable_clause"",""label"":""适用条款"",""type"":""text"",""required"":true,""note"":""候选模板通用字段，正式启用前需由文件管理员确认。"",""default"":""7.4""},{""key"":""related_procedure"",""label"":""关联程序"",""type"":""text"",""required"":true,""note"":""候选模板通用字段，正式启用前需由文件管理员确认。"",""default"":""XZTC/CX-06-2022；XZTC/CX-25-2022；XZTC/CX-28-2022""},{""key"":""responsible_position"",""label"":""填写责任"",""type"":""text"",""required"":true,""note"":""候选模板通用字段，正式启用前需由文件管理员确认。"",""default"":""样品管理员""},{""key"":""trigger_time"",""label"":""形成时机"",""type"":""text"",""required"":true,""note"":""候选模板通用字段，正式启用前需由文件管理员确认。"",""default"":""样品接收、流转、异常发现时""},{""key"":""reviewer"",""label"":""复核/批准"",""type"":""text"",""required"":false,""note"":""候选模板通用字段，正式启用前需由文件管理员确认。""},{""key"":""storage_location"",""label"":""保存位置"",""type"":""text"",""required"":false,""note"":""候选模板通用字段，正式启用前需由文件管理员确认。""},{""key"":""retention_period"",""label"":""保存期限"",""type"":""text"",""required"":false,""note"":""候选模板通用字段，正式启用前需由文件管理员确认。""},{""key"":""confidentiality_level"",""label"":""保密等级"",""type"":""select"",""required"":false,""note"":""候选模板通用字段，正式启用前需由文件管理员确认。"",""options"":[""普通"",""内部"",""客户敏感"",""待确认""]},{""key"":""correction_rule"",""label"":""更正规则"",""type"":""text"",""required"":true,""note"":""候选模板通用字段，正式启用前需由文件管理员确认。""},{""key"":""specific_01_81ce6708"",""label"":""样品编号"",""type"":""text"",""required"":true,""note"":""来自候选记录模板清单的关键字段，需与现用表单或试填结果复核。""},{""key"":""specific_02_62e951a6"",""label"":""状态"",""type"":""text"",""required"":true,""note"":""来自候选记录模板清单的关键字段，需与现用表单或试填结果复核。""},{""key"":""specific_03_b9ae8931"",""label"":""数量"",""type"":""text"",""required"":true,""note"":""来自候选记录模板清单的关键字段，需与现用表单或试填结果复核。""},{""key"":""specific_04_5caf2793"",""label"":""异常"",""type"":""text"",""required"":true,""note"":""来自候选记录模板清单的关键字段，需与现用表单或试填结果复核。""},{""key"":""specific_05_01b544f5"",""label"":""客户沟通"",""type"":""text"",""required"":true,""note"":""来自候选记录模板清单的关键字段，需与现用表单或试填结果复核。""},{""key"":""specific_06_4f136db2"",""label"":""处置"",""type"":""text"",""required"":true,""note"":""来自候选记录模板清单的关键字段，需与现用表单或试填结果复核。""}]",由第五版候选修订包生成；正式启用前需人工核实现用表单、保存期限和字段。
candidate_record_template,record_form_templates,JL-7.5-01,技术记录更正记录,QMS候选记录模板,候选,draft,pending,generic_record_form,7.5、8.4,XZTC/CX-06-2022；XZTC/CX-19-2022；XZTC/CX-25-2022；XZTC/CX-26-2022,,原记录人员/复核人员,原始记录或电子记录需更正时,"[{""key"":""record_number"",""label"":""记录编号"",""type"":""text"",""required"":true,""note"":""候选模板通用字段，正式启用前需由文件管理员确认。""},{""key"":""record_name"",""label"":""记录名称"",""type"":""text"",""required"":true,""note"":""候选模板通用字段，正式启用前需由文件管理员确认。""},{""key"":""applicable_clause"",""label"":""适用条款"",""type"":""text"",""required"":true,""note"":""候选模板通用字段，正式启用前需由文件管理员确认。"",""default"":""7.5、8.4""},{""key"":""related_procedure"",""label"":""关联程序"",""type"":""text"",""required"":true,""note"":""候选模板通用字段，正式启用前需由文件管理员确认。"",""default"":""XZTC/CX-06-2022；XZTC/CX-19-2022；XZTC/CX-25-2022；XZTC/CX-26-2022""},{""key"":""responsible_position"",""label"":""填写责任"",""type"":""text"",""required"":true,""note"":""候选模板通用字段，正式启用前需由文件管理员确认。"",""default"":""原记录人员/复核人员""},{""key"":""trigger_time"",""label"":""形成时机"",""type"":""text"",""required"":true,""note"":""候选模板通用字段，正式启用前需由文件管理员确认。"",""default"":""原始记录或电子记录需更正时""},{""key"":""reviewer"",""label"":""复核/批准"",""type"":""text"",""required"":false,""note"":""候选模板通用字段，正式启用前需由文件管理员确认。""},{""key"":""storage_location"",""label"":""保存位置"",""type"":""text"",""required"":false,""note"":""候选模板通用字段，正式启用前需由文件管理员确认。""},{""key"":""retention_period"",""label"":""保存期限"",""type"":""text"",""required"":false,""note"":""候选模板通用字段，正式启用前需由文件管理员确认。""},{""key"":""confidentiality_level"",""label"":""保密等级"",""type"":""select"",""required"":false,""note"":""候选模板通用字段，正式启用前需由文件管理员确认。"",""options"":[""普通"",""内部"",""客户敏感"",""待确认""]},{""key"":""correction_rule"",""label"":""更正规则"",""type"":""text"",""required"":true,""note"":""候选模板通用字段，正式启用前需由文件管理员确认。""},{""key"":""specific_01_33be4b60"",""label"":""原内容"",""type"":""text"",""required"":true,""note"":""来自候选记录模板清单的关键字段，需与现用表单或试填结果复核。""},{""key"":""specific_02_9011eca0"",""label"":""更正内容"",""type"":""text"",""required"":true,""note"":""来自候选记录模板清单的关键字段，需与现用表单或试填结果复核。""},{""key"":""specific_03_1ff9c3d0"",""label"":""原因"",""type"":""text"",""required"":true,""note"":""来自候选记录模板清单的关键字段，需与现用表单或试填结果复核。""},{""key"":""specific_04_b6fed9af"",""label"":""日期"",""type"":""text"",""required"":true,""note"":""来自候选记录模板清单的关键字段，需与现用表单或试填结果复核。""},{""key"":""specific_05_0fe0b81e"",""label"":""责任人"",""type"":""text"",""required"":true,""note"":""来自候选记录模板清单的关键字段，需与现用表单或试填结果复核。""},{""key"":""specific_06_b38c92c3"",""label"":""复核"",""type"":""text"",""required"":true,""note"":""来自候选记录模板清单的关键字段，需与现用表单或试填结果复核。""}]",由第五版候选修订包生成；正式启用前需人工核实现用表单、保存期限和字段。
candidate_record_template,record_form_templates,JL-7.6-01,测量不确定度适用性评审记录,QMS候选记录模板,候选,draft,pending,generic_record_form,7.6、7.8,XZTC/CX-06-2022；XZTC/CX-22-2022；XZTC/CX-26-2022；XZTC/CX-27-2022；XZTC/CX-29-2022；XZTC/CX-30-2022,,技术负责人,方法确认、报告符合性声明或客户要求时,"[{""key"":""record_number"",""label"":""记录编号"",""type"":""text"",""required"":true,""note"":""候选模板通用字段，正式启用前需由文件管理员确认。""},{""key"":""record_name"",""label"":""记录名称"",""type"":""text"",""required"":true,""note"":""候选模板通用字段，正式启用前需由文件管理员确认。""},{""key"":""applicable_clause"",""label"":""适用条款"",""type"":""text"",""required"":true,""note"":""候选模板通用字段，正式启用前需由文件管理员确认。"",""default"":""7.6、7.8""},{""key"":""related_procedure"",""label"":""关联程序"",""type"":""text"",""required"":true,""note"":""候选模板通用字段，正式启用前需由文件管理员确认。"",""default"":""XZTC/CX-06-2022；XZTC/CX-22-2022；XZTC/CX-26-2022；XZTC/CX-27-2022；XZTC/CX-29-2022；XZTC/CX-30-2022""},{""key"":""responsible_position"",""label"":""填写责任"",""type"":""text"",""required"":true,""note"":""候选模板通用字段，正式启用前需由文件管理员确认。"",""default"":""技术负责人""},{""key"":""trigger_time"",""label"":""形成时机"",""type"":""text"",""required"":true,""note"":""候选模板通用字段，正式启用前需由文件管理员确认。"",""default"":""方法确认、报告符合性声明或客户要求时""},{""key"":""reviewer"",""label"":""复核/批准"",""type"":""text"",""required"":false,""note"":""候选模板通用字段，正式启用前需由文件管理员确认。""},{""key"":""storage_location"",""label"":""保存位置"",""type"":""text"",""required"":false,""note"":""候选模板通用字段，正式启用前需由文件管理员确认。""},{""key"":""retention_period"",""label"":""保存期限"",""type"":""text"",""required"":false,""note"":""候选模板通用字段，正式启用前需由文件管理员确认。""},{""key"":""confidentiality_level"",""label"":""保密等级"",""type"":""select"",""required"":false,""note"":""候选模板通用字段，正式启用前需由文件管理员确认。"",""options"":[""普通"",""内部"",""客户敏感"",""待确认""]},{""key"":""correction_rule"",""label"":""更正规则"",""type"":""text"",""required"":true,""note"":""候选模板通用字段，正式启用前需由文件管理员确认。""},{""key"":""specific_01_c76229f9"",""label"":""结果类型"",""type"":""text"",""required"":true,""note"":""来自候选记录模板清单的关键字段，需与现用表单或试填结果复核。""},{""key"":""specific_02_5a08e027"",""label"":""贡献来源"",""type"":""text"",""required"":true,""note"":""来自候选记录模板清单的关键字段，需与现用表单或试填结果复核。""},{""key"":""specific_03_7d319b55"",""label"":""评定方法"",""type"":""text"",""required"":true,""note"":""来自候选记录模板清单的关键字段，需与现用表单或试填结果复核。""},{""key"":""specific_04_b7d38014"",""label"":""适用边界"",""type"":""text"",""required"":true,""note"":""来自候选记录模板清单的关键字段，需与现用表单或试填结果复核。""},{""key"":""specific_05_76fcd9cd"",""label"":""报告要求"",""type"":""text"",""required"":true,""note"":""来自候选记录模板清单的关键字段，需与现用表单或试填结果复核。""}]",由第五版候选修订包生成；正式启用前需人工核实现用表单、保存期限和字段。
candidate_record_template,record_form_templates,JL-7.7-01,结果有效性监控计划与评价记录,QMS候选记录模板,候选,draft,pending,generic_record_form,7.7,XZTC/CX-15-2022；XZTC/CX-16-2022；XZTC/CX-30-2022；XZTC/CX-34-2022,,技术负责人/质量负责人,年度策划、质控活动后,"[{""key"":""record_number"",""label"":""记录编号"",""type"":""text"",""required"":true,""note"":""候选模板通用字段，正式启用前需由文件管理员确认。""},{""key"":""record_name"",""label"":""记录名称"",""type"":""text"",""required"":true,""note"":""候选模板通用字段，正式启用前需由文件管理员确认。""},{""key"":""applicable_clause"",""label"":""适用条款"",""type"":""text"",""required"":true,""note"":""候选模板通用字段，正式启用前需由文件管理员确认。"",""default"":""7.7""},{""key"":""related_procedure"",""label"":""关联程序"",""type"":""text"",""required"":true,""note"":""候选模板通用字段，正式启用前需由文件管理员确认。"",""default"":""XZTC/CX-15-2022；XZTC/CX-16-2022；XZTC/CX-30-2022；XZTC/CX-34-2022""},{""key"":""responsible_position"",""label"":""填写责任"",""type"":""text"",""required"":true,""note"":""候选模板通用字段，正式启用前需由文件管理员确认。"",""default"":""技术负责人/质量负责人""},{""key"":""trigger_time"",""label"":""形成时机"",""type"":""text"",""required"":true,""note"":""候选模板通用字段，正式启用前需由文件管理员确认。"",""default"":""年度策划、质控活动后""},{""key"":""reviewer"",""label"":""复核/批准"",""type"":""text"",""required"":false,""note"":""候选模板通用字段，正式启用前需由文件管理员确认。""},{""key"":""storage_location"",""label"":""保存位置"",""type"":""text"",""required"":false,""note"":""候选模板通用字段，正式启用前需由文件管理员确认。""},{""key"":""retention_period"",""label"":""保存期限"",""type"":""text"",""required"":false,""note"":""候选模板通用字段，正式启用前需由文件管理员确认。""},{""key"":""confidentiality_level"",""label"":""保密等级"",""type"":""select"",""required"":false,""note"":""候选模板通用字段，正式启用前需由文件管理员确认。"",""options"":[""普通"",""内部"",""客户敏感"",""待确认""]},{""key"":""correction_rule"",""label"":""更正规则"",""type"":""text"",""required"":true,""note"":""候选模板通用字段，正式启用前需由文件管理员确认。""},{""key"":""specific_01_e8513e4d"",""label"":""监控方式"",""type"":""text"",""required"":true,""note"":""来自候选记录模板清单的关键字段，需与现用表单或试填结果复核。""},{""key"":""specific_02_e1668a04"",""label"":""频次"",""type"":""text"",""required"":true,""note"":""来自候选记录模板清单的关键字段，需与现用表单或试填结果复核。""},{""key"":""specific_03_1a26633d"",""label"":""准则"",""type"":""text"",""required"":true,""note"":""来自候选记录模板清单的关键字段，需与现用表单或试填结果复核。""},{""key"":""specific_04_0a2c91ce"",""label"":""结果"",""type"":""text"",""required"":true,""note"":""来自候选记录模板清单的关键字段，需与现用表单或试填结果复核。""},{""key"":""specific_05_5caf2793"",""label"":""异常"",""type"":""text"",""required"":true,""note"":""来自候选记录模板清单的关键字段，需与现用表单或试填结果复核。""},{""key"":""specific_06_d8e38b5f"",""label"":""改进"",""type"":""text"",""required"":true,""note"":""来自候选记录模板清单的关键字段，需与现用表单或试填结果复核。""}]",由第五版候选修订包生成；正式启用前需人工核实现用表单、保存期限和字段。
candidate_record_template,record_form_templates,JL-7.8-01,报告复核与授权签发记录,QMS候选记录模板,候选,draft,pending,generic_record_form,7.8,XZTC/CX-06-2022；XZTC/CX-26-2022；XZTC/CX-29-2022,,复核人/授权签字人,报告发布前、报告修订时,"[{""key"":""record_number"",""label"":""记录编号"",""type"":""text"",""required"":true,""note"":""候选模板通用字段，正式启用前需由文件管理员确认。""},{""key"":""record_name"",""label"":""记录名称"",""type"":""text"",""required"":true,""note"":""候选模板通用字段，正式启用前需由文件管理员确认。""},{""key"":""applicable_clause"",""label"":""适用条款"",""type"":""text"",""required"":true,""note"":""候选模板通用字段，正式启用前需由文件管理员确认。"",""default"":""7.8""},{""key"":""related_procedure"",""label"":""关联程序"",""type"":""text"",""required"":true,""note"":""候选模板通用字段，正式启用前需由文件管理员确认。"",""default"":""XZTC/CX-06-2022；XZTC/CX-26-2022；XZTC/CX-29-2022""},{""key"":""responsible_position"",""label"":""填写责任"",""type"":""text"",""required"":true,""note"":""候选模板通用字段，正式启用前需由文件管理员确认。"",""default"":""复核人/授权签字人""},{""key"":""trigger_time"",""label"":""形成时机"",""type"":""text"",""required"":true,""note"":""候选模板通用字段，正式启用前需由文件管理员确认。"",""default"":""报告发布前、报告修订时""},{""key"":""reviewer"",""label"":""复核/批准"",""type"":""text"",""required"":false,""note"":""候选模板通用字段，正式启用前需由文件管理员确认。""},{""key"":""storage_location"",""label"":""保存位置"",""type"":""text"",""required"":false,""note"":""候选模板通用字段，正式启用前需由文件管理员确认。""},{""key"":""retention_period"",""label"":""保存期限"",""type"":""text"",""required"":false,""note"":""候选模板通用字段，正式启用前需由文件管理员确认。""},{""key"":""confidentiality_level"",""label"":""保密等级"",""type"":""select"",""required"":false,""note"":""候选模板通用字段，正式启用前需由文件管理员确认。"",""options"":[""普通"",""内部"",""客户敏感"",""待确认""]},{""key"":""correction_rule"",""label"":""更正规则"",""type"":""text"",""required"":true,""note"":""候选模板通用字段，正式启用前需由文件管理员确认。""},{""key"":""specific_01_19e2e278"",""label"":""报告编号"",""type"":""text"",""required"":true,""note"":""来自候选记录模板清单的关键字段，需与现用表单或试填结果复核。""},{""key"":""specific_02_5762b9c8"",""label"":""复核项"",""type"":""text"",""required"":true,""note"":""来自候选记录模板清单的关键字段，需与现用表单或试填结果复核。""},{""key"":""specific_03_2fb49eec"",""label"":""问题"",""type"":""text"",""required"":true,""note"":""来自候选记录模板清单的关键字段，需与现用表单或试填结果复核。""},{""key"":""specific_04_32b3f16d"",""label"":""结论"",""type"":""text"",""required"":true,""note"":""来自候选记录模板清单的关键字段，需与现用表单或试填结果复核。""},{""key"":""specific_05_1c31fbd8"",""label"":""授权人"",""type"":""text"",""required"":true,""note"":""来自候选记录模板清单的关键字段，需与现用表单或试填结果复核。""}]",由第五版候选修订包生成；正式启用前需人工核实现用表单、保存期限和字段。
candidate_record_template,record_form_templates,JL-7.9-01,投诉处理记录,QMS候选记录模板,候选,draft,pending,generic_record_form,7.9,XZTC/CX-14-2022；XZTC/CX-15-2022；XZTC/CX-16-2022,,质量负责人,投诉接收至关闭全过程,"[{""key"":""record_number"",""label"":""记录编号"",""type"":""text"",""required"":true,""note"":""候选模板通用字段，正式启用前需由文件管理员确认。""},{""key"":""record_name"",""label"":""记录名称"",""type"":""text"",""required"":true,""note"":""候选模板通用字段，正式启用前需由文件管理员确认。""},{""key"":""applicable_clause"",""label"":""适用条款"",""type"":""text"",""required"":true,""note"":""候选模板通用字段，正式启用前需由文件管理员确认。"",""default"":""7.9""},{""key"":""related_procedure"",""label"":""关联程序"",""type"":""text"",""required"":true,""note"":""候选模板通用字段，正式启用前需由文件管理员确认。"",""default"":""XZTC/CX-14-2022；XZTC/CX-15-2022；XZTC/CX-16-2022""},{""key"":""responsible_position"",""label"":""填写责任"",""type"":""text"",""required"":true,""note"":""候选模板通用字段，正式启用前需由文件管理员确认。"",""default"":""质量负责人""},{""key"":""trigger_time"",""label"":""形成时机"",""type"":""text"",""required"":true,""note"":""候选模板通用字段，正式启用前需由文件管理员确认。"",""default"":""投诉接收至关闭全过程""},{""key"":""reviewer"",""label"":""复核/批准"",""type"":""text"",""required"":false,""note"":""候选模板通用字段，正式启用前需由文件管理员确认。""},{""key"":""storage_location"",""label"":""保存位置"",""type"":""text"",""required"":false,""note"":""候选模板通用字段，正式启用前需由文件管理员确认。""},{""key"":""retention_period"",""label"":""保存期限"",""type"":""text"",""required"":false,""note"":""候选模板通用字段，正式启用前需由文件管理员确认。""},{""key"":""confidentiality_level"",""label"":""保密等级"",""type"":""select"",""required"":false,""note"":""候选模板通用字段，正式启用前需由文件管理员确认。"",""options"":[""普通"",""内部"",""客户敏感"",""待确认""]},{""key"":""correction_rule"",""label"":""更正规则"",""type"":""text"",""required"":true,""note"":""候选模板通用字段，正式启用前需由文件管理员确认。""},{""key"":""specific_01_00472167"",""label"":""投诉内容"",""type"":""text"",""required"":true,""note"":""来自候选记录模板清单的关键字段，需与现用表单或试填结果复核。""},{""key"":""specific_02_b56d9ac6"",""label"":""确认"",""type"":""text"",""required"":true,""note"":""来自候选记录模板清单的关键字段，需与现用表单或试填结果复核。""},{""key"":""specific_03_9e17115d"",""label"":""调查"",""type"":""text"",""required"":true,""note"":""来自候选记录模板清单的关键字段，需与现用表单或试填结果复核。""},{""key"":""specific_04_1375012f"",""label"":""决定"",""type"":""text"",""required"":true,""note"":""来自候选记录模板清单的关键字段，需与现用表单或试填结果复核。""},{""key"":""specific_05_ffc78509"",""label"":""回复"",""type"":""text"",""required"":true,""note"":""来自候选记录模板清单的关键字段，需与现用表单或试填结果复核。""},{""key"":""specific_06_6c14bd7f"",""label"":""关闭"",""type"":""text"",""required"":true,""note"":""来自候选记录模板清单的关键字段，需与现用表单或试填结果复核。""}]",由第五版候选修订包生成；正式启用前需人工核实现用表单、保存期限和字段。
candidate_record_template,record_form_templates,JL-7.10-01,不符合工作影响评价与恢复授权记录,QMS候选记录模板,候选,draft,pending,generic_record_form,7.10,XZTC/CX-15-2022；XZTC/CX-16-2022；XZTC/CX-32-2022,,质量负责人/技术负责人,不符合发生、处置和恢复时,"[{""key"":""record_number"",""label"":""记录编号"",""type"":""text"",""required"":true,""note"":""候选模板通用字段，正式启用前需由文件管理员确认。""},{""key"":""record_name"",""label"":""记录名称"",""type"":""text"",""required"":true,""note"":""候选模板通用字段，正式启用前需由文件管理员确认。""},{""key"":""applicable_clause"",""label"":""适用条款"",""type"":""text"",""required"":true,""note"":""候选模板通用字段，正式启用前需由文件管理员确认。"",""default"":""7.10""},{""key"":""related_procedure"",""label"":""关联程序"",""type"":""text"",""required"":true,""note"":""候选模板通用字段，正式启用前需由文件管理员确认。"",""default"":""XZTC/CX-15-2022；XZTC/CX-16-2022；XZTC/CX-32-2022""},{""key"":""responsible_position"",""label"":""填写责任"",""type"":""text"",""required"":true,""note"":""候选模板通用字段，正式启用前需由文件管理员确认。"",""default"":""质量负责人/技术负责人""},{""key"":""trigger_time"",""label"":""形成时机"",""type"":""text"",""required"":true,""note"":""候选模板通用字段，正式启用前需由文件管理员确认。"",""default"":""不符合发生、处置和恢复时""},{""key"":""reviewer"",""label"":""复核/批准"",""type"":""text"",""required"":false,""note"":""候选模板通用字段，正式启用前需由文件管理员确认。""},{""key"":""storage_location"",""label"":""保存位置"",""type"":""text"",""required"":false,""note"":""候选模板通用字段，正式启用前需由文件管理员确认。""},{""key"":""retention_period"",""label"":""保存期限"",""type"":""text"",""required"":false,""note"":""候选模板通用字段，正式启用前需由文件管理员确认。""},{""key"":""confidentiality_level"",""label"":""保密等级"",""type"":""select"",""required"":false,""note"":""候选模板通用字段，正式启用前需由文件管理员确认。"",""options"":[""普通"",""内部"",""客户敏感"",""待确认""]},{""key"":""correction_rule"",""label"":""更正规则"",""type"":""text"",""required"":true,""note"":""候选模板通用字段，正式启用前需由文件管理员确认。""},{""key"":""specific_01_cb98816f"",""label"":""不符合描述"",""type"":""text"",""required"":true,""note"":""来自候选记录模板清单的关键字段，需与现用表单或试填结果复核。""},{""key"":""specific_02_aaabff1b"",""label"":""影响范围"",""type"":""text"",""required"":true,""note"":""来自候选记录模板清单的关键字段，需与现用表单或试填结果复核。""},{""key"":""specific_03_569b1741"",""label"":""措施"",""type"":""text"",""required"":true,""note"":""来自候选记录模板清单的关键字段，需与现用表单或试填结果复核。""},{""key"":""specific_04_25b80462"",""label"":""客户通知"",""type"":""text"",""required"":true,""note"":""来自候选记录模板清单的关键字段，需与现用表单或试填结果复核。""},{""key"":""specific_05_8a6ef834"",""label"":""恢复授权"",""type"":""text"",""required"":true,""note"":""来自候选记录模板清单的关键字段，需与现用表单或试填结果复核。""}]",由第五版候选修订包生成；正式启用前需人工核实现用表单、保存期限和字段。
candidate_record_template,record_form_templates,JL-7.11-01,电子表格/软件适用性确认记录,QMS候选记录模板,候选,draft,pending,generic_record_form,7.11,XZTC/CX-08-2022；XZTC/CX-19-2022；XZTC/CX-26-2022,,技术负责人/文件管理员,模板或软件投入使用及变更前,"[{""key"":""record_number"",""label"":""记录编号"",""type"":""text"",""required"":true,""note"":""候选模板通用字段，正式启用前需由文件管理员确认。""},{""key"":""record_name"",""label"":""记录名称"",""type"":""text"",""required"":true,""note"":""候选模板通用字段，正式启用前需由文件管理员确认。""},{""key"":""applicable_clause"",""label"":""适用条款"",""type"":""text"",""required"":true,""note"":""候选模板通用字段，正式启用前需由文件管理员确认。"",""default"":""7.11""},{""key"":""related_procedure"",""label"":""关联程序"",""type"":""text"",""required"":true,""note"":""候选模板通用字段，正式启用前需由文件管理员确认。"",""default"":""XZTC/CX-08-2022；XZTC/CX-19-2022；XZTC/CX-26-2022""},{""key"":""responsible_position"",""label"":""填写责任"",""type"":""text"",""required"":true,""note"":""候选模板通用字段，正式启用前需由文件管理员确认。"",""default"":""技术负责人/文件管理员""},{""key"":""trigger_time"",""label"":""形成时机"",""type"":""text"",""required"":true,""note"":""候选模板通用字段，正式启用前需由文件管理员确认。"",""default"":""模板或软件投入使用及变更前""},{""key"":""reviewer"",""label"":""复核/批准"",""type"":""text"",""required"":false,""note"":""候选模板通用字段，正式启用前需由文件管理员确认。""},{""key"":""storage_location"",""label"":""保存位置"",""type"":""text"",""required"":false,""note"":""候选模板通用字段，正式启用前需由文件管理员确认。""},{""key"":""retention_period"",""label"":""保存期限"",""type"":""text"",""required"":false,""note"":""候选模板通用字段，正式启用前需由文件管理员确认。""},{""key"":""confidentiality_level"",""label"":""保密等级"",""type"":""select"",""required"":false,""note"":""候选模板通用字段，正式启用前需由文件管理员确认。"",""options"":[""普通"",""内部"",""客户敏感"",""待确认""]},{""key"":""correction_rule"",""label"":""更正规则"",""type"":""text"",""required"":true,""note"":""候选模板通用字段，正式启用前需由文件管理员确认。""},{""key"":""specific_01_1be7ae4f"",""label"":""名称"",""type"":""text"",""required"":true,""note"":""来自候选记录模板清单的关键字段，需与现用表单或试填结果复核。""},{""key"":""specific_02_7c49c8f2"",""label"":""用途"",""type"":""text"",""required"":true,""note"":""来自候选记录模板清单的关键字段，需与现用表单或试填结果复核。""},{""key"":""specific_03_989d1aff"",""label"":""版本"",""type"":""text"",""required"":true,""note"":""来自候选记录模板清单的关键字段，需与现用表单或试填结果复核。""},{""key"":""specific_04_148da7ca"",""label"":""验证方法"",""type"":""text"",""required"":true,""note"":""来自候选记录模板清单的关键字段，需与现用表单或试填结果复核。""},{""key"":""specific_05_560165a6"",""label"":""权限"",""type"":""text"",""required"":true,""note"":""来自候选记录模板清单的关键字段，需与现用表单或试填结果复核。""},{""key"":""specific_06_2aadd3e0"",""label"":""备份"",""type"":""text"",""required"":true,""note"":""来自候选记录模板清单的关键字段，需与现用表单或试填结果复核。""},{""key"":""specific_07_32b3f16d"",""label"":""结论"",""type"":""text"",""required"":true,""note"":""来自候选记录模板清单的关键字段，需与现用表单或试填结果复核。""}]",由第五版候选修订包生成；正式启用前需人工核实现用表单、保存期限和字段。
candidate_record_template,record_form_templates,JL-8.3-01,文件修订评审与发布记录,QMS候选记录模板,候选,draft,pending,generic_record_form,8.3,XZTC/CX-08-2022；XZTC/CX-26-2022,,文件管理员/质量负责人,文件编制、修订、废止时,"[{""key"":""record_number"",""label"":""记录编号"",""type"":""text"",""required"":true,""note"":""候选模板通用字段，正式启用前需由文件管理员确认。""},{""key"":""record_name"",""label"":""记录名称"",""type"":""text"",""required"":true,""note"":""候选模板通用字段，正式启用前需由文件管理员确认。""},{""key"":""applicable_clause"",""label"":""适用条款"",""type"":""text"",""required"":true,""note"":""候选模板通用字段，正式启用前需由文件管理员确认。"",""default"":""8.3""},{""key"":""related_procedure"",""label"":""关联程序"",""type"":""text"",""required"":true,""note"":""候选模板通用字段，正式启用前需由文件管理员确认。"",""default"":""XZTC/CX-08-2022；XZTC/CX-26-2022""},{""key"":""responsible_position"",""label"":""填写责任"",""type"":""text"",""required"":true,""note"":""候选模板通用字段，正式启用前需由文件管理员确认。"",""default"":""文件管理员/质量负责人""},{""key"":""trigger_time"",""label"":""形成时机"",""type"":""text"",""required"":true,""note"":""候选模板通用字段，正式启用前需由文件管理员确认。"",""default"":""文件编制、修订、废止时""},{""key"":""reviewer"",""label"":""复核/批准"",""type"":""text"",""required"":false,""note"":""候选模板通用字段，正式启用前需由文件管理员确认。""},{""key"":""storage_location"",""label"":""保存位置"",""type"":""text"",""required"":false,""note"":""候选模板通用字段，正式启用前需由文件管理员确认。""},{""key"":""retention_period"",""label"":""保存期限"",""type"":""text"",""required"":false,""note"":""候选模板通用字段，正式启用前需由文件管理员确认。""},{""key"":""confidentiality_level"",""label"":""保密等级"",""type"":""select"",""required"":false,""note"":""候选模板通用字段，正式启用前需由文件管理员确认。"",""options"":[""普通"",""内部"",""客户敏感"",""待确认""]},{""key"":""correction_rule"",""label"":""更正规则"",""type"":""text"",""required"":true,""note"":""候选模板通用字段，正式启用前需由文件管理员确认。""},{""key"":""specific_01_647a5da0"",""label"":""文件编号"",""type"":""text"",""required"":true,""note"":""来自候选记录模板清单的关键字段，需与现用表单或试填结果复核。""},{""key"":""specific_02_91cd39b0"",""label"":""修订原因"",""type"":""text"",""required"":true,""note"":""来自候选记录模板清单的关键字段，需与现用表单或试填结果复核。""},{""key"":""specific_03_899a6650"",""label"":""评审意见"",""type"":""text"",""required"":true,""note"":""来自候选记录模板清单的关键字段，需与现用表单或试填结果复核。""},{""key"":""specific_04_62e26d21"",""label"":""批准"",""type"":""text"",""required"":true,""note"":""来自候选记录模板清单的关键字段，需与现用表单或试填结果复核。""},{""key"":""specific_05_ebab5d4e"",""label"":""发放"",""type"":""text"",""required"":true,""note"":""来自候选记录模板清单的关键字段，需与现用表单或试填结果复核。""},{""key"":""specific_06_feeb19ac"",""label"":""作废"",""type"":""text"",""required"":true,""note"":""来自候选记录模板清单的关键字段，需与现用表单或试填结果复核。""}]",由第五版候选修订包生成；正式启用前需人工核实现用表单、保存期限和字段。
candidate_record_template,record_form_templates,JL-8.4-01,记录归档与借阅记录,QMS候选记录模板,候选,draft,pending,generic_record_form,8.4,XZTC/CX-06-2022；XZTC/CX-19-2022；XZTC/CX-26-2022,,文件管理员,记录归档、查阅、借阅和销毁时,"[{""key"":""record_number"",""label"":""记录编号"",""type"":""text"",""required"":true,""note"":""候选模板通用字段，正式启用前需由文件管理员确认。""},{""key"":""record_name"",""label"":""记录名称"",""type"":""text"",""required"":true,""note"":""候选模板通用字段，正式启用前需由文件管理员确认。""},{""key"":""applicable_clause"",""label"":""适用条款"",""type"":""text"",""required"":true,""note"":""候选模板通用字段，正式启用前需由文件管理员确认。"",""default"":""8.4""},{""key"":""related_procedure"",""label"":""关联程序"",""type"":""text"",""required"":true,""note"":""候选模板通用字段，正式启用前需由文件管理员确认。"",""default"":""XZTC/CX-06-2022；XZTC/CX-19-2022；XZTC/CX-26-2022""},{""key"":""responsible_position"",""label"":""填写责任"",""type"":""text"",""required"":true,""note"":""候选模板通用字段，正式启用前需由文件管理员确认。"",""default"":""文件管理员""},{""key"":""trigger_time"",""label"":""形成时机"",""type"":""text"",""required"":true,""note"":""候选模板通用字段，正式启用前需由文件管理员确认。"",""default"":""记录归档、查阅、借阅和销毁时""},{""key"":""reviewer"",""label"":""复核/批准"",""type"":""text"",""required"":false,""note"":""候选模板通用字段，正式启用前需由文件管理员确认。""},{""key"":""storage_location"",""label"":""保存位置"",""type"":""text"",""required"":false,""note"":""候选模板通用字段，正式启用前需由文件管理员确认。""},{""key"":""retention_period"",""label"":""保存期限"",""type"":""text"",""required"":false,""note"":""候选模板通用字段，正式启用前需由文件管理员确认。""},{""key"":""confidentiality_level"",""label"":""保密等级"",""type"":""select"",""required"":false,""note"":""候选模板通用字段，正式启用前需由文件管理员确认。"",""options"":[""普通"",""内部"",""客户敏感"",""待确认""]},{""key"":""correction_rule"",""label"":""更正规则"",""type"":""text"",""required"":true,""note"":""候选模板通用字段，正式启用前需由文件管理员确认。""},{""key"":""specific_01_6537aa4e"",""label"":""记录名称"",""type"":""text"",""required"":true,""note"":""来自候选记录模板清单的关键字段，需与现用表单或试填结果复核。""},{""key"":""specific_02_9f42dac6"",""label"":""编号"",""type"":""text"",""required"":true,""note"":""来自候选记录模板清单的关键字段，需与现用表单或试填结果复核。""},{""key"":""specific_03_442d21cc"",""label"":""归档位置"",""type"":""text"",""required"":true,""note"":""来自候选记录模板清单的关键字段，需与现用表单或试填结果复核。""},{""key"":""specific_04_fb2f8cfd"",""label"":""借阅人"",""type"":""text"",""required"":true,""note"":""来自候选记录模板清单的关键字段，需与现用表单或试填结果复核。""},{""key"":""specific_05_bdd41ed2"",""label"":""归还"",""type"":""text"",""required"":true,""note"":""来自候选记录模板清单的关键字段，需与现用表单或试填结果复核。""},{""key"":""specific_06_4f136db2"",""label"":""处置"",""type"":""text"",""required"":true,""note"":""来自候选记录模板清单的关键字段，需与现用表单或试填结果复核。""}]",由第五版候选修订包生成；正式启用前需人工核实现用表单、保存期限和字段。
candidate_record_template,record_form_templates,JL-8.5-01,风险和机遇措施跟踪记录,QMS候选记录模板,候选,draft,pending,generic_record_form,8.5,XZTC/CX-17-2022；XZTC/CX-18-2022；XZTC/CX-32-2022,,质量负责人,风险措施实施及评价时,"[{""key"":""record_number"",""label"":""记录编号"",""type"":""text"",""required"":true,""note"":""候选模板通用字段，正式启用前需由文件管理员确认。""},{""key"":""record_name"",""label"":""记录名称"",""type"":""text"",""required"":true,""note"":""候选模板通用字段，正式启用前需由文件管理员确认。""},{""key"":""applicable_clause"",""label"":""适用条款"",""type"":""text"",""required"":true,""note"":""候选模板通用字段，正式启用前需由文件管理员确认。"",""default"":""8.5""},{""key"":""related_procedure"",""label"":""关联程序"",""type"":""text"",""required"":true,""note"":""候选模板通用字段，正式启用前需由文件管理员确认。"",""default"":""XZTC/CX-17-2022；XZTC/CX-18-2022；XZTC/CX-32-2022""},{""key"":""responsible_position"",""label"":""填写责任"",""type"":""text"",""required"":true,""note"":""候选模板通用字段，正式启用前需由文件管理员确认。"",""default"":""质量负责人""},{""key"":""trigger_time"",""label"":""形成时机"",""type"":""text"",""required"":true,""note"":""候选模板通用字段，正式启用前需由文件管理员确认。"",""default"":""风险措施实施及评价时""},{""key"":""reviewer"",""label"":""复核/批准"",""type"":""text"",""required"":false,""note"":""候选模板通用字段，正式启用前需由文件管理员确认。""},{""key"":""storage_location"",""label"":""保存位置"",""type"":""text"",""required"":false,""note"":""候选模板通用字段，正式启用前需由文件管理员确认。""},{""key"":""retention_period"",""label"":""保存期限"",""type"":""text"",""required"":false,""note"":""候选模板通用字段，正式启用前需由文件管理员确认。""},{""key"":""confidentiality_level"",""label"":""保密等级"",""type"":""select"",""required"":false,""note"":""候选模板通用字段，正式启用前需由文件管理员确认。"",""options"":[""普通"",""内部"",""客户敏感"",""待确认""]},{""key"":""correction_rule"",""label"":""更正规则"",""type"":""text"",""required"":true,""note"":""候选模板通用字段，正式启用前需由文件管理员确认。""},{""key"":""specific_01_eed09e83"",""label"":""风险项"",""type"":""text"",""required"":true,""note"":""来自候选记录模板清单的关键字段，需与现用表单或试填结果复核。""},{""key"":""specific_02_569b1741"",""label"":""措施"",""type"":""text"",""required"":true,""note"":""来自候选记录模板清单的关键字段，需与现用表单或试填结果复核。""},{""key"":""specific_03_0fe0b81e"",""label"":""责任人"",""type"":""text"",""required"":true,""note"":""来自候选记录模板清单的关键字段，需与现用表单或试填结果复核。""},{""key"":""specific_04_b5a2b1fd"",""label"":""期限"",""type"":""text"",""required"":true,""note"":""来自候选记录模板清单的关键字段，需与现用表单或试填结果复核。""},{""key"":""specific_05_68d4cdfc"",""label"":""证据"",""type"":""text"",""required"":true,""note"":""来自候选记录模板清单的关键字段，需与现用表单或试填结果复核。""},{""key"":""specific_06_666671d8"",""label"":""有效性"",""type"":""text"",""required"":true,""note"":""来自候选记录模板清单的关键字段，需与现用表单或试填结果复核。""}]",由第五版候选修订包生成；正式启用前需人工核实现用表单、保存期限和字段。
candidate_record_template,record_form_templates,JL-8.6-01,改进建议与效果评价记录,QMS候选记录模板,候选,draft,pending,generic_record_form,8.6,XZTC/CX-12-2022；XZTC/CX-18-2022；XZTC/CX-20-2022；XZTC/CX-21-2022,,过程负责人,改进机会提出和完成后,"[{""key"":""record_number"",""label"":""记录编号"",""type"":""text"",""required"":true,""note"":""候选模板通用字段，正式启用前需由文件管理员确认。""},{""key"":""record_name"",""label"":""记录名称"",""type"":""text"",""required"":true,""note"":""候选模板通用字段，正式启用前需由文件管理员确认。""},{""key"":""applicable_clause"",""label"":""适用条款"",""type"":""text"",""required"":true,""note"":""候选模板通用字段，正式启用前需由文件管理员确认。"",""default"":""8.6""},{""key"":""related_procedure"",""label"":""关联程序"",""type"":""text"",""required"":true,""note"":""候选模板通用字段，正式启用前需由文件管理员确认。"",""default"":""XZTC/CX-12-2022；XZTC/CX-18-2022；XZTC/CX-20-2022；XZTC/CX-21-2022""},{""key"":""responsible_position"",""label"":""填写责任"",""type"":""text"",""required"":true,""note"":""候选模板通用字段，正式启用前需由文件管理员确认。"",""default"":""过程负责人""},{""key"":""trigger_time"",""label"":""形成时机"",""type"":""text"",""required"":true,""note"":""候选模板通用字段，正式启用前需由文件管理员确认。"",""default"":""改进机会提出和完成后""},{""key"":""reviewer"",""label"":""复核/批准"",""type"":""text"",""required"":false,""note"":""候选模板通用字段，正式启用前需由文件管理员确认。""},{""key"":""storage_location"",""label"":""保存位置"",""type"":""text"",""required"":false,""note"":""候选模板通用字段，正式启用前需由文件管理员确认。""},{""key"":""retention_period"",""label"":""保存期限"",""type"":""text"",""required"":false,""note"":""候选模板通用字段，正式启用前需由文件管理员确认。""},{""key"":""confidentiality_level"",""label"":""保密等级"",""type"":""select"",""required"":false,""note"":""候选模板通用字段，正式启用前需由文件管理员确认。"",""options"":[""普通"",""内部"",""客户敏感"",""待确认""]},{""key"":""correction_rule"",""label"":""更正规则"",""type"":""text"",""required"":true,""note"":""候选模板通用字段，正式启用前需由文件管理员确认。""},{""key"":""specific_01_c63f79e6"",""label"":""来源"",""type"":""text"",""required"":true,""note"":""来自候选记录模板清单的关键字段，需与现用表单或试填结果复核。""},{""key"":""specific_02_c5134eb1"",""label"":""建议"",""type"":""text"",""required"":true,""note"":""来自候选记录模板清单的关键字段，需与现用表单或试填结果复核。""},{""key"":""specific_03_569b1741"",""label"":""措施"",""type"":""text"",""required"":true,""note"":""来自候选记录模板清单的关键字段，需与现用表单或试填结果复核。""},{""key"":""specific_04_819c58d5"",""label"":""实施结果"",""type"":""text"",""required"":true,""note"":""来自候选记录模板清单的关键字段，需与现用表单或试填结果复核。""},{""key"":""specific_05_07049a20"",""label"":""效果评价"",""type"":""text"",""required"":true,""note"":""来自候选记录模板清单的关键字段，需与现用表单或试填结果复核。""}]",由第五版候选修订包生成；正式启用前需人工核实现用表单、保存期限和字段。
candidate_record_template,record_form_templates,JL-8.7-01,纠正措施记录,QMS候选记录模板,候选,draft,pending,generic_record_form,8.7,XZTC/CX-15-2022；XZTC/CX-16-2022；XZTC/CX-20-2022,,责任部门/质量负责人,不符合、投诉、审核发现需纠正措施时,"[{""key"":""record_number"",""label"":""记录编号"",""type"":""text"",""required"":true,""note"":""候选模板通用字段，正式启用前需由文件管理员确认。""},{""key"":""record_name"",""label"":""记录名称"",""type"":""text"",""required"":true,""note"":""候选模板通用字段，正式启用前需由文件管理员确认。""},{""key"":""applicable_clause"",""label"":""适用条款"",""type"":""text"",""required"":true,""note"":""候选模板通用字段，正式启用前需由文件管理员确认。"",""default"":""8.7""},{""key"":""related_procedure"",""label"":""关联程序"",""type"":""text"",""required"":true,""note"":""候选模板通用字段，正式启用前需由文件管理员确认。"",""default"":""XZTC/CX-15-2022；XZTC/CX-16-2022；XZTC/CX-20-2022""},{""key"":""responsible_position"",""label"":""填写责任"",""type"":""text"",""required"":true,""note"":""候选模板通用字段，正式启用前需由文件管理员确认。"",""default"":""责任部门/质量负责人""},{""key"":""trigger_time"",""label"":""形成时机"",""type"":""text"",""required"":true,""note"":""候选模板通用字段，正式启用前需由文件管理员确认。"",""default"":""不符合、投诉、审核发现需纠正措施时""},{""key"":""reviewer"",""label"":""复核/批准"",""type"":""text"",""required"":false,""note"":""候选模板通用字段，正式启用前需由文件管理员确认。""},{""key"":""storage_location"",""label"":""保存位置"",""type"":""text"",""required"":false,""note"":""候选模板通用字段，正式启用前需由文件管理员确认。""},{""key"":""retention_period"",""label"":""保存期限"",""type"":""text"",""required"":false,""note"":""候选模板通用字段，正式启用前需由文件管理员确认。""},{""key"":""confidentiality_level"",""label"":""保密等级"",""type"":""select"",""required"":false,""note"":""候选模板通用字段，正式启用前需由文件管理员确认。"",""options"":[""普通"",""内部"",""客户敏感"",""待确认""]},{""key"":""correction_rule"",""label"":""更正规则"",""type"":""text"",""required"":true,""note"":""候选模板通用字段，正式启用前需由文件管理员确认。""},{""key"":""specific_01_2fb49eec"",""label"":""问题"",""type"":""text"",""required"":true,""note"":""来自候选记录模板清单的关键字段，需与现用表单或试填结果复核。""},{""key"":""specific_02_1ff9c3d0"",""label"":""原因"",""type"":""text"",""required"":true,""note"":""来自候选记录模板清单的关键字段，需与现用表单或试填结果复核。""},{""key"":""specific_03_569b1741"",""label"":""措施"",""type"":""text"",""required"":true,""note"":""来自候选记录模板清单的关键字段，需与现用表单或试填结果复核。""},{""key"":""specific_04_ddb7bfe5"",""label"":""完成情况"",""type"":""text"",""required"":true,""note"":""来自候选记录模板清单的关键字段，需与现用表单或试填结果复核。""},{""key"":""specific_05_0a55bc40"",""label"":""有效性验证"",""type"":""text"",""required"":true,""note"":""来自候选记录模板清单的关键字段，需与现用表单或试填结果复核。""}]",由第五版候选修订包生成；正式启用前需人工核实现用表单、保存期限和字段。
candidate_record_template,record_form_templates,JL-8.8-01,内审计划、检查表与整改验证记录,QMS候选记录模板,候选,draft,pending,generic_record_form,8.8,XZTC/CX-15-2022；XZTC/CX-16-2022；XZTC/CX-19-2022；XZTC/CX-20-2022,,内审组长,年度内审、专项内审时,"[{""key"":""record_number"",""label"":""记录编号"",""type"":""text"",""required"":true,""note"":""候选模板通用字段，正式启用前需由文件管理员确认。""},{""key"":""record_name"",""label"":""记录名称"",""type"":""text"",""required"":true,""note"":""候选模板通用字段，正式启用前需由文件管理员确认。""},{""key"":""applicable_clause"",""label"":""适用条款"",""type"":""text"",""required"":true,""note"":""候选模板通用字段，正式启用前需由文件管理员确认。"",""default"":""8.8""},{""key"":""related_procedure"",""label"":""关联程序"",""type"":""text"",""required"":true,""note"":""候选模板通用字段，正式启用前需由文件管理员确认。"",""default"":""XZTC/CX-15-2022；XZTC/CX-16-2022；XZTC/CX-19-2022；XZTC/CX-20-2022""},{""key"":""responsible_position"",""label"":""填写责任"",""type"":""text"",""required"":true,""note"":""候选模板通用字段，正式启用前需由文件管理员确认。"",""default"":""内审组长""},{""key"":""trigger_time"",""label"":""形成时机"",""type"":""text"",""required"":true,""note"":""候选模板通用字段，正式启用前需由文件管理员确认。"",""default"":""年度内审、专项内审时""},{""key"":""reviewer"",""label"":""复核/批准"",""type"":""text"",""required"":false,""note"":""候选模板通用字段，正式启用前需由文件管理员确认。""},{""key"":""storage_location"",""label"":""保存位置"",""type"":""text"",""required"":false,""note"":""候选模板通用字段，正式启用前需由文件管理员确认。""},{""key"":""retention_period"",""label"":""保存期限"",""type"":""text"",""required"":false,""note"":""候选模板通用字段，正式启用前需由文件管理员确认。""},{""key"":""confidentiality_level"",""label"":""保密等级"",""type"":""select"",""required"":false,""note"":""候选模板通用字段，正式启用前需由文件管理员确认。"",""options"":[""普通"",""内部"",""客户敏感"",""待确认""]},{""key"":""correction_rule"",""label"":""更正规则"",""type"":""text"",""required"":true,""note"":""候选模板通用字段，正式启用前需由文件管理员确认。""},{""key"":""specific_01_d0eec577"",""label"":""审核范围"",""type"":""text"",""required"":true,""note"":""来自候选记录模板清单的关键字段，需与现用表单或试填结果复核。""},{""key"":""specific_02_1a26633d"",""label"":""准则"",""type"":""text"",""required"":true,""note"":""来自候选记录模板清单的关键字段，需与现用表单或试填结果复核。""},{""key"":""specific_03_523e40a0"",""label"":""发现"",""type"":""text"",""required"":true,""note"":""来自候选记录模板清单的关键字段，需与现用表单或试填结果复核。""},{""key"":""specific_04_180acae9"",""label"":""不符合"",""type"":""text"",""required"":true,""note"":""来自候选记录模板清单的关键字段，需与现用表单或试填结果复核。""},{""key"":""specific_05_c89ed65a"",""label"":""整改"",""type"":""text"",""required"":true,""note"":""来自候选记录模板清单的关键字段，需与现用表单或试填结果复核。""},{""key"":""specific_06_80144e2e"",""label"":""验证"",""type"":""text"",""required"":true,""note"":""来自候选记录模板清单的关键字段，需与现用表单或试填结果复核。""}]",由第五版候选修订包生成；正式启用前需人工核实现用表单、保存期限和字段。
candidate_record_template,record_form_templates,JL-8.9-01,管理评审输入输出及跟踪记录,QMS候选记录模板,候选,draft,pending,generic_record_form,8.9,XZTC/CX-16-2022；XZTC/CX-19-2022；XZTC/CX-20-2022；XZTC/CX-21-2022,,最高管理者/质量负责人,管理评审前后,"[{""key"":""record_number"",""label"":""记录编号"",""type"":""text"",""required"":true,""note"":""候选模板通用字段，正式启用前需由文件管理员确认。""},{""key"":""record_name"",""label"":""记录名称"",""type"":""text"",""required"":true,""note"":""候选模板通用字段，正式启用前需由文件管理员确认。""},{""key"":""applicable_clause"",""label"":""适用条款"",""type"":""text"",""required"":true,""note"":""候选模板通用字段，正式启用前需由文件管理员确认。"",""default"":""8.9""},{""key"":""related_procedure"",""label"":""关联程序"",""type"":""text"",""required"":true,""note"":""候选模板通用字段，正式启用前需由文件管理员确认。"",""default"":""XZTC/CX-16-2022；XZTC/CX-19-2022；XZTC/CX-20-2022；XZTC/CX-21-2022""},{""key"":""responsible_position"",""label"":""填写责任"",""type"":""text"",""required"":true,""note"":""候选模板通用字段，正式启用前需由文件管理员确认。"",""default"":""最高管理者/质量负责人""},{""key"":""trigger_time"",""label"":""形成时机"",""type"":""text"",""required"":true,""note"":""候选模板通用字段，正式启用前需由文件管理员确认。"",""default"":""管理评审前后""},{""key"":""reviewer"",""label"":""复核/批准"",""type"":""text"",""required"":false,""note"":""候选模板通用字段，正式启用前需由文件管理员确认。""},{""key"":""storage_location"",""label"":""保存位置"",""type"":""text"",""required"":false,""note"":""候选模板通用字段，正式启用前需由文件管理员确认。""},{""key"":""retention_period"",""label"":""保存期限"",""type"":""text"",""required"":false,""note"":""候选模板通用字段，正式启用前需由文件管理员确认。""},{""key"":""confidentiality_level"",""label"":""保密等级"",""type"":""select"",""required"":false,""note"":""候选模板通用字段，正式启用前需由文件管理员确认。"",""options"":[""普通"",""内部"",""客户敏感"",""待确认""]},{""key"":""correction_rule"",""label"":""更正规则"",""type"":""text"",""required"":true,""note"":""候选模板通用字段，正式启用前需由文件管理员确认。""},{""key"":""specific_01_29f9128d"",""label"":""输入项"",""type"":""text"",""required"":true,""note"":""来自候选记录模板清单的关键字段，需与现用表单或试填结果复核。""},{""key"":""specific_02_b4fab72f"",""label"":""评审结论"",""type"":""text"",""required"":true,""note"":""来自候选记录模板清单的关键字段，需与现用表单或试填结果复核。""},{""key"":""specific_03_38453d59"",""label"":""决议"",""type"":""text"",""required"":true,""note"":""来自候选记录模板清单的关键字段，需与现用表单或试填结果复核。""},{""key"":""specific_04_0fe0b81e"",""label"":""责任人"",""type"":""text"",""required"":true,""note"":""来自候选记录模板清单的关键字段，需与现用表单或试填结果复核。""},{""key"":""specific_05_cf355540"",""label"":""完成期限"",""type"":""text"",""required"":true,""note"":""来自候选记录模板清单的关键字段，需与现用表单或试填结果复核。""},{""key"":""specific_06_80144e2e"",""label"":""验证"",""type"":""text"",""required"":true,""note"":""来自候选记录模板清单的关键字段，需与现用表单或试填结果复核。""}]",由第五版候选修订包生成；正式启用前需人工核实现用表单、保存期限和字段。
