learning_task_id,source_training_item_id,role_group,topic,source_object,trigger,required_before_effective,blocks_release_if_pending,learning_materials,implementation_check,evidence_to_collect,human_confirmation_status,not_real_record,not_real_record_marker
TRN-001-R01,TRN-001,全体影响检测活动人员,第五版质量手册主要变化宣贯,XZTC/SC,第五版批准后、生效前,yes,yes,10-质量手册第五版候选稿.md；11-第四版到第五版候选修订说明.md；manual_revision_path_pack/00-质量手册修订换版路径总览.md；lims_write_preview_package/04-write-preview-summary.md,能说明第五版候选稿仍需人工评审、修订批准、发布宣贯和旧版作废，不能直接替代第四版。,培训计划、签到、考核或效果确认、问题答疑记录,completed,yes,SIMULATED_TRAINING_NOT_REAL_RECORD
TRN-001-R02,TRN-001,管理层,第五版质量手册主要变化宣贯,XZTC/SC,第五版批准后、生效前,yes,yes,10-质量手册第五版候选稿.md；11-第四版到第五版候选修订说明.md；manual_revision_path_pack/00-质量手册修订换版路径总览.md；lims_write_preview_package/04-write-preview-summary.md,能说明第五版候选稿仍需人工评审、修订批准、发布宣贯和旧版作废，不能直接替代第四版。,培训计划、签到、考核或效果确认、问题答疑记录,completed,yes,SIMULATED_TRAINING_NOT_REAL_RECORD
TRN-001-R03,TRN-001,授权签字人,第五版质量手册主要变化宣贯,XZTC/SC,第五版批准后、生效前,yes,yes,10-质量手册第五版候选稿.md；11-第四版到第五版候选修订说明.md；manual_revision_path_pack/00-质量手册修订换版路径总览.md；lims_write_preview_package/04-write-preview-summary.md,能说明第五版候选稿仍需人工评审、修订批准、发布宣贯和旧版作废，不能直接替代第四版。,培训计划、签到、考核或效果确认、问题答疑记录,completed,yes,SIMULATED_TRAINING_NOT_REAL_RECORD
TRN-002-R01,TRN-002,文件管理员,LIMS 2022 程序目录现行状态确认,37 个现行 2022 程序文件,第五版候选稿人工评审时,yes,yes,12-支持性程序目录-2022版.md；controlled_release_rehearsal/01-发布对象清单.csv；controlled_release_rehearsal/06-口径闸门检查表.csv,能确认 37 个 2022 程序为现行目录基线，并知道 05-02 仍需单独归属判定。,现行目录确认、发放范围核对、变更说明,completed,yes,SIMULATED_TRAINING_NOT_REAL_RECORD
TRN-002-R02,TRN-002,质量负责人,LIMS 2022 程序目录现行状态确认,37 个现行 2022 程序文件,第五版候选稿人工评审时,yes,yes,12-支持性程序目录-2022版.md；controlled_release_rehearsal/01-发布对象清单.csv；controlled_release_rehearsal/06-口径闸门检查表.csv,能确认 37 个 2022 程序为现行目录基线，并知道 05-02 仍需单独归属判定。,现行目录确认、发放范围核对、变更说明,completed,yes,SIMULATED_TRAINING_NOT_REAL_RECORD
TRN-002-R03,TRN-002,相关过程负责人,LIMS 2022 程序目录现行状态确认,37 个现行 2022 程序文件,第五版候选稿人工评审时,yes,yes,12-支持性程序目录-2022版.md；controlled_release_rehearsal/01-发布对象清单.csv；controlled_release_rehearsal/06-口径闸门检查表.csv,能确认 37 个 2022 程序为现行目录基线，并知道 05-02 仍需单独归属判定。,现行目录确认、发放范围核对、变更说明,completed,yes,SIMULATED_TRAINING_NOT_REAL_RECORD
TRN-003-R01,TRN-003,文件管理员,jewelry-qms 建设中系统使用边界,14-jewelry-qms实施计划与验证方案.md,系统试运行前,no,no,14-jewelry-qms实施计划与验证方案.md；release_execution_template_pack/templates/JL-REL-06-jewelry-qms试运行与适用性确认记录.md；23-LIMS预导入命令使用说明与阻断项.md,能说明 jewelry-qms 目前仅用于实施计划、试运行和治理准备，不写入质量手册正文。,试运行说明、权限培训、数据备份恢复和审计追踪确认记录,completed,yes,SIMULATED_TRAINING_NOT_REAL_RECORD
TRN-003-R02,TRN-003,质量负责人,jewelry-qms 建设中系统使用边界,14-jewelry-qms实施计划与验证方案.md,系统试运行前,no,no,14-jewelry-qms实施计划与验证方案.md；release_execution_template_pack/templates/JL-REL-06-jewelry-qms试运行与适用性确认记录.md；23-LIMS预导入命令使用说明与阻断项.md,能说明 jewelry-qms 目前仅用于实施计划、试运行和治理准备，不写入质量手册正文。,试运行说明、权限培训、数据备份恢复和审计追踪确认记录,completed,yes,SIMULATED_TRAINING_NOT_REAL_RECORD
TRN-003-R03,TRN-003,系统管理员,jewelry-qms 建设中系统使用边界,14-jewelry-qms实施计划与验证方案.md,系统试运行前,no,no,14-jewelry-qms实施计划与验证方案.md；release_execution_template_pack/templates/JL-REL-06-jewelry-qms试运行与适用性确认记录.md；23-LIMS预导入命令使用说明与阻断项.md,能说明 jewelry-qms 目前仅用于实施计划、试运行和治理准备，不写入质量手册正文。,试运行说明、权限培训、数据备份恢复和审计追踪确认记录,completed,yes,SIMULATED_TRAINING_NOT_REAL_RECORD
TRN-003-R04,TRN-003,试运行人员,jewelry-qms 建设中系统使用边界,14-jewelry-qms实施计划与验证方案.md,系统试运行前,no,no,14-jewelry-qms实施计划与验证方案.md；release_execution_template_pack/templates/JL-REL-06-jewelry-qms试运行与适用性确认记录.md；23-LIMS预导入命令使用说明与阻断项.md,能说明 jewelry-qms 目前仅用于实施计划、试运行和治理准备，不写入质量手册正文。,试运行说明、权限培训、数据备份恢复和审计追踪确认记录,completed,yes,SIMULATED_TRAINING_NOT_REAL_RECORD
TRN-004-R01,TRN-004,对应过程填写人员,候选记录模板填写与更正规则,JL-4.1-01 公正性风险识别与处置记录,记录模板批准启用前,yes,yes,13-记录模板包-候选清单.md；record_template_field_catalog/templates/JL-4.1-01-公正性风险识别与处置记录-字段字典.md；record_template_full_trial_pack/JL-4.1-01-公正性风险识别与处置记录-试填.md；record_template_field_catalog/03-通用字段覆盖矩阵.md,能按字段字典和试填样表说明记录何时填写、谁填写、谁复核、如何更正、保存在哪里。,模板填写说明、试填反馈、签核与保存规则确认,completed,yes,SIMULATED_TRAINING_NOT_REAL_RECORD
TRN-004-R02,TRN-004,复核人员,候选记录模板填写与更正规则,JL-4.1-01 公正性风险识别与处置记录,记录模板批准启用前,yes,yes,13-记录模板包-候选清单.md；record_template_field_catalog/templates/JL-4.1-01-公正性风险识别与处置记录-字段字典.md；record_template_full_trial_pack/JL-4.1-01-公正性风险识别与处置记录-试填.md；record_template_field_catalog/03-通用字段覆盖矩阵.md,能按字段字典和试填样表说明记录何时填写、谁填写、谁复核、如何更正、保存在哪里。,模板填写说明、试填反馈、签核与保存规则确认,completed,yes,SIMULATED_TRAINING_NOT_REAL_RECORD
TRN-004-R03,TRN-004,文件管理员,候选记录模板填写与更正规则,JL-4.1-01 公正性风险识别与处置记录,记录模板批准启用前,yes,yes,13-记录模板包-候选清单.md；record_template_field_catalog/templates/JL-4.1-01-公正性风险识别与处置记录-字段字典.md；record_template_full_trial_pack/JL-4.1-01-公正性风险识别与处置记录-试填.md；record_template_field_catalog/03-通用字段覆盖矩阵.md,能按字段字典和试填样表说明记录何时填写、谁填写、谁复核、如何更正、保存在哪里。,模板填写说明、试填反馈、签核与保存规则确认,completed,yes,SIMULATED_TRAINING_NOT_REAL_RECORD
TRN-005-R01,TRN-005,对应过程填写人员,候选记录模板填写与更正规则,JL-4.2-01 保密承诺与权限确认记录,记录模板批准启用前,yes,yes,13-记录模板包-候选清单.md；record_template_field_catalog/templates/JL-4.2-01-保密承诺与权限确认记录-字段字典.md；record_template_full_trial_pack/JL-4.2-01-保密承诺与权限确认记录-试填.md；record_template_field_catalog/03-通用字段覆盖矩阵.md,能按字段字典和试填样表说明记录何时填写、谁填写、谁复核、如何更正、保存在哪里。,模板填写说明、试填反馈、签核与保存规则确认,completed,yes,SIMULATED_TRAINING_NOT_REAL_RECORD
TRN-005-R02,TRN-005,复核人员,候选记录模板填写与更正规则,JL-4.2-01 保密承诺与权限确认记录,记录模板批准启用前,yes,yes,13-记录模板包-候选清单.md；record_template_field_catalog/templates/JL-4.2-01-保密承诺与权限确认记录-字段字典.md；record_template_full_trial_pack/JL-4.2-01-保密承诺与权限确认记录-试填.md；record_template_field_catalog/03-通用字段覆盖矩阵.md,能按字段字典和试填样表说明记录何时填写、谁填写、谁复核、如何更正、保存在哪里。,模板填写说明、试填反馈、签核与保存规则确认,completed,yes,SIMULATED_TRAINING_NOT_REAL_RECORD
TRN-005-R03,TRN-005,文件管理员,候选记录模板填写与更正规则,JL-4.2-01 保密承诺与权限确认记录,记录模板批准启用前,yes,yes,13-记录模板包-候选清单.md；record_template_field_catalog/templates/JL-4.2-01-保密承诺与权限确认记录-字段字典.md；record_template_full_trial_pack/JL-4.2-01-保密承诺与权限确认记录-试填.md；record_template_field_catalog/03-通用字段覆盖矩阵.md,能按字段字典和试填样表说明记录何时填写、谁填写、谁复核、如何更正、保存在哪里。,模板填写说明、试填反馈、签核与保存规则确认,completed,yes,SIMULATED_TRAINING_NOT_REAL_RECORD
TRN-006-R01,TRN-006,对应过程填写人员,候选记录模板填写与更正规则,JL-5-01 岗位职责与授权确认表,记录模板批准启用前,yes,yes,13-记录模板包-候选清单.md；record_template_field_catalog/templates/JL-5-01-岗位职责与授权确认表-字段字典.md；record_template_full_trial_pack/JL-5-01-岗位职责与授权确认表-试填.md；record_template_field_catalog/03-通用字段覆盖矩阵.md,能按字段字典和试填样表说明记录何时填写、谁填写、谁复核、如何更正、保存在哪里。,模板填写说明、试填反馈、签核与保存规则确认,completed,yes,SIMULATED_TRAINING_NOT_REAL_RECORD
TRN-006-R02,TRN-006,复核人员,候选记录模板填写与更正规则,JL-5-01 岗位职责与授权确认表,记录模板批准启用前,yes,yes,13-记录模板包-候选清单.md；record_template_field_catalog/templates/JL-5-01-岗位职责与授权确认表-字段字典.md；record_template_full_trial_pack/JL-5-01-岗位职责与授权确认表-试填.md；record_template_field_catalog/03-通用字段覆盖矩阵.md,能按字段字典和试填样表说明记录何时填写、谁填写、谁复核、如何更正、保存在哪里。,模板填写说明、试填反馈、签核与保存规则确认,completed,yes,SIMULATED_TRAINING_NOT_REAL_RECORD
TRN-006-R03,TRN-006,文件管理员,候选记录模板填写与更正规则,JL-5-01 岗位职责与授权确认表,记录模板批准启用前,yes,yes,13-记录模板包-候选清单.md；record_template_field_catalog/templates/JL-5-01-岗位职责与授权确认表-字段字典.md；record_template_full_trial_pack/JL-5-01-岗位职责与授权确认表-试填.md；record_template_field_catalog/03-通用字段覆盖矩阵.md,能按字段字典和试填样表说明记录何时填写、谁填写、谁复核、如何更正、保存在哪里。,模板填写说明、试填反馈、签核与保存规则确认,completed,yes,SIMULATED_TRAINING_NOT_REAL_RECORD
TRN-007-R01,TRN-007,对应过程填写人员,候选记录模板填写与更正规则,JL-6.2-01 人员能力确认与授权记录,记录模板批准启用前,yes,yes,13-记录模板包-候选清单.md；record_template_field_catalog/templates/JL-6.2-01-人员能力确认与授权记录-字段字典.md；record_template_full_trial_pack/JL-6.2-01-人员能力确认与授权记录-试填.md；record_template_field_catalog/03-通用字段覆盖矩阵.md,能按字段字典和试填样表说明记录何时填写、谁填写、谁复核、如何更正、保存在哪里。,模板填写说明、试填反馈、签核与保存规则确认,completed,yes,SIMULATED_TRAINING_NOT_REAL_RECORD
TRN-007-R02,TRN-007,复核人员,候选记录模板填写与更正规则,JL-6.2-01 人员能力确认与授权记录,记录模板批准启用前,yes,yes,13-记录模板包-候选清单.md；record_template_field_catalog/templates/JL-6.2-01-人员能力确认与授权记录-字段字典.md；record_template_full_trial_pack/JL-6.2-01-人员能力确认与授权记录-试填.md；record_template_field_catalog/03-通用字段覆盖矩阵.md,能按字段字典和试填样表说明记录何时填写、谁填写、谁复核、如何更正、保存在哪里。,模板填写说明、试填反馈、签核与保存规则确认,completed,yes,SIMULATED_TRAINING_NOT_REAL_RECORD
TRN-007-R03,TRN-007,文件管理员,候选记录模板填写与更正规则,JL-6.2-01 人员能力确认与授权记录,记录模板批准启用前,yes,yes,13-记录模板包-候选清单.md；record_template_field_catalog/templates/JL-6.2-01-人员能力确认与授权记录-字段字典.md；record_template_full_trial_pack/JL-6.2-01-人员能力确认与授权记录-试填.md；record_template_field_catalog/03-通用字段覆盖矩阵.md,能按字段字典和试填样表说明记录何时填写、谁填写、谁复核、如何更正、保存在哪里。,模板填写说明、试填反馈、签核与保存规则确认,completed,yes,SIMULATED_TRAINING_NOT_REAL_RECORD
TRN-008-R01,TRN-008,对应过程填写人员,候选记录模板填写与更正规则,JL-6.3-01 环境条件监控与异常处置记录,记录模板批准启用前,yes,yes,13-记录模板包-候选清单.md；record_template_field_catalog/templates/JL-6.3-01-环境条件监控与异常处置记录-字段字典.md；record_template_full_trial_pack/JL-6.3-01-环境条件监控与异常处置记录-试填.md；record_template_field_catalog/03-通用字段覆盖矩阵.md,能按字段字典和试填样表说明记录何时填写、谁填写、谁复核、如何更正、保存在哪里。,模板填写说明、试填反馈、签核与保存规则确认,completed,yes,SIMULATED_TRAINING_NOT_REAL_RECORD
TRN-008-R02,TRN-008,复核人员,候选记录模板填写与更正规则,JL-6.3-01 环境条件监控与异常处置记录,记录模板批准启用前,yes,yes,13-记录模板包-候选清单.md；record_template_field_catalog/templates/JL-6.3-01-环境条件监控与异常处置记录-字段字典.md；record_template_full_trial_pack/JL-6.3-01-环境条件监控与异常处置记录-试填.md；record_template_field_catalog/03-通用字段覆盖矩阵.md,能按字段字典和试填样表说明记录何时填写、谁填写、谁复核、如何更正、保存在哪里。,模板填写说明、试填反馈、签核与保存规则确认,completed,yes,SIMULATED_TRAINING_NOT_REAL_RECORD
TRN-008-R03,TRN-008,文件管理员,候选记录模板填写与更正规则,JL-6.3-01 环境条件监控与异常处置记录,记录模板批准启用前,yes,yes,13-记录模板包-候选清单.md；record_template_field_catalog/templates/JL-6.3-01-环境条件监控与异常处置记录-字段字典.md；record_template_full_trial_pack/JL-6.3-01-环境条件监控与异常处置记录-试填.md；record_template_field_catalog/03-通用字段覆盖矩阵.md,能按字段字典和试填样表说明记录何时填写、谁填写、谁复核、如何更正、保存在哪里。,模板填写说明、试填反馈、签核与保存规则确认,completed,yes,SIMULATED_TRAINING_NOT_REAL_RECORD
TRN-009-R01,TRN-009,对应过程填写人员,候选记录模板填写与更正规则,JL-6.4-01 设备状态与期间核查记录,记录模板批准启用前,yes,yes,13-记录模板包-候选清单.md；record_template_field_catalog/templates/JL-6.4-01-设备状态与期间核查记录-字段字典.md；record_template_full_trial_pack/JL-6.4-01-设备状态与期间核查记录-试填.md；record_template_field_catalog/03-通用字段覆盖矩阵.md,能按字段字典和试填样表说明记录何时填写、谁填写、谁复核、如何更正、保存在哪里。,模板填写说明、试填反馈、签核与保存规则确认,completed,yes,SIMULATED_TRAINING_NOT_REAL_RECORD
TRN-009-R02,TRN-009,复核人员,候选记录模板填写与更正规则,JL-6.4-01 设备状态与期间核查记录,记录模板批准启用前,yes,yes,13-记录模板包-候选清单.md；record_template_field_catalog/templates/JL-6.4-01-设备状态与期间核查记录-字段字典.md；record_template_full_trial_pack/JL-6.4-01-设备状态与期间核查记录-试填.md；record_template_field_catalog/03-通用字段覆盖矩阵.md,能按字段字典和试填样表说明记录何时填写、谁填写、谁复核、如何更正、保存在哪里。,模板填写说明、试填反馈、签核与保存规则确认,completed,yes,SIMULATED_TRAINING_NOT_REAL_RECORD
TRN-009-R03,TRN-009,文件管理员,候选记录模板填写与更正规则,JL-6.4-01 设备状态与期间核查记录,记录模板批准启用前,yes,yes,13-记录模板包-候选清单.md；record_template_field_catalog/templates/JL-6.4-01-设备状态与期间核查记录-字段字典.md；record_template_full_trial_pack/JL-6.4-01-设备状态与期间核查记录-试填.md；record_template_field_catalog/03-通用字段覆盖矩阵.md,能按字段字典和试填样表说明记录何时填写、谁填写、谁复核、如何更正、保存在哪里。,模板填写说明、试填反馈、签核与保存规则确认,completed,yes,SIMULATED_TRAINING_NOT_REAL_RECORD
TRN-010-R01,TRN-010,对应过程填写人员,候选记录模板填写与更正规则,JL-6.5-01 计量溯源结果确认记录,记录模板批准启用前,yes,yes,13-记录模板包-候选清单.md；record_template_field_catalog/templates/JL-6.5-01-计量溯源结果确认记录-字段字典.md；record_template_full_trial_pack/JL-6.5-01-计量溯源结果确认记录-试填.md；record_template_field_catalog/03-通用字段覆盖矩阵.md,能按字段字典和试填样表说明记录何时填写、谁填写、谁复核、如何更正、保存在哪里。,模板填写说明、试填反馈、签核与保存规则确认,completed,yes,SIMULATED_TRAINING_NOT_REAL_RECORD
TRN-010-R02,TRN-010,复核人员,候选记录模板填写与更正规则,JL-6.5-01 计量溯源结果确认记录,记录模板批准启用前,yes,yes,13-记录模板包-候选清单.md；record_template_field_catalog/templates/JL-6.5-01-计量溯源结果确认记录-字段字典.md；record_template_full_trial_pack/JL-6.5-01-计量溯源结果确认记录-试填.md；record_template_field_catalog/03-通用字段覆盖矩阵.md,能按字段字典和试填样表说明记录何时填写、谁填写、谁复核、如何更正、保存在哪里。,模板填写说明、试填反馈、签核与保存规则确认,completed,yes,SIMULATED_TRAINING_NOT_REAL_RECORD
TRN-010-R03,TRN-010,文件管理员,候选记录模板填写与更正规则,JL-6.5-01 计量溯源结果确认记录,记录模板批准启用前,yes,yes,13-记录模板包-候选清单.md；record_template_field_catalog/templates/JL-6.5-01-计量溯源结果确认记录-字段字典.md；record_template_full_trial_pack/JL-6.5-01-计量溯源结果确认记录-试填.md；record_template_field_catalog/03-通用字段覆盖矩阵.md,能按字段字典和试填样表说明记录何时填写、谁填写、谁复核、如何更正、保存在哪里。,模板填写说明、试填反馈、签核与保存规则确认,completed,yes,SIMULATED_TRAINING_NOT_REAL_RECORD
TRN-011-R01,TRN-011,对应过程填写人员,候选记录模板填写与更正规则,JL-6.6-01 外部服务与供应品评价记录,记录模板批准启用前,yes,yes,13-记录模板包-候选清单.md；record_template_field_catalog/templates/JL-6.6-01-外部服务与供应品评价记录-字段字典.md；record_template_full_trial_pack/JL-6.6-01-外部服务与供应品评价记录-试填.md；record_template_field_catalog/03-通用字段覆盖矩阵.md,能按字段字典和试填样表说明记录何时填写、谁填写、谁复核、如何更正、保存在哪里。,模板填写说明、试填反馈、签核与保存规则确认,completed,yes,SIMULATED_TRAINING_NOT_REAL_RECORD
TRN-011-R02,TRN-011,复核人员,候选记录模板填写与更正规则,JL-6.6-01 外部服务与供应品评价记录,记录模板批准启用前,yes,yes,13-记录模板包-候选清单.md；record_template_field_catalog/templates/JL-6.6-01-外部服务与供应品评价记录-字段字典.md；record_template_full_trial_pack/JL-6.6-01-外部服务与供应品评价记录-试填.md；record_template_field_catalog/03-通用字段覆盖矩阵.md,能按字段字典和试填样表说明记录何时填写、谁填写、谁复核、如何更正、保存在哪里。,模板填写说明、试填反馈、签核与保存规则确认,completed,yes,SIMULATED_TRAINING_NOT_REAL_RECORD
TRN-011-R03,TRN-011,文件管理员,候选记录模板填写与更正规则,JL-6.6-01 外部服务与供应品评价记录,记录模板批准启用前,yes,yes,13-记录模板包-候选清单.md；record_template_field_catalog/templates/JL-6.6-01-外部服务与供应品评价记录-字段字典.md；record_template_full_trial_pack/JL-6.6-01-外部服务与供应品评价记录-试填.md；record_template_field_catalog/03-通用字段覆盖矩阵.md,能按字段字典和试填样表说明记录何时填写、谁填写、谁复核、如何更正、保存在哪里。,模板填写说明、试填反馈、签核与保存规则确认,completed,yes,SIMULATED_TRAINING_NOT_REAL_RECORD
TRN-012-R01,TRN-012,对应过程填写人员,候选记录模板填写与更正规则,JL-7.1-01 合同评审记录,记录模板批准启用前,yes,yes,13-记录模板包-候选清单.md；record_template_field_catalog/templates/JL-7.1-01-合同评审记录-字段字典.md；record_template_full_trial_pack/JL-7.1-01-合同评审记录-试填.md；record_template_field_catalog/03-通用字段覆盖矩阵.md,能按字段字典和试填样表说明记录何时填写、谁填写、谁复核、如何更正、保存在哪里。,模板填写说明、试填反馈、签核与保存规则确认,completed,yes,SIMULATED_TRAINING_NOT_REAL_RECORD
TRN-012-R02,TRN-012,复核人员,候选记录模板填写与更正规则,JL-7.1-01 合同评审记录,记录模板批准启用前,yes,yes,13-记录模板包-候选清单.md；record_template_field_catalog/templates/JL-7.1-01-合同评审记录-字段字典.md；record_template_full_trial_pack/JL-7.1-01-合同评审记录-试填.md；record_template_field_catalog/03-通用字段覆盖矩阵.md,能按字段字典和试填样表说明记录何时填写、谁填写、谁复核、如何更正、保存在哪里。,模板填写说明、试填反馈、签核与保存规则确认,completed,yes,SIMULATED_TRAINING_NOT_REAL_RECORD
TRN-012-R03,TRN-012,文件管理员,候选记录模板填写与更正规则,JL-7.1-01 合同评审记录,记录模板批准启用前,yes,yes,13-记录模板包-候选清单.md；record_template_field_catalog/templates/JL-7.1-01-合同评审记录-字段字典.md；record_template_full_trial_pack/JL-7.1-01-合同评审记录-试填.md；record_template_field_catalog/03-通用字段覆盖矩阵.md,能按字段字典和试填样表说明记录何时填写、谁填写、谁复核、如何更正、保存在哪里。,模板填写说明、试填反馈、签核与保存规则确认,completed,yes,SIMULATED_TRAINING_NOT_REAL_RECORD
TRN-013-R01,TRN-013,对应过程填写人员,候选记录模板填写与更正规则,JL-7.2-01 方法验证/确认记录,记录模板批准启用前,yes,yes,13-记录模板包-候选清单.md；record_template_field_catalog/templates/JL-7.2-01-方法验证-确认记录-字段字典.md；record_template_full_trial_pack/JL-7.2-01-方法验证确认记录-试填.md；record_template_field_catalog/03-通用字段覆盖矩阵.md,能按字段字典和试填样表说明记录何时填写、谁填写、谁复核、如何更正、保存在哪里。,模板填写说明、试填反馈、签核与保存规则确认,completed,yes,SIMULATED_TRAINING_NOT_REAL_RECORD
TRN-013-R02,TRN-013,复核人员,候选记录模板填写与更正规则,JL-7.2-01 方法验证/确认记录,记录模板批准启用前,yes,yes,13-记录模板包-候选清单.md；record_template_field_catalog/templates/JL-7.2-01-方法验证-确认记录-字段字典.md；record_template_full_trial_pack/JL-7.2-01-方法验证确认记录-试填.md；record_template_field_catalog/03-通用字段覆盖矩阵.md,能按字段字典和试填样表说明记录何时填写、谁填写、谁复核、如何更正、保存在哪里。,模板填写说明、试填反馈、签核与保存规则确认,completed,yes,SIMULATED_TRAINING_NOT_REAL_RECORD
TRN-013-R03,TRN-013,文件管理员,候选记录模板填写与更正规则,JL-7.2-01 方法验证/确认记录,记录模板批准启用前,yes,yes,13-记录模板包-候选清单.md；record_template_field_catalog/templates/JL-7.2-01-方法验证-确认记录-字段字典.md；record_template_full_trial_pack/JL-7.2-01-方法验证确认记录-试填.md；record_template_field_catalog/03-通用字段覆盖矩阵.md,能按字段字典和试填样表说明记录何时填写、谁填写、谁复核、如何更正、保存在哪里。,模板填写说明、试填反馈、签核与保存规则确认,completed,yes,SIMULATED_TRAINING_NOT_REAL_RECORD
TRN-014-R01,TRN-014,对应过程填写人员,候选记录模板填写与更正规则,JL-7.3-01 抽样条件启用评审记录,记录模板批准启用前,yes,yes,13-记录模板包-候选清单.md；record_template_field_catalog/templates/JL-7.3-01-抽样条件启用评审记录-字段字典.md；record_template_full_trial_pack/JL-7.3-01-抽样条件启用评审记录-试填.md；record_template_field_catalog/03-通用字段覆盖矩阵.md,能按字段字典和试填样表说明记录何时填写、谁填写、谁复核、如何更正、保存在哪里。,模板填写说明、试填反馈、签核与保存规则确认,completed,yes,SIMULATED_TRAINING_NOT_REAL_RECORD
TRN-014-R02,TRN-014,复核人员,候选记录模板填写与更正规则,JL-7.3-01 抽样条件启用评审记录,记录模板批准启用前,yes,yes,13-记录模板包-候选清单.md；record_template_field_catalog/templates/JL-7.3-01-抽样条件启用评审记录-字段字典.md；record_template_full_trial_pack/JL-7.3-01-抽样条件启用评审记录-试填.md；record_template_field_catalog/03-通用字段覆盖矩阵.md,能按字段字典和试填样表说明记录何时填写、谁填写、谁复核、如何更正、保存在哪里。,模板填写说明、试填反馈、签核与保存规则确认,completed,yes,SIMULATED_TRAINING_NOT_REAL_RECORD
TRN-014-R03,TRN-014,文件管理员,候选记录模板填写与更正规则,JL-7.3-01 抽样条件启用评审记录,记录模板批准启用前,yes,yes,13-记录模板包-候选清单.md；record_template_field_catalog/templates/JL-7.3-01-抽样条件启用评审记录-字段字典.md；record_template_full_trial_pack/JL-7.3-01-抽样条件启用评审记录-试填.md；record_template_field_catalog/03-通用字段覆盖矩阵.md,能按字段字典和试填样表说明记录何时填写、谁填写、谁复核、如何更正、保存在哪里。,模板填写说明、试填反馈、签核与保存规则确认,completed,yes,SIMULATED_TRAINING_NOT_REAL_RECORD
TRN-015-R01,TRN-015,对应过程填写人员,候选记录模板填写与更正规则,JL-7.4-01 样品接收与异常处置记录,记录模板批准启用前,yes,yes,13-记录模板包-候选清单.md；record_template_field_catalog/templates/JL-7.4-01-样品接收与异常处置记录-字段字典.md；record_template_full_trial_pack/JL-7.4-01-样品接收与异常处置记录-试填.md；record_template_field_catalog/03-通用字段覆盖矩阵.md,能按字段字典和试填样表说明记录何时填写、谁填写、谁复核、如何更正、保存在哪里。,模板填写说明、试填反馈、签核与保存规则确认,completed,yes,SIMULATED_TRAINING_NOT_REAL_RECORD
TRN-015-R02,TRN-015,复核人员,候选记录模板填写与更正规则,JL-7.4-01 样品接收与异常处置记录,记录模板批准启用前,yes,yes,13-记录模板包-候选清单.md；record_template_field_catalog/templates/JL-7.4-01-样品接收与异常处置记录-字段字典.md；record_template_full_trial_pack/JL-7.4-01-样品接收与异常处置记录-试填.md；record_template_field_catalog/03-通用字段覆盖矩阵.md,能按字段字典和试填样表说明记录何时填写、谁填写、谁复核、如何更正、保存在哪里。,模板填写说明、试填反馈、签核与保存规则确认,completed,yes,SIMULATED_TRAINING_NOT_REAL_RECORD
TRN-015-R03,TRN-015,文件管理员,候选记录模板填写与更正规则,JL-7.4-01 样品接收与异常处置记录,记录模板批准启用前,yes,yes,13-记录模板包-候选清单.md；record_template_field_catalog/templates/JL-7.4-01-样品接收与异常处置记录-字段字典.md；record_template_full_trial_pack/JL-7.4-01-样品接收与异常处置记录-试填.md；record_template_field_catalog/03-通用字段覆盖矩阵.md,能按字段字典和试填样表说明记录何时填写、谁填写、谁复核、如何更正、保存在哪里。,模板填写说明、试填反馈、签核与保存规则确认,completed,yes,SIMULATED_TRAINING_NOT_REAL_RECORD
TRN-016-R01,TRN-016,对应过程填写人员,候选记录模板填写与更正规则,JL-7.5-01 技术记录更正记录,记录模板批准启用前,yes,yes,13-记录模板包-候选清单.md；record_template_field_catalog/templates/JL-7.5-01-技术记录更正记录-字段字典.md；record_template_full_trial_pack/JL-7.5-01-技术记录更正记录-试填.md；record_template_field_catalog/03-通用字段覆盖矩阵.md,能按字段字典和试填样表说明记录何时填写、谁填写、谁复核、如何更正、保存在哪里。,模板填写说明、试填反馈、签核与保存规则确认,completed,yes,SIMULATED_TRAINING_NOT_REAL_RECORD
TRN-016-R02,TRN-016,复核人员,候选记录模板填写与更正规则,JL-7.5-01 技术记录更正记录,记录模板批准启用前,yes,yes,13-记录模板包-候选清单.md；record_template_field_catalog/templates/JL-7.5-01-技术记录更正记录-字段字典.md；record_template_full_trial_pack/JL-7.5-01-技术记录更正记录-试填.md；record_template_field_catalog/03-通用字段覆盖矩阵.md,能按字段字典和试填样表说明记录何时填写、谁填写、谁复核、如何更正、保存在哪里。,模板填写说明、试填反馈、签核与保存规则确认,completed,yes,SIMULATED_TRAINING_NOT_REAL_RECORD
TRN-016-R03,TRN-016,文件管理员,候选记录模板填写与更正规则,JL-7.5-01 技术记录更正记录,记录模板批准启用前,yes,yes,13-记录模板包-候选清单.md；record_template_field_catalog/templates/JL-7.5-01-技术记录更正记录-字段字典.md；record_template_full_trial_pack/JL-7.5-01-技术记录更正记录-试填.md；record_template_field_catalog/03-通用字段覆盖矩阵.md,能按字段字典和试填样表说明记录何时填写、谁填写、谁复核、如何更正、保存在哪里。,模板填写说明、试填反馈、签核与保存规则确认,completed,yes,SIMULATED_TRAINING_NOT_REAL_RECORD
TRN-017-R01,TRN-017,对应过程填写人员,候选记录模板填写与更正规则,JL-7.6-01 测量不确定度适用性评审记录,记录模板批准启用前,yes,yes,13-记录模板包-候选清单.md；record_template_field_catalog/templates/JL-7.6-01-测量不确定度适用性评审记录-字段字典.md；record_template_full_trial_pack/JL-7.6-01-测量不确定度适用性评审记录-试填.md；record_template_field_catalog/03-通用字段覆盖矩阵.md,能按字段字典和试填样表说明记录何时填写、谁填写、谁复核、如何更正、保存在哪里。,模板填写说明、试填反馈、签核与保存规则确认,completed,yes,SIMULATED_TRAINING_NOT_REAL_RECORD
TRN-017-R02,TRN-017,复核人员,候选记录模板填写与更正规则,JL-7.6-01 测量不确定度适用性评审记录,记录模板批准启用前,yes,yes,13-记录模板包-候选清单.md；record_template_field_catalog/templates/JL-7.6-01-测量不确定度适用性评审记录-字段字典.md；record_template_full_trial_pack/JL-7.6-01-测量不确定度适用性评审记录-试填.md；record_template_field_catalog/03-通用字段覆盖矩阵.md,能按字段字典和试填样表说明记录何时填写、谁填写、谁复核、如何更正、保存在哪里。,模板填写说明、试填反馈、签核与保存规则确认,completed,yes,SIMULATED_TRAINING_NOT_REAL_RECORD
TRN-017-R03,TRN-017,文件管理员,候选记录模板填写与更正规则,JL-7.6-01 测量不确定度适用性评审记录,记录模板批准启用前,yes,yes,13-记录模板包-候选清单.md；record_template_field_catalog/templates/JL-7.6-01-测量不确定度适用性评审记录-字段字典.md；record_template_full_trial_pack/JL-7.6-01-测量不确定度适用性评审记录-试填.md；record_template_field_catalog/03-通用字段覆盖矩阵.md,能按字段字典和试填样表说明记录何时填写、谁填写、谁复核、如何更正、保存在哪里。,模板填写说明、试填反馈、签核与保存规则确认,completed,yes,SIMULATED_TRAINING_NOT_REAL_RECORD
TRN-018-R01,TRN-018,对应过程填写人员,候选记录模板填写与更正规则,JL-7.7-01 结果有效性监控计划与评价记录,记录模板批准启用前,yes,yes,13-记录模板包-候选清单.md；record_template_field_catalog/templates/JL-7.7-01-结果有效性监控计划与评价记录-字段字典.md；record_template_full_trial_pack/JL-7.7-01-结果有效性监控计划与评价记录-试填.md；record_template_field_catalog/03-通用字段覆盖矩阵.md,能按字段字典和试填样表说明记录何时填写、谁填写、谁复核、如何更正、保存在哪里。,模板填写说明、试填反馈、签核与保存规则确认,completed,yes,SIMULATED_TRAINING_NOT_REAL_RECORD
TRN-018-R02,TRN-018,复核人员,候选记录模板填写与更正规则,JL-7.7-01 结果有效性监控计划与评价记录,记录模板批准启用前,yes,yes,13-记录模板包-候选清单.md；record_template_field_catalog/templates/JL-7.7-01-结果有效性监控计划与评价记录-字段字典.md；record_template_full_trial_pack/JL-7.7-01-结果有效性监控计划与评价记录-试填.md；record_template_field_catalog/03-通用字段覆盖矩阵.md,能按字段字典和试填样表说明记录何时填写、谁填写、谁复核、如何更正、保存在哪里。,模板填写说明、试填反馈、签核与保存规则确认,completed,yes,SIMULATED_TRAINING_NOT_REAL_RECORD
TRN-018-R03,TRN-018,文件管理员,候选记录模板填写与更正规则,JL-7.7-01 结果有效性监控计划与评价记录,记录模板批准启用前,yes,yes,13-记录模板包-候选清单.md；record_template_field_catalog/templates/JL-7.7-01-结果有效性监控计划与评价记录-字段字典.md；record_template_full_trial_pack/JL-7.7-01-结果有效性监控计划与评价记录-试填.md；record_template_field_catalog/03-通用字段覆盖矩阵.md,能按字段字典和试填样表说明记录何时填写、谁填写、谁复核、如何更正、保存在哪里。,模板填写说明、试填反馈、签核与保存规则确认,completed,yes,SIMULATED_TRAINING_NOT_REAL_RECORD
TRN-019-R01,TRN-019,对应过程填写人员,候选记录模板填写与更正规则,JL-7.8-01 报告复核与授权签发记录,记录模板批准启用前,yes,yes,13-记录模板包-候选清单.md；record_template_field_catalog/templates/JL-7.8-01-报告复核与授权签发记录-字段字典.md；record_template_full_trial_pack/JL-7.8-01-报告复核与授权签发记录-试填.md；record_template_field_catalog/03-通用字段覆盖矩阵.md,能按字段字典和试填样表说明记录何时填写、谁填写、谁复核、如何更正、保存在哪里。,模板填写说明、试填反馈、签核与保存规则确认,completed,yes,SIMULATED_TRAINING_NOT_REAL_RECORD
TRN-019-R02,TRN-019,复核人员,候选记录模板填写与更正规则,JL-7.8-01 报告复核与授权签发记录,记录模板批准启用前,yes,yes,13-记录模板包-候选清单.md；record_template_field_catalog/templates/JL-7.8-01-报告复核与授权签发记录-字段字典.md；record_template_full_trial_pack/JL-7.8-01-报告复核与授权签发记录-试填.md；record_template_field_catalog/03-通用字段覆盖矩阵.md,能按字段字典和试填样表说明记录何时填写、谁填写、谁复核、如何更正、保存在哪里。,模板填写说明、试填反馈、签核与保存规则确认,completed,yes,SIMULATED_TRAINING_NOT_REAL_RECORD
TRN-019-R03,TRN-019,文件管理员,候选记录模板填写与更正规则,JL-7.8-01 报告复核与授权签发记录,记录模板批准启用前,yes,yes,13-记录模板包-候选清单.md；record_template_field_catalog/templates/JL-7.8-01-报告复核与授权签发记录-字段字典.md；record_template_full_trial_pack/JL-7.8-01-报告复核与授权签发记录-试填.md；record_template_field_catalog/03-通用字段覆盖矩阵.md,能按字段字典和试填样表说明记录何时填写、谁填写、谁复核、如何更正、保存在哪里。,模板填写说明、试填反馈、签核与保存规则确认,completed,yes,SIMULATED_TRAINING_NOT_REAL_RECORD
TRN-020-R01,TRN-020,对应过程填写人员,候选记录模板填写与更正规则,JL-7.9-01 投诉处理记录,记录模板批准启用前,yes,yes,13-记录模板包-候选清单.md；record_template_field_catalog/templates/JL-7.9-01-投诉处理记录-字段字典.md；record_template_full_trial_pack/JL-7.9-01-投诉处理记录-试填.md；record_template_field_catalog/03-通用字段覆盖矩阵.md,能按字段字典和试填样表说明记录何时填写、谁填写、谁复核、如何更正、保存在哪里。,模板填写说明、试填反馈、签核与保存规则确认,completed,yes,SIMULATED_TRAINING_NOT_REAL_RECORD
TRN-020-R02,TRN-020,复核人员,候选记录模板填写与更正规则,JL-7.9-01 投诉处理记录,记录模板批准启用前,yes,yes,13-记录模板包-候选清单.md；record_template_field_catalog/templates/JL-7.9-01-投诉处理记录-字段字典.md；record_template_full_trial_pack/JL-7.9-01-投诉处理记录-试填.md；record_template_field_catalog/03-通用字段覆盖矩阵.md,能按字段字典和试填样表说明记录何时填写、谁填写、谁复核、如何更正、保存在哪里。,模板填写说明、试填反馈、签核与保存规则确认,completed,yes,SIMULATED_TRAINING_NOT_REAL_RECORD
TRN-020-R03,TRN-020,文件管理员,候选记录模板填写与更正规则,JL-7.9-01 投诉处理记录,记录模板批准启用前,yes,yes,13-记录模板包-候选清单.md；record_template_field_catalog/templates/JL-7.9-01-投诉处理记录-字段字典.md；record_template_full_trial_pack/JL-7.9-01-投诉处理记录-试填.md；record_template_field_catalog/03-通用字段覆盖矩阵.md,能按字段字典和试填样表说明记录何时填写、谁填写、谁复核、如何更正、保存在哪里。,模板填写说明、试填反馈、签核与保存规则确认,completed,yes,SIMULATED_TRAINING_NOT_REAL_RECORD
TRN-021-R01,TRN-021,对应过程填写人员,候选记录模板填写与更正规则,JL-7.10-01 不符合工作影响评价与恢复授权记录,记录模板批准启用前,yes,yes,13-记录模板包-候选清单.md；record_template_field_catalog/templates/JL-7.10-01-不符合工作影响评价与恢复授权记录-字段字典.md；record_template_full_trial_pack/JL-7.10-01-不符合工作影响评价与恢复授权记录-试填.md；record_template_field_catalog/03-通用字段覆盖矩阵.md,能按字段字典和试填样表说明记录何时填写、谁填写、谁复核、如何更正、保存在哪里。,模板填写说明、试填反馈、签核与保存规则确认,completed,yes,SIMULATED_TRAINING_NOT_REAL_RECORD
TRN-021-R02,TRN-021,复核人员,候选记录模板填写与更正规则,JL-7.10-01 不符合工作影响评价与恢复授权记录,记录模板批准启用前,yes,yes,13-记录模板包-候选清单.md；record_template_field_catalog/templates/JL-7.10-01-不符合工作影响评价与恢复授权记录-字段字典.md；record_template_full_trial_pack/JL-7.10-01-不符合工作影响评价与恢复授权记录-试填.md；record_template_field_catalog/03-通用字段覆盖矩阵.md,能按字段字典和试填样表说明记录何时填写、谁填写、谁复核、如何更正、保存在哪里。,模板填写说明、试填反馈、签核与保存规则确认,completed,yes,SIMULATED_TRAINING_NOT_REAL_RECORD
TRN-021-R03,TRN-021,文件管理员,候选记录模板填写与更正规则,JL-7.10-01 不符合工作影响评价与恢复授权记录,记录模板批准启用前,yes,yes,13-记录模板包-候选清单.md；record_template_field_catalog/templates/JL-7.10-01-不符合工作影响评价与恢复授权记录-字段字典.md；record_template_full_trial_pack/JL-7.10-01-不符合工作影响评价与恢复授权记录-试填.md；record_template_field_catalog/03-通用字段覆盖矩阵.md,能按字段字典和试填样表说明记录何时填写、谁填写、谁复核、如何更正、保存在哪里。,模板填写说明、试填反馈、签核与保存规则确认,completed,yes,SIMULATED_TRAINING_NOT_REAL_RECORD
TRN-022-R01,TRN-022,对应过程填写人员,候选记录模板填写与更正规则,JL-7.11-01 电子表格/软件适用性确认记录,记录模板批准启用前,yes,yes,13-记录模板包-候选清单.md；record_template_field_catalog/templates/JL-7.11-01-电子表格-软件适用性确认记录-字段字典.md；record_template_full_trial_pack/JL-7.11-01-电子表格软件适用性确认记录-试填.md；record_template_field_catalog/03-通用字段覆盖矩阵.md,能按字段字典和试填样表说明记录何时填写、谁填写、谁复核、如何更正、保存在哪里。,模板填写说明、试填反馈、签核与保存规则确认,completed,yes,SIMULATED_TRAINING_NOT_REAL_RECORD
TRN-022-R02,TRN-022,复核人员,候选记录模板填写与更正规则,JL-7.11-01 电子表格/软件适用性确认记录,记录模板批准启用前,yes,yes,13-记录模板包-候选清单.md；record_template_field_catalog/templates/JL-7.11-01-电子表格-软件适用性确认记录-字段字典.md；record_template_full_trial_pack/JL-7.11-01-电子表格软件适用性确认记录-试填.md；record_template_field_catalog/03-通用字段覆盖矩阵.md,能按字段字典和试填样表说明记录何时填写、谁填写、谁复核、如何更正、保存在哪里。,模板填写说明、试填反馈、签核与保存规则确认,completed,yes,SIMULATED_TRAINING_NOT_REAL_RECORD
TRN-022-R03,TRN-022,文件管理员,候选记录模板填写与更正规则,JL-7.11-01 电子表格/软件适用性确认记录,记录模板批准启用前,yes,yes,13-记录模板包-候选清单.md；record_template_field_catalog/templates/JL-7.11-01-电子表格-软件适用性确认记录-字段字典.md；record_template_full_trial_pack/JL-7.11-01-电子表格软件适用性确认记录-试填.md；record_template_field_catalog/03-通用字段覆盖矩阵.md,能按字段字典和试填样表说明记录何时填写、谁填写、谁复核、如何更正、保存在哪里。,模板填写说明、试填反馈、签核与保存规则确认,completed,yes,SIMULATED_TRAINING_NOT_REAL_RECORD
TRN-023-R01,TRN-023,对应过程填写人员,候选记录模板填写与更正规则,JL-8.3-01 文件修订评审与发布记录,记录模板批准启用前,yes,yes,13-记录模板包-候选清单.md；record_template_field_catalog/templates/JL-8.3-01-文件修订评审与发布记录-字段字典.md；record_template_full_trial_pack/JL-8.3-01-文件修订评审与发布记录-试填.md；record_template_field_catalog/03-通用字段覆盖矩阵.md,能按字段字典和试填样表说明记录何时填写、谁填写、谁复核、如何更正、保存在哪里。,模板填写说明、试填反馈、签核与保存规则确认,completed,yes,SIMULATED_TRAINING_NOT_REAL_RECORD
TRN-023-R02,TRN-023,复核人员,候选记录模板填写与更正规则,JL-8.3-01 文件修订评审与发布记录,记录模板批准启用前,yes,yes,13-记录模板包-候选清单.md；record_template_field_catalog/templates/JL-8.3-01-文件修订评审与发布记录-字段字典.md；record_template_full_trial_pack/JL-8.3-01-文件修订评审与发布记录-试填.md；record_template_field_catalog/03-通用字段覆盖矩阵.md,能按字段字典和试填样表说明记录何时填写、谁填写、谁复核、如何更正、保存在哪里。,模板填写说明、试填反馈、签核与保存规则确认,completed,yes,SIMULATED_TRAINING_NOT_REAL_RECORD
TRN-023-R03,TRN-023,文件管理员,候选记录模板填写与更正规则,JL-8.3-01 文件修订评审与发布记录,记录模板批准启用前,yes,yes,13-记录模板包-候选清单.md；record_template_field_catalog/templates/JL-8.3-01-文件修订评审与发布记录-字段字典.md；record_template_full_trial_pack/JL-8.3-01-文件修订评审与发布记录-试填.md；record_template_field_catalog/03-通用字段覆盖矩阵.md,能按字段字典和试填样表说明记录何时填写、谁填写、谁复核、如何更正、保存在哪里。,模板填写说明、试填反馈、签核与保存规则确认,completed,yes,SIMULATED_TRAINING_NOT_REAL_RECORD
TRN-024-R01,TRN-024,对应过程填写人员,候选记录模板填写与更正规则,JL-8.4-01 记录归档与借阅记录,记录模板批准启用前,yes,yes,13-记录模板包-候选清单.md；record_template_field_catalog/templates/JL-8.4-01-记录归档与借阅记录-字段字典.md；record_template_full_trial_pack/JL-8.4-01-记录归档与借阅记录-试填.md；record_template_field_catalog/03-通用字段覆盖矩阵.md,能按字段字典和试填样表说明记录何时填写、谁填写、谁复核、如何更正、保存在哪里。,模板填写说明、试填反馈、签核与保存规则确认,completed,yes,SIMULATED_TRAINING_NOT_REAL_RECORD
TRN-024-R02,TRN-024,复核人员,候选记录模板填写与更正规则,JL-8.4-01 记录归档与借阅记录,记录模板批准启用前,yes,yes,13-记录模板包-候选清单.md；record_template_field_catalog/templates/JL-8.4-01-记录归档与借阅记录-字段字典.md；record_template_full_trial_pack/JL-8.4-01-记录归档与借阅记录-试填.md；record_template_field_catalog/03-通用字段覆盖矩阵.md,能按字段字典和试填样表说明记录何时填写、谁填写、谁复核、如何更正、保存在哪里。,模板填写说明、试填反馈、签核与保存规则确认,completed,yes,SIMULATED_TRAINING_NOT_REAL_RECORD
TRN-024-R03,TRN-024,文件管理员,候选记录模板填写与更正规则,JL-8.4-01 记录归档与借阅记录,记录模板批准启用前,yes,yes,13-记录模板包-候选清单.md；record_template_field_catalog/templates/JL-8.4-01-记录归档与借阅记录-字段字典.md；record_template_full_trial_pack/JL-8.4-01-记录归档与借阅记录-试填.md；record_template_field_catalog/03-通用字段覆盖矩阵.md,能按字段字典和试填样表说明记录何时填写、谁填写、谁复核、如何更正、保存在哪里。,模板填写说明、试填反馈、签核与保存规则确认,completed,yes,SIMULATED_TRAINING_NOT_REAL_RECORD
TRN-025-R01,TRN-025,对应过程填写人员,候选记录模板填写与更正规则,JL-8.5-01 风险和机遇措施跟踪记录,记录模板批准启用前,yes,yes,13-记录模板包-候选清单.md；record_template_field_catalog/templates/JL-8.5-01-风险和机遇措施跟踪记录-字段字典.md；record_template_full_trial_pack/JL-8.5-01-风险和机遇措施跟踪记录-试填.md；record_template_field_catalog/03-通用字段覆盖矩阵.md,能按字段字典和试填样表说明记录何时填写、谁填写、谁复核、如何更正、保存在哪里。,模板填写说明、试填反馈、签核与保存规则确认,completed,yes,SIMULATED_TRAINING_NOT_REAL_RECORD
TRN-025-R02,TRN-025,复核人员,候选记录模板填写与更正规则,JL-8.5-01 风险和机遇措施跟踪记录,记录模板批准启用前,yes,yes,13-记录模板包-候选清单.md；record_template_field_catalog/templates/JL-8.5-01-风险和机遇措施跟踪记录-字段字典.md；record_template_full_trial_pack/JL-8.5-01-风险和机遇措施跟踪记录-试填.md；record_template_field_catalog/03-通用字段覆盖矩阵.md,能按字段字典和试填样表说明记录何时填写、谁填写、谁复核、如何更正、保存在哪里。,模板填写说明、试填反馈、签核与保存规则确认,completed,yes,SIMULATED_TRAINING_NOT_REAL_RECORD
TRN-025-R03,TRN-025,文件管理员,候选记录模板填写与更正规则,JL-8.5-01 风险和机遇措施跟踪记录,记录模板批准启用前,yes,yes,13-记录模板包-候选清单.md；record_template_field_catalog/templates/JL-8.5-01-风险和机遇措施跟踪记录-字段字典.md；record_template_full_trial_pack/JL-8.5-01-风险和机遇措施跟踪记录-试填.md；record_template_field_catalog/03-通用字段覆盖矩阵.md,能按字段字典和试填样表说明记录何时填写、谁填写、谁复核、如何更正、保存在哪里。,模板填写说明、试填反馈、签核与保存规则确认,completed,yes,SIMULATED_TRAINING_NOT_REAL_RECORD
TRN-026-R01,TRN-026,对应过程填写人员,候选记录模板填写与更正规则,JL-8.6-01 改进建议与效果评价记录,记录模板批准启用前,yes,yes,13-记录模板包-候选清单.md；record_template_field_catalog/templates/JL-8.6-01-改进建议与效果评价记录-字段字典.md；record_template_full_trial_pack/JL-8.6-01-改进建议与效果评价记录-试填.md；record_template_field_catalog/03-通用字段覆盖矩阵.md,能按字段字典和试填样表说明记录何时填写、谁填写、谁复核、如何更正、保存在哪里。,模板填写说明、试填反馈、签核与保存规则确认,completed,yes,SIMULATED_TRAINING_NOT_REAL_RECORD
TRN-026-R02,TRN-026,复核人员,候选记录模板填写与更正规则,JL-8.6-01 改进建议与效果评价记录,记录模板批准启用前,yes,yes,13-记录模板包-候选清单.md；record_template_field_catalog/templates/JL-8.6-01-改进建议与效果评价记录-字段字典.md；record_template_full_trial_pack/JL-8.6-01-改进建议与效果评价记录-试填.md；record_template_field_catalog/03-通用字段覆盖矩阵.md,能按字段字典和试填样表说明记录何时填写、谁填写、谁复核、如何更正、保存在哪里。,模板填写说明、试填反馈、签核与保存规则确认,completed,yes,SIMULATED_TRAINING_NOT_REAL_RECORD
TRN-026-R03,TRN-026,文件管理员,候选记录模板填写与更正规则,JL-8.6-01 改进建议与效果评价记录,记录模板批准启用前,yes,yes,13-记录模板包-候选清单.md；record_template_field_catalog/templates/JL-8.6-01-改进建议与效果评价记录-字段字典.md；record_template_full_trial_pack/JL-8.6-01-改进建议与效果评价记录-试填.md；record_template_field_catalog/03-通用字段覆盖矩阵.md,能按字段字典和试填样表说明记录何时填写、谁填写、谁复核、如何更正、保存在哪里。,模板填写说明、试填反馈、签核与保存规则确认,completed,yes,SIMULATED_TRAINING_NOT_REAL_RECORD
TRN-027-R01,TRN-027,对应过程填写人员,候选记录模板填写与更正规则,JL-8.7-01 纠正措施记录,记录模板批准启用前,yes,yes,13-记录模板包-候选清单.md；record_template_field_catalog/templates/JL-8.7-01-纠正措施记录-字段字典.md；record_template_full_trial_pack/JL-8.7-01-纠正措施记录-试填.md；record_template_field_catalog/03-通用字段覆盖矩阵.md,能按字段字典和试填样表说明记录何时填写、谁填写、谁复核、如何更正、保存在哪里。,模板填写说明、试填反馈、签核与保存规则确认,completed,yes,SIMULATED_TRAINING_NOT_REAL_RECORD
TRN-027-R02,TRN-027,复核人员,候选记录模板填写与更正规则,JL-8.7-01 纠正措施记录,记录模板批准启用前,yes,yes,13-记录模板包-候选清单.md；record_template_field_catalog/templates/JL-8.7-01-纠正措施记录-字段字典.md；record_template_full_trial_pack/JL-8.7-01-纠正措施记录-试填.md；record_template_field_catalog/03-通用字段覆盖矩阵.md,能按字段字典和试填样表说明记录何时填写、谁填写、谁复核、如何更正、保存在哪里。,模板填写说明、试填反馈、签核与保存规则确认,completed,yes,SIMULATED_TRAINING_NOT_REAL_RECORD
TRN-027-R03,TRN-027,文件管理员,候选记录模板填写与更正规则,JL-8.7-01 纠正措施记录,记录模板批准启用前,yes,yes,13-记录模板包-候选清单.md；record_template_field_catalog/templates/JL-8.7-01-纠正措施记录-字段字典.md；record_template_full_trial_pack/JL-8.7-01-纠正措施记录-试填.md；record_template_field_catalog/03-通用字段覆盖矩阵.md,能按字段字典和试填样表说明记录何时填写、谁填写、谁复核、如何更正、保存在哪里。,模板填写说明、试填反馈、签核与保存规则确认,completed,yes,SIMULATED_TRAINING_NOT_REAL_RECORD
TRN-028-R01,TRN-028,对应过程填写人员,候选记录模板填写与更正规则,JL-8.8-01 内审计划、检查表与整改验证记录,记录模板批准启用前,yes,yes,13-记录模板包-候选清单.md；record_template_field_catalog/templates/JL-8.8-01-内审计划-检查表与整改验证记录-字段字典.md；record_template_full_trial_pack/JL-8.8-01-内审计划、检查表与整改验证记录-试填.md；record_template_field_catalog/03-通用字段覆盖矩阵.md,能按字段字典和试填样表说明记录何时填写、谁填写、谁复核、如何更正、保存在哪里。,模板填写说明、试填反馈、签核与保存规则确认,completed,yes,SIMULATED_TRAINING_NOT_REAL_RECORD
TRN-028-R02,TRN-028,复核人员,候选记录模板填写与更正规则,JL-8.8-01 内审计划、检查表与整改验证记录,记录模板批准启用前,yes,yes,13-记录模板包-候选清单.md；record_template_field_catalog/templates/JL-8.8-01-内审计划-检查表与整改验证记录-字段字典.md；record_template_full_trial_pack/JL-8.8-01-内审计划、检查表与整改验证记录-试填.md；record_template_field_catalog/03-通用字段覆盖矩阵.md,能按字段字典和试填样表说明记录何时填写、谁填写、谁复核、如何更正、保存在哪里。,模板填写说明、试填反馈、签核与保存规则确认,completed,yes,SIMULATED_TRAINING_NOT_REAL_RECORD
TRN-028-R03,TRN-028,文件管理员,候选记录模板填写与更正规则,JL-8.8-01 内审计划、检查表与整改验证记录,记录模板批准启用前,yes,yes,13-记录模板包-候选清单.md；record_template_field_catalog/templates/JL-8.8-01-内审计划-检查表与整改验证记录-字段字典.md；record_template_full_trial_pack/JL-8.8-01-内审计划、检查表与整改验证记录-试填.md；record_template_field_catalog/03-通用字段覆盖矩阵.md,能按字段字典和试填样表说明记录何时填写、谁填写、谁复核、如何更正、保存在哪里。,模板填写说明、试填反馈、签核与保存规则确认,completed,yes,SIMULATED_TRAINING_NOT_REAL_RECORD
TRN-029-R01,TRN-029,对应过程填写人员,候选记录模板填写与更正规则,JL-8.9-01 管理评审输入输出及跟踪记录,记录模板批准启用前,yes,yes,13-记录模板包-候选清单.md；record_template_field_catalog/templates/JL-8.9-01-管理评审输入输出及跟踪记录-字段字典.md；record_template_full_trial_pack/JL-8.9-01-管理评审输入输出及跟踪记录-试填.md；record_template_field_catalog/03-通用字段覆盖矩阵.md,能按字段字典和试填样表说明记录何时填写、谁填写、谁复核、如何更正、保存在哪里。,模板填写说明、试填反馈、签核与保存规则确认,completed,yes,SIMULATED_TRAINING_NOT_REAL_RECORD
TRN-029-R02,TRN-029,复核人员,候选记录模板填写与更正规则,JL-8.9-01 管理评审输入输出及跟踪记录,记录模板批准启用前,yes,yes,13-记录模板包-候选清单.md；record_template_field_catalog/templates/JL-8.9-01-管理评审输入输出及跟踪记录-字段字典.md；record_template_full_trial_pack/JL-8.9-01-管理评审输入输出及跟踪记录-试填.md；record_template_field_catalog/03-通用字段覆盖矩阵.md,能按字段字典和试填样表说明记录何时填写、谁填写、谁复核、如何更正、保存在哪里。,模板填写说明、试填反馈、签核与保存规则确认,completed,yes,SIMULATED_TRAINING_NOT_REAL_RECORD
TRN-029-R03,TRN-029,文件管理员,候选记录模板填写与更正规则,JL-8.9-01 管理评审输入输出及跟踪记录,记录模板批准启用前,yes,yes,13-记录模板包-候选清单.md；record_template_field_catalog/templates/JL-8.9-01-管理评审输入输出及跟踪记录-字段字典.md；record_template_full_trial_pack/JL-8.9-01-管理评审输入输出及跟踪记录-试填.md；record_template_field_catalog/03-通用字段覆盖矩阵.md,能按字段字典和试填样表说明记录何时填写、谁填写、谁复核、如何更正、保存在哪里。,模板填写说明、试填反馈、签核与保存规则确认,completed,yes,SIMULATED_TRAINING_NOT_REAL_RECORD
