template_code,template_name,field_order,field_key,field_label,field_type,required,field_group,default_value,note,trial_value_present,trial_value,human_confirmation_required,review_focus
JL-4.1-01,公正性风险识别与处置记录,1,record_number,记录编号,text,yes,common,,候选模板通用字段，正式启用前需由文件管理员确认。,yes,SIM-JL-4.1-01-20260707-001,yes,候选字段需文件管理员确认
JL-4.1-01,公正性风险识别与处置记录,2,record_name,记录名称,text,yes,common,,候选模板通用字段，正式启用前需由文件管理员确认。,yes,公正性风险识别与处置记录,yes,候选字段需文件管理员确认
JL-4.1-01,公正性风险识别与处置记录,3,applicable_clause,适用条款,text,yes,common,4.1、8.5,候选模板通用字段，正式启用前需由文件管理员确认。,yes,4.1、8.5,yes,候选字段需文件管理员确认
JL-4.1-01,公正性风险识别与处置记录,4,related_procedure,关联程序,text,yes,common,XZTC/CX-07-02-2022；XZTC/CX-07-2022；XZTC/CX-17-2022；XZTC/CX-18-2022；XZTC/CX-32-2022,候选模板通用字段，正式启用前需由文件管理员确认。,yes,XZTC/CX-07-02-2022；XZTC/CX-07-2022；XZTC/CX-17-2022；XZTC/CX-18-2022；XZTC/CX-32-2022,yes,候选字段需文件管理员确认
JL-4.1-01,公正性风险识别与处置记录,5,responsible_position,填写责任,text,yes,common,质量负责人,候选模板通用字段，正式启用前需由文件管理员确认。,yes,质量负责人,yes,候选字段需文件管理员确认
JL-4.1-01,公正性风险识别与处置记录,6,trigger_time,形成时机,text,yes,common,年度识别、岗位变化、客户关系变化、投诉或外部压力出现时,候选模板通用字段，正式启用前需由文件管理员确认。,yes,年度识别、岗位变化、客户关系变化、投诉或外部压力出现时,yes,候选字段需文件管理员确认
JL-4.1-01,公正性风险识别与处置记录,7,reviewer,复核/批准,text,no,common,,候选模板通用字段，正式启用前需由文件管理员确认。,yes,待人工确认,yes,需确认保存/保密/签核规则；试填值仍为待确认；候选字段需文件管理员确认
JL-4.1-01,公正性风险识别与处置记录,8,storage_location,保存位置,text,no,common,,候选模板通用字段，正式启用前需由文件管理员确认。,yes,待人工确认,yes,需确认保存/保密/签核规则；试填值仍为待确认；候选字段需文件管理员确认
JL-4.1-01,公正性风险识别与处置记录,9,retention_period,保存期限,text,no,common,,候选模板通用字段，正式启用前需由文件管理员确认。,yes,待人工确认,yes,需确认保存/保密/签核规则；试填值仍为待确认；候选字段需文件管理员确认
JL-4.1-01,公正性风险识别与处置记录,10,confidentiality_level,保密等级,select,no,common,,候选模板通用字段，正式启用前需由文件管理员确认。,yes,待确认,yes,需确认保存/保密/签核规则；试填值仍为待确认；候选字段需文件管理员确认
JL-4.1-01,公正性风险识别与处置记录,11,correction_rule,更正规则,text,yes,common,,候选模板通用字段，正式启用前需由文件管理员确认。,yes,保留原始信息、更正原因、更正日期、责任人和复核痕迹；本试填为模拟数据，不作为正式更正规则。SIMULATED_TRIAL_NOT_REAL_RECORD,yes,候选字段需文件管理员确认
JL-4.1-01,公正性风险识别与处置记录,12,specific_01_993a520f,风险来源,text,yes,specific,,来自候选记录模板清单的关键字段，需与现用表单或试填结果复核。,yes,模拟：客户与检测人员存在熟人关系，真实运行时应按公正性风险准则核实。,yes,需过程负责人确认字段含义和现用表单一致性
JL-4.1-01,公正性风险识别与处置记录,13,specific_02_e146c853,影响活动,text,yes,specific,,来自候选记录模板清单的关键字段，需与现用表单或试填结果复核。,yes,模拟：样品受理、检测安排、结果复核。,yes,需过程负责人确认字段含义和现用表单一致性
JL-4.1-01,公正性风险识别与处置记录,14,specific_03_a90f1e55,风险等级,text,yes,specific,,来自候选记录模板清单的关键字段，需与现用表单或试填结果复核。,yes,模拟：中，待质量负责人按真实风险准则确认。,yes,需过程负责人确认字段含义和现用表单一致性
JL-4.1-01,公正性风险识别与处置记录,15,specific_04_569b1741,措施,text,yes,specific,,来自候选记录模板清单的关键字段，需与现用表单或试填结果复核。,yes,模拟：相关人员回避、增加独立复核、记录客户沟通。,yes,需过程负责人确认字段含义和现用表单一致性
JL-4.1-01,公正性风险识别与处置记录,16,specific_05_0fe0b81e,责任人,text,yes,specific,,来自候选记录模板清单的关键字段，需与现用表单或试填结果复核。,yes,模拟：质量负责人/相关岗位待确认。,yes,试填值仍为待确认；需过程负责人确认字段含义和现用表单一致性
JL-4.1-01,公正性风险识别与处置记录,17,specific_06_9d33da6a,有效性评价,text,yes,specific,,来自候选记录模板清单的关键字段，需与现用表单或试填结果复核。,yes,模拟：待一个运行周期后评价；本记录仅验证字段可填性。,yes,需过程负责人确认字段含义和现用表单一致性
JL-4.2-01,保密承诺与权限确认记录,1,record_number,记录编号,text,yes,common,,候选模板通用字段，正式启用前需由文件管理员确认。,yes,SIM-JL-4.2-01-20260707-001,yes,候选字段需文件管理员确认
JL-4.2-01,保密承诺与权限确认记录,2,record_name,记录名称,text,yes,common,,候选模板通用字段，正式启用前需由文件管理员确认。,yes,保密承诺与权限确认记录,yes,候选字段需文件管理员确认
JL-4.2-01,保密承诺与权限确认记录,3,applicable_clause,适用条款,text,yes,common,4.2、8.4,候选模板通用字段，正式启用前需由文件管理员确认。,yes,4.2、8.4,yes,候选字段需文件管理员确认
JL-4.2-01,保密承诺与权限确认记录,4,related_procedure,关联程序,text,yes,common,XZTC/CX-06-2022；XZTC/CX-08-2022；XZTC/CX-19-2022；XZTC/CX-26-2022,候选模板通用字段，正式启用前需由文件管理员确认。,yes,XZTC/CX-06-2022；XZTC/CX-08-2022；XZTC/CX-19-2022；XZTC/CX-26-2022,yes,候选字段需文件管理员确认
JL-4.2-01,保密承诺与权限确认记录,5,responsible_position,填写责任,text,yes,common,文件管理员/质量负责人,候选模板通用字段，正式启用前需由文件管理员确认。,yes,文件管理员/质量负责人,yes,候选字段需文件管理员确认
JL-4.2-01,保密承诺与权限确认记录,6,trigger_time,形成时机,text,yes,common,入职、授权、外部方接触资料前,候选模板通用字段，正式启用前需由文件管理员确认。,yes,入职、授权、外部方接触资料前,yes,候选字段需文件管理员确认
JL-4.2-01,保密承诺与权限确认记录,7,reviewer,复核/批准,text,no,common,,候选模板通用字段，正式启用前需由文件管理员确认。,yes,待人工确认,yes,需确认保存/保密/签核规则；试填值仍为待确认；候选字段需文件管理员确认
JL-4.2-01,保密承诺与权限确认记录,8,storage_location,保存位置,text,no,common,,候选模板通用字段，正式启用前需由文件管理员确认。,yes,待人工确认,yes,需确认保存/保密/签核规则；试填值仍为待确认；候选字段需文件管理员确认
JL-4.2-01,保密承诺与权限确认记录,9,retention_period,保存期限,text,no,common,,候选模板通用字段，正式启用前需由文件管理员确认。,yes,待人工确认,yes,需确认保存/保密/签核规则；试填值仍为待确认；候选字段需文件管理员确认
JL-4.2-01,保密承诺与权限确认记录,10,confidentiality_level,保密等级,select,no,common,,候选模板通用字段，正式启用前需由文件管理员确认。,yes,待确认,yes,需确认保存/保密/签核规则；试填值仍为待确认；候选字段需文件管理员确认
JL-4.2-01,保密承诺与权限确认记录,11,correction_rule,更正规则,text,yes,common,,候选模板通用字段，正式启用前需由文件管理员确认。,yes,保留原始信息、更正原因、更正日期、责任人和复核痕迹；本试填为模拟数据，不作为正式更正规则。SIMULATED_TRIAL_NOT_REAL_RECORD,yes,候选字段需文件管理员确认
JL-4.2-01,保密承诺与权限确认记录,12,specific_01_0c7bcce8,人员/外部方,text,yes,specific,,来自候选记录模板清单的关键字段，需与现用表单或试填结果复核。,yes,模拟：人员/外部方待按真实业务填写。,yes,需过程负责人确认字段含义和现用表单一致性
JL-4.2-01,保密承诺与权限确认记录,13,specific_02_6b489143,接触范围,text,yes,specific,,来自候选记录模板清单的关键字段，需与现用表单或试填结果复核。,yes,模拟：接触范围待按真实业务填写。,yes,需过程负责人确认字段含义和现用表单一致性
JL-4.2-01,保密承诺与权限确认记录,14,specific_03_2db5a111,承诺内容,text,yes,specific,,来自候选记录模板清单的关键字段，需与现用表单或试填结果复核。,yes,模拟：承诺内容待按真实业务填写。,yes,需过程负责人确认字段含义和现用表单一致性
JL-4.2-01,保密承诺与权限确认记录,15,specific_04_b11a0c75,权限边界,text,yes,specific,,来自候选记录模板清单的关键字段，需与现用表单或试填结果复核。,yes,模拟：权限边界待按真实业务填写。,yes,需过程负责人确认字段含义和现用表单一致性
JL-4.2-01,保密承诺与权限确认记录,16,specific_05_a3c5c19f,签署日期,text,yes,specific,,来自候选记录模板清单的关键字段，需与现用表单或试填结果复核。,yes,模拟：签署日期待按真实业务填写。,yes,需过程负责人确认字段含义和现用表单一致性
JL-5-01,岗位职责与授权确认表,1,record_number,记录编号,text,yes,common,,候选模板通用字段，正式启用前需由文件管理员确认。,yes,SIM-JL-5-01-20260707-001,yes,候选字段需文件管理员确认
JL-5-01,岗位职责与授权确认表,2,record_name,记录名称,text,yes,common,,候选模板通用字段，正式启用前需由文件管理员确认。,yes,岗位职责与授权确认表,yes,候选字段需文件管理员确认
JL-5-01,岗位职责与授权确认表,3,applicable_clause,适用条款,text,yes,common,5、6.2,候选模板通用字段，正式启用前需由文件管理员确认。,yes,5、6.2,yes,候选字段需文件管理员确认
JL-5-01,岗位职责与授权确认表,4,related_procedure,关联程序,text,yes,common,XZTC/CX-01-02-2022；XZTC/CX-01-2022；XZTC/CX-13-2022；XZTC/CX-31-2022；XZTC/CX-32-2022,候选模板通用字段，正式启用前需由文件管理员确认。,yes,XZTC/CX-01-02-2022；XZTC/CX-01-2022；XZTC/CX-13-2022；XZTC/CX-31-2022；XZTC/CX-32-2022,yes,候选字段需文件管理员确认
JL-5-01,岗位职责与授权确认表,5,responsible_position,填写责任,text,yes,common,最高管理者/技术负责人,候选模板通用字段，正式启用前需由文件管理员确认。,yes,最高管理者/技术负责人,yes,候选字段需文件管理员确认
JL-5-01,岗位职责与授权确认表,6,trigger_time,形成时机,text,yes,common,岗位任命、授权或变更时,候选模板通用字段，正式启用前需由文件管理员确认。,yes,岗位任命、授权或变更时,yes,候选字段需文件管理员确认
JL-5-01,岗位职责与授权确认表,7,reviewer,复核/批准,text,no,common,,候选模板通用字段，正式启用前需由文件管理员确认。,yes,待人工确认,yes,需确认保存/保密/签核规则；试填值仍为待确认；候选字段需文件管理员确认
JL-5-01,岗位职责与授权确认表,8,storage_location,保存位置,text,no,common,,候选模板通用字段，正式启用前需由文件管理员确认。,yes,待人工确认,yes,需确认保存/保密/签核规则；试填值仍为待确认；候选字段需文件管理员确认
JL-5-01,岗位职责与授权确认表,9,retention_period,保存期限,text,no,common,,候选模板通用字段，正式启用前需由文件管理员确认。,yes,待人工确认,yes,需确认保存/保密/签核规则；试填值仍为待确认；候选字段需文件管理员确认
JL-5-01,岗位职责与授权确认表,10,confidentiality_level,保密等级,select,no,common,,候选模板通用字段，正式启用前需由文件管理员确认。,yes,待确认,yes,需确认保存/保密/签核规则；试填值仍为待确认；候选字段需文件管理员确认
JL-5-01,岗位职责与授权确认表,11,correction_rule,更正规则,text,yes,common,,候选模板通用字段，正式启用前需由文件管理员确认。,yes,保留原始信息、更正原因、更正日期、责任人和复核痕迹；本试填为模拟数据，不作为正式更正规则。SIMULATED_TRIAL_NOT_REAL_RECORD,yes,候选字段需文件管理员确认
JL-5-01,岗位职责与授权确认表,12,specific_01_f0f3e908,岗位,text,yes,specific,,来自候选记录模板清单的关键字段，需与现用表单或试填结果复核。,yes,模拟：岗位待按真实业务填写。,yes,需过程负责人确认字段含义和现用表单一致性
JL-5-01,岗位职责与授权确认表,13,specific_02_db181821,职责,text,yes,specific,,来自候选记录模板清单的关键字段，需与现用表单或试填结果复核。,yes,模拟：职责待按真实业务填写。,yes,需过程负责人确认字段含义和现用表单一致性
JL-5-01,岗位职责与授权确认表,14,specific_03_560165a6,权限,text,yes,specific,,来自候选记录模板清单的关键字段，需与现用表单或试填结果复核。,yes,模拟：权限待按真实业务填写。,yes,需过程负责人确认字段含义和现用表单一致性
JL-5-01,岗位职责与授权确认表,15,specific_04_e2b87c04,替代人,text,yes,specific,,来自候选记录模板清单的关键字段，需与现用表单或试填结果复核。,yes,模拟：替代人待按真实业务填写。,yes,需过程负责人确认字段含义和现用表单一致性
JL-5-01,岗位职责与授权确认表,16,specific_05_00e778c5,授权范围,text,yes,specific,,来自候选记录模板清单的关键字段，需与现用表单或试填结果复核。,yes,模拟：授权范围待按真实业务填写。,yes,需过程负责人确认字段含义和现用表单一致性
JL-5-01,岗位职责与授权确认表,17,specific_06_d642f8ef,生效日期,text,yes,specific,,来自候选记录模板清单的关键字段，需与现用表单或试填结果复核。,yes,模拟：生效日期待按真实业务填写。,yes,需过程负责人确认字段含义和现用表单一致性
JL-6.2-01,人员能力确认与授权记录,1,record_number,记录编号,text,yes,common,,候选模板通用字段，正式启用前需由文件管理员确认。,yes,SIM-JL-6.2-01-20260707-001,yes,候选字段需文件管理员确认
JL-6.2-01,人员能力确认与授权记录,2,record_name,记录名称,text,yes,common,,候选模板通用字段，正式启用前需由文件管理员确认。,yes,人员能力确认与授权记录,yes,候选字段需文件管理员确认
JL-6.2-01,人员能力确认与授权记录,3,applicable_clause,适用条款,text,yes,common,6.2,候选模板通用字段，正式启用前需由文件管理员确认。,yes,6.2,yes,候选字段需文件管理员确认
JL-6.2-01,人员能力确认与授权记录,4,related_procedure,关联程序,text,yes,common,XZTC/CX-01-02-2022；XZTC/CX-01-2022；XZTC/CX-31-2022,候选模板通用字段，正式启用前需由文件管理员确认。,yes,XZTC/CX-01-02-2022；XZTC/CX-01-2022；XZTC/CX-31-2022,yes,候选字段需文件管理员确认
JL-6.2-01,人员能力确认与授权记录,5,responsible_position,填写责任,text,yes,common,技术负责人,候选模板通用字段，正式启用前需由文件管理员确认。,yes,技术负责人,yes,候选字段需文件管理员确认
JL-6.2-01,人员能力确认与授权记录,6,trigger_time,形成时机,text,yes,common,上岗、扩项、复授权时,候选模板通用字段，正式启用前需由文件管理员确认。,yes,上岗、扩项、复授权时,yes,候选字段需文件管理员确认
JL-6.2-01,人员能力确认与授权记录,7,reviewer,复核/批准,text,no,common,,候选模板通用字段，正式启用前需由文件管理员确认。,yes,待人工确认,yes,需确认保存/保密/签核规则；试填值仍为待确认；候选字段需文件管理员确认
JL-6.2-01,人员能力确认与授权记录,8,storage_location,保存位置,text,no,common,,候选模板通用字段，正式启用前需由文件管理员确认。,yes,待人工确认,yes,需确认保存/保密/签核规则；试填值仍为待确认；候选字段需文件管理员确认
JL-6.2-01,人员能力确认与授权记录,9,retention_period,保存期限,text,no,common,,候选模板通用字段，正式启用前需由文件管理员确认。,yes,待人工确认,yes,需确认保存/保密/签核规则；试填值仍为待确认；候选字段需文件管理员确认
JL-6.2-01,人员能力确认与授权记录,10,confidentiality_level,保密等级,select,no,common,,候选模板通用字段，正式启用前需由文件管理员确认。,yes,待确认,yes,需确认保存/保密/签核规则；试填值仍为待确认；候选字段需文件管理员确认
JL-6.2-01,人员能力确认与授权记录,11,correction_rule,更正规则,text,yes,common,,候选模板通用字段，正式启用前需由文件管理员确认。,yes,保留原始信息、更正原因、更正日期、责任人和复核痕迹；本试填为模拟数据，不作为正式更正规则。SIMULATED_TRIAL_NOT_REAL_RECORD,yes,候选字段需文件管理员确认
JL-6.2-01,人员能力确认与授权记录,12,specific_01_d89b0e09,岗位能力要求,text,yes,specific,,来自候选记录模板清单的关键字段，需与现用表单或试填结果复核。,yes,模拟：岗位能力要求待按真实业务填写。,yes,需过程负责人确认字段含义和现用表单一致性
JL-6.2-01,人员能力确认与授权记录,13,specific_02_4640b537,培训,text,yes,specific,,来自候选记录模板清单的关键字段，需与现用表单或试填结果复核。,yes,模拟：培训待按真实业务填写。,yes,需过程负责人确认字段含义和现用表单一致性
JL-6.2-01,人员能力确认与授权记录,14,specific_03_d0421e5d,考核,text,yes,specific,,来自候选记录模板清单的关键字段，需与现用表单或试填结果复核。,yes,模拟：考核待按真实业务填写。,yes,需过程负责人确认字段含义和现用表单一致性
JL-6.2-01,人员能力确认与授权记录,15,specific_04_d4408364,监督,text,yes,specific,,来自候选记录模板清单的关键字段，需与现用表单或试填结果复核。,yes,模拟：监督待按真实业务填写。,yes,需过程负责人确认字段含义和现用表单一致性
JL-6.2-01,人员能力确认与授权记录,16,specific_05_58f06331,授权活动,text,yes,specific,,来自候选记录模板清单的关键字段，需与现用表单或试填结果复核。,yes,模拟：授权活动待按真实业务填写。,yes,需过程负责人确认字段含义和现用表单一致性
JL-6.2-01,人员能力确认与授权记录,17,specific_06_222460c0,有效期,text,yes,specific,,来自候选记录模板清单的关键字段，需与现用表单或试填结果复核。,yes,模拟：有效期待按真实业务填写。,yes,需过程负责人确认字段含义和现用表单一致性
JL-6.3-01,环境条件监控与异常处置记录,1,record_number,记录编号,text,yes,common,,候选模板通用字段，正式启用前需由文件管理员确认。,yes,SIM-JL-6.3-01-20260707-001,yes,候选字段需文件管理员确认
JL-6.3-01,环境条件监控与异常处置记录,2,record_name,记录名称,text,yes,common,,候选模板通用字段，正式启用前需由文件管理员确认。,yes,环境条件监控与异常处置记录,yes,候选字段需文件管理员确认
JL-6.3-01,环境条件监控与异常处置记录,3,applicable_clause,适用条款,text,yes,common,6.3,候选模板通用字段，正式启用前需由文件管理员确认。,yes,6.3,yes,候选字段需文件管理员确认
JL-6.3-01,环境条件监控与异常处置记录,4,related_procedure,关联程序,text,yes,common,XZTC/CX-02-2022；XZTC/CX-31-2022；XZTC/CX-33-2022,候选模板通用字段，正式启用前需由文件管理员确认。,yes,XZTC/CX-02-2022；XZTC/CX-31-2022；XZTC/CX-33-2022,yes,候选字段需文件管理员确认
JL-6.3-01,环境条件监控与异常处置记录,5,responsible_position,填写责任,text,yes,common,检测人员/监督员,候选模板通用字段，正式启用前需由文件管理员确认。,yes,检测人员/监督员,yes,候选字段需文件管理员确认
JL-6.3-01,环境条件监控与异常处置记录,6,trigger_time,形成时机,text,yes,common,每日/每班/方法要求频次及异常时,候选模板通用字段，正式启用前需由文件管理员确认。,yes,每日/每班/方法要求频次及异常时,yes,候选字段需文件管理员确认
JL-6.3-01,环境条件监控与异常处置记录,7,reviewer,复核/批准,text,no,common,,候选模板通用字段，正式启用前需由文件管理员确认。,yes,待人工确认,yes,需确认保存/保密/签核规则；试填值仍为待确认；候选字段需文件管理员确认
JL-6.3-01,环境条件监控与异常处置记录,8,storage_location,保存位置,text,no,common,,候选模板通用字段，正式启用前需由文件管理员确认。,yes,待人工确认,yes,需确认保存/保密/签核规则；试填值仍为待确认；候选字段需文件管理员确认
JL-6.3-01,环境条件监控与异常处置记录,9,retention_period,保存期限,text,no,common,,候选模板通用字段，正式启用前需由文件管理员确认。,yes,待人工确认,yes,需确认保存/保密/签核规则；试填值仍为待确认；候选字段需文件管理员确认
JL-6.3-01,环境条件监控与异常处置记录,10,confidentiality_level,保密等级,select,no,common,,候选模板通用字段，正式启用前需由文件管理员确认。,yes,待确认,yes,需确认保存/保密/签核规则；试填值仍为待确认；候选字段需文件管理员确认
JL-6.3-01,环境条件监控与异常处置记录,11,correction_rule,更正规则,text,yes,common,,候选模板通用字段，正式启用前需由文件管理员确认。,yes,保留原始信息、更正原因、更正日期、责任人和复核痕迹；本试填为模拟数据，不作为正式更正规则。SIMULATED_TRIAL_NOT_REAL_RECORD,yes,候选字段需文件管理员确认
JL-6.3-01,环境条件监控与异常处置记录,12,specific_01_17fc93c9,区域,text,yes,specific,,来自候选记录模板清单的关键字段，需与现用表单或试填结果复核。,yes,模拟：区域待按真实业务填写。,yes,需过程负责人确认字段含义和现用表单一致性
JL-6.3-01,环境条件监控与异常处置记录,13,specific_02_72f1cf75,条件,text,yes,specific,,来自候选记录模板清单的关键字段，需与现用表单或试填结果复核。,yes,模拟：条件待按真实业务填写。,yes,需过程负责人确认字段含义和现用表单一致性
JL-6.3-01,环境条件监控与异常处置记录,14,specific_03_7b4579f0,限值,text,yes,specific,,来自候选记录模板清单的关键字段，需与现用表单或试填结果复核。,yes,模拟：限值待按真实业务填写。,yes,需过程负责人确认字段含义和现用表单一致性
JL-6.3-01,环境条件监控与异常处置记录,15,specific_04_27352490,实测值,text,yes,specific,,来自候选记录模板清单的关键字段，需与现用表单或试填结果复核。,yes,模拟：实测值待按真实业务填写。,yes,需过程负责人确认字段含义和现用表单一致性
JL-6.3-01,环境条件监控与异常处置记录,16,specific_05_5caf2793,异常,text,yes,specific,,来自候选记录模板清单的关键字段，需与现用表单或试填结果复核。,yes,模拟：异常待按真实业务填写。,yes,需过程负责人确认字段含义和现用表单一致性
JL-6.3-01,环境条件监控与异常处置记录,17,specific_06_4f136db2,处置,text,yes,specific,,来自候选记录模板清单的关键字段，需与现用表单或试填结果复核。,yes,模拟：处置待按真实业务填写。,yes,需过程负责人确认字段含义和现用表单一致性
JL-6.3-01,环境条件监控与异常处置记录,18,specific_07_b38c92c3,复核,text,yes,specific,,来自候选记录模板清单的关键字段，需与现用表单或试填结果复核。,yes,模拟：复核待按真实业务填写。,yes,需过程负责人确认字段含义和现用表单一致性
JL-6.4-01,设备状态与期间核查记录,1,record_number,记录编号,text,yes,common,,候选模板通用字段，正式启用前需由文件管理员确认。,yes,SIM-JL-6.4-01-20260707-001,yes,候选字段需文件管理员确认
JL-6.4-01,设备状态与期间核查记录,2,record_name,记录名称,text,yes,common,,候选模板通用字段，正式启用前需由文件管理员确认。,yes,设备状态与期间核查记录,yes,候选字段需文件管理员确认
JL-6.4-01,设备状态与期间核查记录,3,applicable_clause,适用条款,text,yes,common,6.4、7.7,候选模板通用字段，正式启用前需由文件管理员确认。,yes,6.4、7.7,yes,候选字段需文件管理员确认
JL-6.4-01,设备状态与期间核查记录,4,related_procedure,关联程序,text,yes,common,XZTC/CX-03-02-2022；XZTC/CX-03-2022；XZTC/CX-04-2022；XZTC/CX-15-2022；XZTC/CX-16-2022；XZTC/CX-30-2022；XZTC/CX-34-2022,候选模板通用字段，正式启用前需由文件管理员确认。,yes,XZTC/CX-03-02-2022；XZTC/CX-03-2022；XZTC/CX-04-2022；XZTC/CX-15-2022；XZTC/CX-16-2022；XZTC/CX-30-2022；XZTC/CX-34-2022,yes,候选字段需文件管理员确认
JL-6.4-01,设备状态与期间核查记录,5,responsible_position,填写责任,text,yes,common,设备管理员,候选模板通用字段，正式启用前需由文件管理员确认。,yes,设备管理员,yes,候选字段需文件管理员确认
JL-6.4-01,设备状态与期间核查记录,6,trigger_time,形成时机,text,yes,common,设备使用前、期间核查、异常恢复时,候选模板通用字段，正式启用前需由文件管理员确认。,yes,设备使用前、期间核查、异常恢复时,yes,候选字段需文件管理员确认
JL-6.4-01,设备状态与期间核查记录,7,reviewer,复核/批准,text,no,common,,候选模板通用字段，正式启用前需由文件管理员确认。,yes,待人工确认,yes,需确认保存/保密/签核规则；试填值仍为待确认；候选字段需文件管理员确认
JL-6.4-01,设备状态与期间核查记录,8,storage_location,保存位置,text,no,common,,候选模板通用字段，正式启用前需由文件管理员确认。,yes,待人工确认,yes,需确认保存/保密/签核规则；试填值仍为待确认；候选字段需文件管理员确认
JL-6.4-01,设备状态与期间核查记录,9,retention_period,保存期限,text,no,common,,候选模板通用字段，正式启用前需由文件管理员确认。,yes,待人工确认,yes,需确认保存/保密/签核规则；试填值仍为待确认；候选字段需文件管理员确认
JL-6.4-01,设备状态与期间核查记录,10,confidentiality_level,保密等级,select,no,common,,候选模板通用字段，正式启用前需由文件管理员确认。,yes,待确认,yes,需确认保存/保密/签核规则；试填值仍为待确认；候选字段需文件管理员确认
JL-6.4-01,设备状态与期间核查记录,11,correction_rule,更正规则,text,yes,common,,候选模板通用字段，正式启用前需由文件管理员确认。,yes,保留原始信息、更正原因、更正日期、责任人和复核痕迹；本试填为模拟数据，不作为正式更正规则。SIMULATED_TRIAL_NOT_REAL_RECORD,yes,候选字段需文件管理员确认
JL-6.4-01,设备状态与期间核查记录,12,specific_01_fb8e101e,设备编号,text,yes,specific,,来自候选记录模板清单的关键字段，需与现用表单或试填结果复核。,yes,模拟：设备编号待按真实业务填写。,yes,需过程负责人确认字段含义和现用表单一致性
JL-6.4-01,设备状态与期间核查记录,13,specific_02_aeabd2f4,核查项目,text,yes,specific,,来自候选记录模板清单的关键字段，需与现用表单或试填结果复核。,yes,模拟：核查项目待按真实业务填写。,yes,需过程负责人确认字段含义和现用表单一致性
JL-6.4-01,设备状态与期间核查记录,14,specific_03_1a26633d,准则,text,yes,specific,,来自候选记录模板清单的关键字段，需与现用表单或试填结果复核。,yes,模拟：准则待按真实业务填写。,yes,需过程负责人确认字段含义和现用表单一致性
JL-6.4-01,设备状态与期间核查记录,15,specific_04_0a2c91ce,结果,text,yes,specific,,来自候选记录模板清单的关键字段，需与现用表单或试填结果复核。,yes,模拟：结果待按真实业务填写。,yes,需过程负责人确认字段含义和现用表单一致性
JL-6.4-01,设备状态与期间核查记录,16,specific_05_32b3f16d,结论,text,yes,specific,,来自候选记录模板清单的关键字段，需与现用表单或试填结果复核。,yes,模拟：结论待按真实业务填写。,yes,需过程负责人确认字段含义和现用表单一致性
JL-6.4-01,设备状态与期间核查记录,17,specific_06_4f136db2,处置,text,yes,specific,,来自候选记录模板清单的关键字段，需与现用表单或试填结果复核。,yes,模拟：处置待按真实业务填写。,yes,需过程负责人确认字段含义和现用表单一致性
JL-6.5-01,计量溯源结果确认记录,1,record_number,记录编号,text,yes,common,,候选模板通用字段，正式启用前需由文件管理员确认。,yes,SIM-JL-6.5-01-20260707-001,yes,候选字段需文件管理员确认
JL-6.5-01,计量溯源结果确认记录,2,record_name,记录名称,text,yes,common,,候选模板通用字段，正式启用前需由文件管理员确认。,yes,计量溯源结果确认记录,yes,候选字段需文件管理员确认
JL-6.5-01,计量溯源结果确认记录,3,applicable_clause,适用条款,text,yes,common,6.5,候选模板通用字段，正式启用前需由文件管理员确认。,yes,6.5,yes,候选字段需文件管理员确认
JL-6.5-01,计量溯源结果确认记录,4,related_procedure,关联程序,text,yes,common,XZTC/CX-03-02-2022；XZTC/CX-05-2022,候选模板通用字段，正式启用前需由文件管理员确认。,yes,XZTC/CX-03-02-2022；XZTC/CX-05-2022,yes,候选字段需文件管理员确认
JL-6.5-01,计量溯源结果确认记录,5,responsible_position,填写责任,text,yes,common,设备管理员/技术负责人,候选模板通用字段，正式启用前需由文件管理员确认。,yes,设备管理员/技术负责人,yes,候选字段需文件管理员确认
JL-6.5-01,计量溯源结果确认记录,6,trigger_time,形成时机,text,yes,common,校准/检定证书接收后,候选模板通用字段，正式启用前需由文件管理员确认。,yes,校准/检定证书接收后,yes,候选字段需文件管理员确认
JL-6.5-01,计量溯源结果确认记录,7,reviewer,复核/批准,text,no,common,,候选模板通用字段，正式启用前需由文件管理员确认。,yes,待人工确认,yes,需确认保存/保密/签核规则；试填值仍为待确认；候选字段需文件管理员确认
JL-6.5-01,计量溯源结果确认记录,8,storage_location,保存位置,text,no,common,,候选模板通用字段，正式启用前需由文件管理员确认。,yes,待人工确认,yes,需确认保存/保密/签核规则；试填值仍为待确认；候选字段需文件管理员确认
JL-6.5-01,计量溯源结果确认记录,9,retention_period,保存期限,text,no,common,,候选模板通用字段，正式启用前需由文件管理员确认。,yes,待人工确认,yes,需确认保存/保密/签核规则；试填值仍为待确认；候选字段需文件管理员确认
JL-6.5-01,计量溯源结果确认记录,10,confidentiality_level,保密等级,select,no,common,,候选模板通用字段，正式启用前需由文件管理员确认。,yes,待确认,yes,需确认保存/保密/签核规则；试填值仍为待确认；候选字段需文件管理员确认
JL-6.5-01,计量溯源结果确认记录,11,correction_rule,更正规则,text,yes,common,,候选模板通用字段，正式启用前需由文件管理员确认。,yes,保留原始信息、更正原因、更正日期、责任人和复核痕迹；本试填为模拟数据，不作为正式更正规则。SIMULATED_TRIAL_NOT_REAL_RECORD,yes,候选字段需文件管理员确认
JL-6.5-01,计量溯源结果确认记录,12,specific_01_cbdf9846,证书编号,text,yes,specific,,来自候选记录模板清单的关键字段，需与现用表单或试填结果复核。,yes,模拟：证书编号待按真实业务填写。,yes,需过程负责人确认字段含义和现用表单一致性
JL-6.5-01,计量溯源结果确认记录,13,specific_02_870b7e1d,校准范围,text,yes,specific,,来自候选记录模板清单的关键字段，需与现用表单或试填结果复核。,yes,模拟：校准范围待按真实业务填写。,yes,需过程负责人确认字段含义和现用表单一致性
JL-6.5-01,计量溯源结果确认记录,14,specific_03_91c08f5d,不确定度,text,yes,specific,,来自候选记录模板清单的关键字段，需与现用表单或试填结果复核。,yes,模拟：不确定度待按真实业务填写。,yes,需过程负责人确认字段含义和现用表单一致性
JL-6.5-01,计量溯源结果确认记录,15,specific_04_52450362,符合性,text,yes,specific,,来自候选记录模板清单的关键字段，需与现用表单或试填结果复核。,yes,模拟：符合性待按真实业务填写。,yes,需过程负责人确认字段含义和现用表单一致性
JL-6.5-01,计量溯源结果确认记录,16,specific_05_8fb8cac3,使用限制,text,yes,specific,,来自候选记录模板清单的关键字段，需与现用表单或试填结果复核。,yes,模拟：使用限制待按真实业务填写。,yes,需过程负责人确认字段含义和现用表单一致性
JL-6.6-01,外部服务与供应品评价记录,1,record_number,记录编号,text,yes,common,,候选模板通用字段，正式启用前需由文件管理员确认。,yes,SIM-JL-6.6-01-20260707-001,yes,候选字段需文件管理员确认
JL-6.6-01,外部服务与供应品评价记录,2,record_name,记录名称,text,yes,common,,候选模板通用字段，正式启用前需由文件管理员确认。,yes,外部服务与供应品评价记录,yes,候选字段需文件管理员确认
JL-6.6-01,外部服务与供应品评价记录,3,applicable_clause,适用条款,text,yes,common,6.6,候选模板通用字段，正式启用前需由文件管理员确认。,yes,6.6,yes,候选字段需文件管理员确认
JL-6.6-01,外部服务与供应品评价记录,4,related_procedure,关联程序,text,yes,common,XZTC/CX-11-2022；XZTC/CX-19-2022；XZTC/CX-32-2022,候选模板通用字段，正式启用前需由文件管理员确认。,yes,XZTC/CX-11-2022；XZTC/CX-19-2022；XZTC/CX-32-2022,yes,候选字段需文件管理员确认
JL-6.6-01,外部服务与供应品评价记录,5,responsible_position,填写责任,text,yes,common,采购/质量负责人,候选模板通用字段，正式启用前需由文件管理员确认。,yes,采购/质量负责人,yes,候选字段需文件管理员确认
JL-6.6-01,外部服务与供应品评价记录,6,trigger_time,形成时机,text,yes,common,供方准入、采购验收、再评价时,候选模板通用字段，正式启用前需由文件管理员确认。,yes,供方准入、采购验收、再评价时,yes,候选字段需文件管理员确认
JL-6.6-01,外部服务与供应品评价记录,7,reviewer,复核/批准,text,no,common,,候选模板通用字段，正式启用前需由文件管理员确认。,yes,待人工确认,yes,需确认保存/保密/签核规则；试填值仍为待确认；候选字段需文件管理员确认
JL-6.6-01,外部服务与供应品评价记录,8,storage_location,保存位置,text,no,common,,候选模板通用字段，正式启用前需由文件管理员确认。,yes,待人工确认,yes,需确认保存/保密/签核规则；试填值仍为待确认；候选字段需文件管理员确认
JL-6.6-01,外部服务与供应品评价记录,9,retention_period,保存期限,text,no,common,,候选模板通用字段，正式启用前需由文件管理员确认。,yes,待人工确认,yes,需确认保存/保密/签核规则；试填值仍为待确认；候选字段需文件管理员确认
JL-6.6-01,外部服务与供应品评价记录,10,confidentiality_level,保密等级,select,no,common,,候选模板通用字段，正式启用前需由文件管理员确认。,yes,待确认,yes,需确认保存/保密/签核规则；试填值仍为待确认；候选字段需文件管理员确认
JL-6.6-01,外部服务与供应品评价记录,11,correction_rule,更正规则,text,yes,common,,候选模板通用字段，正式启用前需由文件管理员确认。,yes,保留原始信息、更正原因、更正日期、责任人和复核痕迹；本试填为模拟数据，不作为正式更正规则。SIMULATED_TRIAL_NOT_REAL_RECORD,yes,候选字段需文件管理员确认
JL-6.6-01,外部服务与供应品评价记录,12,specific_01_51090bea,供方,text,yes,specific,,来自候选记录模板清单的关键字段，需与现用表单或试填结果复核。,yes,模拟：供方待按真实业务填写。,yes,需过程负责人确认字段含义和现用表单一致性
JL-6.6-01,外部服务与供应品评价记录,13,specific_02_eb3ee63b,产品/服务,text,yes,specific,,来自候选记录模板清单的关键字段，需与现用表单或试填结果复核。,yes,模拟：产品/服务待按真实业务填写。,yes,需过程负责人确认字段含义和现用表单一致性
JL-6.6-01,外部服务与供应品评价记录,14,specific_03_a0c3ad05,要求,text,yes,specific,,来自候选记录模板清单的关键字段，需与现用表单或试填结果复核。,yes,模拟：要求待按真实业务填写。,yes,需过程负责人确认字段含义和现用表单一致性
JL-6.6-01,外部服务与供应品评价记录,15,specific_04_105210c4,评价结果,text,yes,specific,,来自候选记录模板清单的关键字段，需与现用表单或试填结果复核。,yes,模拟：评价结果待按真实业务填写。,yes,需过程负责人确认字段含义和现用表单一致性
JL-6.6-01,外部服务与供应品评价记录,16,specific_05_b8cb3aab,批准状态,text,yes,specific,,来自候选记录模板清单的关键字段，需与现用表单或试填结果复核。,yes,模拟：批准状态待按真实业务填写。,yes,需过程负责人确认字段含义和现用表单一致性
JL-7.1-01,合同评审记录,1,record_number,记录编号,text,yes,common,,候选模板通用字段，正式启用前需由文件管理员确认。,yes,SIM-JL-7.1-01-20260707-001,yes,候选字段需文件管理员确认
JL-7.1-01,合同评审记录,2,record_name,记录名称,text,yes,common,,候选模板通用字段，正式启用前需由文件管理员确认。,yes,合同评审记录,yes,候选字段需文件管理员确认
JL-7.1-01,合同评审记录,3,applicable_clause,适用条款,text,yes,common,7.1,候选模板通用字段，正式启用前需由文件管理员确认。,yes,7.1,yes,候选字段需文件管理员确认
JL-7.1-01,合同评审记录,4,related_procedure,关联程序,text,yes,common,XZTC/CX-08-2022；XZTC/CX-09-2022；XZTC/CX-12-2022,候选模板通用字段，正式启用前需由文件管理员确认。,yes,XZTC/CX-08-2022；XZTC/CX-09-2022；XZTC/CX-12-2022,yes,候选字段需文件管理员确认
JL-7.1-01,合同评审记录,5,responsible_position,填写责任,text,yes,common,业务受理/技术负责人,候选模板通用字段，正式启用前需由文件管理员确认。,yes,业务受理/技术负责人,yes,候选字段需文件管理员确认
JL-7.1-01,合同评审记录,6,trigger_time,形成时机,text,yes,common,接受检测任务前及合同变更时,候选模板通用字段，正式启用前需由文件管理员确认。,yes,接受检测任务前及合同变更时,yes,候选字段需文件管理员确认
JL-7.1-01,合同评审记录,7,reviewer,复核/批准,text,no,common,,候选模板通用字段，正式启用前需由文件管理员确认。,yes,待人工确认,yes,需确认保存/保密/签核规则；试填值仍为待确认；候选字段需文件管理员确认
JL-7.1-01,合同评审记录,8,storage_location,保存位置,text,no,common,,候选模板通用字段，正式启用前需由文件管理员确认。,yes,待人工确认,yes,需确认保存/保密/签核规则；试填值仍为待确认；候选字段需文件管理员确认
JL-7.1-01,合同评审记录,9,retention_period,保存期限,text,no,common,,候选模板通用字段，正式启用前需由文件管理员确认。,yes,待人工确认,yes,需确认保存/保密/签核规则；试填值仍为待确认；候选字段需文件管理员确认
JL-7.1-01,合同评审记录,10,confidentiality_level,保密等级,select,no,common,,候选模板通用字段，正式启用前需由文件管理员确认。,yes,待确认,yes,需确认保存/保密/签核规则；试填值仍为待确认；候选字段需文件管理员确认
JL-7.1-01,合同评审记录,11,correction_rule,更正规则,text,yes,common,,候选模板通用字段，正式启用前需由文件管理员确认。,yes,保留原始信息、更正原因、更正日期、责任人和复核痕迹；本试填为模拟数据，不作为正式更正规则。SIMULATED_TRIAL_NOT_REAL_RECORD,yes,候选字段需文件管理员确认
JL-7.1-01,合同评审记录,12,specific_01_93df5d13,客户要求,text,yes,specific,,来自候选记录模板清单的关键字段，需与现用表单或试填结果复核。,yes,模拟：客户要求出具珠宝玉石检测报告，报告内容和交付时限待真实委托确认。,yes,需过程负责人确认字段含义和现用表单一致性
JL-7.1-01,合同评审记录,13,specific_02_b77e2ac8,方法,text,yes,specific,,来自候选记录模板清单的关键字段，需与现用表单或试填结果复核。,yes,模拟：采用现行有效标准方法，具体标准编号待业务记录确认。,yes,需过程负责人确认字段含义和现用表单一致性
JL-7.1-01,合同评审记录,14,specific_03_eb9d53ce,能力,text,yes,specific,,来自候选记录模板清单的关键字段，需与现用表单或试填结果复核。,yes,模拟：人员、设备、环境和授权范围待真实受理时核查。,yes,需过程负责人确认字段含义和现用表单一致性
JL-7.1-01,合同评审记录,15,specific_04_c5ca3950,资源,text,yes,specific,,来自候选记录模板清单的关键字段，需与现用表单或试填结果复核。,yes,模拟：检测人员、仪器、复核人员和报告授权人待排班确认。,yes,需过程负责人确认字段含义和现用表单一致性
JL-7.1-01,合同评审记录,16,specific_05_6a0b5360,时限,text,yes,specific,,来自候选记录模板清单的关键字段，需与现用表单或试填结果复核。,yes,模拟：按约定周期完成；如变更应重新评审并通知客户。,yes,需过程负责人确认字段含义和现用表单一致性
JL-7.1-01,合同评审记录,17,specific_06_8825db7b,符合性声明,text,yes,specific,,来自候选记录模板清单的关键字段，需与现用表单或试填结果复核。,yes,模拟：如需符合性声明，应先约定技术规范和决策规则。,yes,需过程负责人确认字段含义和现用表单一致性
JL-7.1-01,合同评审记录,18,specific_07_82bf9384,变更,text,yes,specific,,来自候选记录模板清单的关键字段，需与现用表单或试填结果复核。,yes,模拟：合同变更时重新评审并传达相关岗位。,yes,需过程负责人确认字段含义和现用表单一致性
JL-7.2-01,方法验证/确认记录,1,record_number,记录编号,text,yes,common,,候选模板通用字段，正式启用前需由文件管理员确认。,yes,SIM-JL-7.2-01-20260707-001,yes,候选字段需文件管理员确认
JL-7.2-01,方法验证/确认记录,2,record_name,记录名称,text,yes,common,,候选模板通用字段，正式启用前需由文件管理员确认。,yes,方法验证/确认记录,yes,候选字段需文件管理员确认
JL-7.2-01,方法验证/确认记录,3,applicable_clause,适用条款,text,yes,common,7.2,候选模板通用字段，正式启用前需由文件管理员确认。,yes,7.2,yes,候选字段需文件管理员确认
JL-7.2-01,方法验证/确认记录,4,related_procedure,关联程序,text,yes,common,XZTC/CX-22-2022；XZTC/CX-23-2022；XZTC/CX-24-2022；XZTC/CX-27-2022,候选模板通用字段，正式启用前需由文件管理员确认。,yes,XZTC/CX-22-2022；XZTC/CX-23-2022；XZTC/CX-24-2022；XZTC/CX-27-2022,yes,候选字段需文件管理员确认
JL-7.2-01,方法验证/确认记录,5,responsible_position,填写责任,text,yes,common,技术负责人,候选模板通用字段，正式启用前需由文件管理员确认。,yes,技术负责人,yes,候选字段需文件管理员确认
JL-7.2-01,方法验证/确认记录,6,trigger_time,形成时机,text,yes,common,方法投入使用、变更或扩项前,候选模板通用字段，正式启用前需由文件管理员确认。,yes,方法投入使用、变更或扩项前,yes,候选字段需文件管理员确认
JL-7.2-01,方法验证/确认记录,7,reviewer,复核/批准,text,no,common,,候选模板通用字段，正式启用前需由文件管理员确认。,yes,待人工确认,yes,需确认保存/保密/签核规则；试填值仍为待确认；候选字段需文件管理员确认
JL-7.2-01,方法验证/确认记录,8,storage_location,保存位置,text,no,common,,候选模板通用字段，正式启用前需由文件管理员确认。,yes,待人工确认,yes,需确认保存/保密/签核规则；试填值仍为待确认；候选字段需文件管理员确认
JL-7.2-01,方法验证/确认记录,9,retention_period,保存期限,text,no,common,,候选模板通用字段，正式启用前需由文件管理员确认。,yes,待人工确认,yes,需确认保存/保密/签核规则；试填值仍为待确认；候选字段需文件管理员确认
JL-7.2-01,方法验证/确认记录,10,confidentiality_level,保密等级,select,no,common,,候选模板通用字段，正式启用前需由文件管理员确认。,yes,待确认,yes,需确认保存/保密/签核规则；试填值仍为待确认；候选字段需文件管理员确认
JL-7.2-01,方法验证/确认记录,11,correction_rule,更正规则,text,yes,common,,候选模板通用字段，正式启用前需由文件管理员确认。,yes,保留原始信息、更正原因、更正日期、责任人和复核痕迹；本试填为模拟数据，不作为正式更正规则。SIMULATED_TRIAL_NOT_REAL_RECORD,yes,候选字段需文件管理员确认
JL-7.2-01,方法验证/确认记录,12,specific_01_b77e2ac8,方法,text,yes,specific,,来自候选记录模板清单的关键字段，需与现用表单或试填结果复核。,yes,模拟：方法待按真实业务填写。,yes,需过程负责人确认字段含义和现用表单一致性
JL-7.2-01,方法验证/确认记录,13,specific_02_baabf9e0,适用范围,text,yes,specific,,来自候选记录模板清单的关键字段，需与现用表单或试填结果复核。,yes,模拟：适用范围待按真实业务填写。,yes,需过程负责人确认字段含义和现用表单一致性
JL-7.2-01,方法验证/确认记录,14,specific_03_2662cbff,验证项目,text,yes,specific,,来自候选记录模板清单的关键字段，需与现用表单或试填结果复核。,yes,模拟：验证项目待按真实业务填写。,yes,需过程负责人确认字段含义和现用表单一致性
JL-7.2-01,方法验证/确认记录,15,specific_04_0a2c91ce,结果,text,yes,specific,,来自候选记录模板清单的关键字段，需与现用表单或试填结果复核。,yes,模拟：结果待按真实业务填写。,yes,需过程负责人确认字段含义和现用表单一致性
JL-7.2-01,方法验证/确认记录,16,specific_05_32b3f16d,结论,text,yes,specific,,来自候选记录模板清单的关键字段，需与现用表单或试填结果复核。,yes,模拟：结论待按真实业务填写。,yes,需过程负责人确认字段含义和现用表单一致性
JL-7.2-01,方法验证/确认记录,17,specific_06_62e26d21,批准,text,yes,specific,,来自候选记录模板清单的关键字段，需与现用表单或试填结果复核。,yes,模拟：批准待按真实业务填写。,yes,需过程负责人确认字段含义和现用表单一致性
JL-7.3-01,抽样条件启用评审记录,1,record_number,记录编号,text,yes,common,,候选模板通用字段，正式启用前需由文件管理员确认。,yes,SIM-JL-7.3-01-20260707-001,yes,候选字段需文件管理员确认
JL-7.3-01,抽样条件启用评审记录,2,record_name,记录名称,text,yes,common,,候选模板通用字段，正式启用前需由文件管理员确认。,yes,抽样条件启用评审记录,yes,候选字段需文件管理员确认
JL-7.3-01,抽样条件启用评审记录,3,applicable_clause,适用条款,text,yes,common,7.3,候选模板通用字段，正式启用前需由文件管理员确认。,yes,7.3,yes,候选字段需文件管理员确认
JL-7.3-01,抽样条件启用评审记录,4,related_procedure,关联程序,text,yes,common,XZTC/CX-09-2022；XZTC/CX-28-2022；XZTC/CX-35-2022,候选模板通用字段，正式启用前需由文件管理员确认。,yes,XZTC/CX-09-2022；XZTC/CX-28-2022；XZTC/CX-35-2022,yes,候选字段需文件管理员确认
JL-7.3-01,抽样条件启用评审记录,5,responsible_position,填写责任,text,yes,common,技术负责人/业务受理,候选模板通用字段，正式启用前需由文件管理员确认。,yes,技术负责人/业务受理,yes,候选字段需文件管理员确认
JL-7.3-01,抽样条件启用评审记录,6,trigger_time,形成时机,text,yes,common,合同或标准要求公司承担抽样时,候选模板通用字段，正式启用前需由文件管理员确认。,yes,合同或标准要求公司承担抽样时,yes,候选字段需文件管理员确认
JL-7.3-01,抽样条件启用评审记录,7,reviewer,复核/批准,text,no,common,,候选模板通用字段，正式启用前需由文件管理员确认。,yes,待人工确认,yes,需确认保存/保密/签核规则；试填值仍为待确认；候选字段需文件管理员确认
JL-7.3-01,抽样条件启用评审记录,8,storage_location,保存位置,text,no,common,,候选模板通用字段，正式启用前需由文件管理员确认。,yes,待人工确认,yes,需确认保存/保密/签核规则；试填值仍为待确认；候选字段需文件管理员确认
JL-7.3-01,抽样条件启用评审记录,9,retention_period,保存期限,text,no,common,,候选模板通用字段，正式启用前需由文件管理员确认。,yes,待人工确认,yes,需确认保存/保密/签核规则；试填值仍为待确认；候选字段需文件管理员确认
JL-7.3-01,抽样条件启用评审记录,10,confidentiality_level,保密等级,select,no,common,,候选模板通用字段，正式启用前需由文件管理员确认。,yes,待确认,yes,需确认保存/保密/签核规则；试填值仍为待确认；候选字段需文件管理员确认
JL-7.3-01,抽样条件启用评审记录,11,correction_rule,更正规则,text,yes,common,,候选模板通用字段，正式启用前需由文件管理员确认。,yes,保留原始信息、更正原因、更正日期、责任人和复核痕迹；本试填为模拟数据，不作为正式更正规则。SIMULATED_TRIAL_NOT_REAL_RECORD,yes,候选字段需文件管理员确认
JL-7.3-01,抽样条件启用评审记录,12,specific_01_7735cc3c,启用原因,text,yes,specific,,来自候选记录模板清单的关键字段，需与现用表单或试填结果复核。,yes,模拟：启用原因待按真实业务填写。,yes,需过程负责人确认字段含义和现用表单一致性
JL-7.3-01,抽样条件启用评审记录,13,specific_02_c27532f6,抽样方案,text,yes,specific,,来自候选记录模板清单的关键字段，需与现用表单或试填结果复核。,yes,模拟：抽样方案待按真实业务填写。,yes,需过程负责人确认字段含义和现用表单一致性
JL-7.3-01,抽样条件启用评审记录,14,specific_03_6c621daa,人员,text,yes,specific,,来自候选记录模板清单的关键字段，需与现用表单或试填结果复核。,yes,模拟：人员待按真实业务填写。,yes,需过程负责人确认字段含义和现用表单一致性
JL-7.3-01,抽样条件启用评审记录,15,specific_04_01f2c16c,设备,text,yes,specific,,来自候选记录模板清单的关键字段，需与现用表单或试填结果复核。,yes,模拟：设备待按真实业务填写。,yes,需过程负责人确认字段含义和现用表单一致性
JL-7.3-01,抽样条件启用评审记录,16,specific_05_65baf7de,偏离,text,yes,specific,,来自候选记录模板清单的关键字段，需与现用表单或试填结果复核。,yes,模拟：偏离待按真实业务填写。,yes,需过程负责人确认字段含义和现用表单一致性
JL-7.3-01,抽样条件启用评审记录,17,specific_06_8e4fd489,报告声明,text,yes,specific,,来自候选记录模板清单的关键字段，需与现用表单或试填结果复核。,yes,模拟：报告声明待按真实业务填写。,yes,需过程负责人确认字段含义和现用表单一致性
JL-7.4-01,样品接收与异常处置记录,1,record_number,记录编号,text,yes,common,,候选模板通用字段，正式启用前需由文件管理员确认。,yes,SIM-JL-7.4-01-20260707-001,yes,候选字段需文件管理员确认
JL-7.4-01,样品接收与异常处置记录,2,record_name,记录名称,text,yes,common,,候选模板通用字段，正式启用前需由文件管理员确认。,yes,样品接收与异常处置记录,yes,候选字段需文件管理员确认
JL-7.4-01,样品接收与异常处置记录,3,applicable_clause,适用条款,text,yes,common,7.4,候选模板通用字段，正式启用前需由文件管理员确认。,yes,7.4,yes,候选字段需文件管理员确认
JL-7.4-01,样品接收与异常处置记录,4,related_procedure,关联程序,text,yes,common,XZTC/CX-06-2022；XZTC/CX-25-2022；XZTC/CX-28-2022,候选模板通用字段，正式启用前需由文件管理员确认。,yes,XZTC/CX-06-2022；XZTC/CX-25-2022；XZTC/CX-28-2022,yes,候选字段需文件管理员确认
JL-7.4-01,样品接收与异常处置记录,5,responsible_position,填写责任,text,yes,common,样品管理员,候选模板通用字段，正式启用前需由文件管理员确认。,yes,样品管理员,yes,候选字段需文件管理员确认
JL-7.4-01,样品接收与异常处置记录,6,trigger_time,形成时机,text,yes,common,样品接收、流转、异常发现时,候选模板通用字段，正式启用前需由文件管理员确认。,yes,样品接收、流转、异常发现时,yes,候选字段需文件管理员确认
JL-7.4-01,样品接收与异常处置记录,7,reviewer,复核/批准,text,no,common,,候选模板通用字段，正式启用前需由文件管理员确认。,yes,待人工确认,yes,需确认保存/保密/签核规则；试填值仍为待确认；候选字段需文件管理员确认
JL-7.4-01,样品接收与异常处置记录,8,storage_location,保存位置,text,no,common,,候选模板通用字段，正式启用前需由文件管理员确认。,yes,待人工确认,yes,需确认保存/保密/签核规则；试填值仍为待确认；候选字段需文件管理员确认
JL-7.4-01,样品接收与异常处置记录,9,retention_period,保存期限,text,no,common,,候选模板通用字段，正式启用前需由文件管理员确认。,yes,待人工确认,yes,需确认保存/保密/签核规则；试填值仍为待确认；候选字段需文件管理员确认
JL-7.4-01,样品接收与异常处置记录,10,confidentiality_level,保密等级,select,no,common,,候选模板通用字段，正式启用前需由文件管理员确认。,yes,待确认,yes,需确认保存/保密/签核规则；试填值仍为待确认；候选字段需文件管理员确认
JL-7.4-01,样品接收与异常处置记录,11,correction_rule,更正规则,text,yes,common,,候选模板通用字段，正式启用前需由文件管理员确认。,yes,保留原始信息、更正原因、更正日期、责任人和复核痕迹；本试填为模拟数据，不作为正式更正规则。SIMULATED_TRIAL_NOT_REAL_RECORD,yes,候选字段需文件管理员确认
JL-7.4-01,样品接收与异常处置记录,12,specific_01_81ce6708,样品编号,text,yes,specific,,来自候选记录模板清单的关键字段，需与现用表单或试填结果复核。,yes,模拟：样品编号待按真实业务填写。,yes,需过程负责人确认字段含义和现用表单一致性
JL-7.4-01,样品接收与异常处置记录,13,specific_02_62e951a6,状态,text,yes,specific,,来自候选记录模板清单的关键字段，需与现用表单或试填结果复核。,yes,模拟：状态待按真实业务填写。,yes,需过程负责人确认字段含义和现用表单一致性
JL-7.4-01,样品接收与异常处置记录,14,specific_03_b9ae8931,数量,text,yes,specific,,来自候选记录模板清单的关键字段，需与现用表单或试填结果复核。,yes,模拟：数量待按真实业务填写。,yes,需过程负责人确认字段含义和现用表单一致性
JL-7.4-01,样品接收与异常处置记录,15,specific_04_5caf2793,异常,text,yes,specific,,来自候选记录模板清单的关键字段，需与现用表单或试填结果复核。,yes,模拟：异常待按真实业务填写。,yes,需过程负责人确认字段含义和现用表单一致性
JL-7.4-01,样品接收与异常处置记录,16,specific_05_01b544f5,客户沟通,text,yes,specific,,来自候选记录模板清单的关键字段，需与现用表单或试填结果复核。,yes,模拟：客户沟通待按真实业务填写。,yes,需过程负责人确认字段含义和现用表单一致性
JL-7.4-01,样品接收与异常处置记录,17,specific_06_4f136db2,处置,text,yes,specific,,来自候选记录模板清单的关键字段，需与现用表单或试填结果复核。,yes,模拟：处置待按真实业务填写。,yes,需过程负责人确认字段含义和现用表单一致性
JL-7.5-01,技术记录更正记录,1,record_number,记录编号,text,yes,common,,候选模板通用字段，正式启用前需由文件管理员确认。,yes,SIM-JL-7.5-01-20260707-001,yes,候选字段需文件管理员确认
JL-7.5-01,技术记录更正记录,2,record_name,记录名称,text,yes,common,,候选模板通用字段，正式启用前需由文件管理员确认。,yes,技术记录更正记录,yes,候选字段需文件管理员确认
JL-7.5-01,技术记录更正记录,3,applicable_clause,适用条款,text,yes,common,7.5、8.4,候选模板通用字段，正式启用前需由文件管理员确认。,yes,7.5、8.4,yes,候选字段需文件管理员确认
JL-7.5-01,技术记录更正记录,4,related_procedure,关联程序,text,yes,common,XZTC/CX-06-2022；XZTC/CX-19-2022；XZTC/CX-25-2022；XZTC/CX-26-2022,候选模板通用字段，正式启用前需由文件管理员确认。,yes,XZTC/CX-06-2022；XZTC/CX-19-2022；XZTC/CX-25-2022；XZTC/CX-26-2022,yes,候选字段需文件管理员确认
JL-7.5-01,技术记录更正记录,5,responsible_position,填写责任,text,yes,common,原记录人员/复核人员,候选模板通用字段，正式启用前需由文件管理员确认。,yes,原记录人员/复核人员,yes,候选字段需文件管理员确认
JL-7.5-01,技术记录更正记录,6,trigger_time,形成时机,text,yes,common,原始记录或电子记录需更正时,候选模板通用字段，正式启用前需由文件管理员确认。,yes,原始记录或电子记录需更正时,yes,候选字段需文件管理员确认
JL-7.5-01,技术记录更正记录,7,reviewer,复核/批准,text,no,common,,候选模板通用字段，正式启用前需由文件管理员确认。,yes,待人工确认,yes,需确认保存/保密/签核规则；试填值仍为待确认；候选字段需文件管理员确认
JL-7.5-01,技术记录更正记录,8,storage_location,保存位置,text,no,common,,候选模板通用字段，正式启用前需由文件管理员确认。,yes,待人工确认,yes,需确认保存/保密/签核规则；试填值仍为待确认；候选字段需文件管理员确认
JL-7.5-01,技术记录更正记录,9,retention_period,保存期限,text,no,common,,候选模板通用字段，正式启用前需由文件管理员确认。,yes,待人工确认,yes,需确认保存/保密/签核规则；试填值仍为待确认；候选字段需文件管理员确认
JL-7.5-01,技术记录更正记录,10,confidentiality_level,保密等级,select,no,common,,候选模板通用字段，正式启用前需由文件管理员确认。,yes,待确认,yes,需确认保存/保密/签核规则；试填值仍为待确认；候选字段需文件管理员确认
JL-7.5-01,技术记录更正记录,11,correction_rule,更正规则,text,yes,common,,候选模板通用字段，正式启用前需由文件管理员确认。,yes,保留原始信息、更正原因、更正日期、责任人和复核痕迹；本试填为模拟数据，不作为正式更正规则。SIMULATED_TRIAL_NOT_REAL_RECORD,yes,候选字段需文件管理员确认
JL-7.5-01,技术记录更正记录,12,specific_01_33be4b60,原内容,text,yes,specific,,来自候选记录模板清单的关键字段，需与现用表单或试填结果复核。,yes,模拟：原内容待按真实业务填写。,yes,需过程负责人确认字段含义和现用表单一致性
JL-7.5-01,技术记录更正记录,13,specific_02_9011eca0,更正内容,text,yes,specific,,来自候选记录模板清单的关键字段，需与现用表单或试填结果复核。,yes,模拟：更正内容待按真实业务填写。,yes,需过程负责人确认字段含义和现用表单一致性
JL-7.5-01,技术记录更正记录,14,specific_03_1ff9c3d0,原因,text,yes,specific,,来自候选记录模板清单的关键字段，需与现用表单或试填结果复核。,yes,模拟：原因待按真实业务填写。,yes,需过程负责人确认字段含义和现用表单一致性
JL-7.5-01,技术记录更正记录,15,specific_04_b6fed9af,日期,text,yes,specific,,来自候选记录模板清单的关键字段，需与现用表单或试填结果复核。,yes,模拟：日期待按真实业务填写。,yes,需过程负责人确认字段含义和现用表单一致性
JL-7.5-01,技术记录更正记录,16,specific_05_0fe0b81e,责任人,text,yes,specific,,来自候选记录模板清单的关键字段，需与现用表单或试填结果复核。,yes,模拟：责任人待按真实业务填写。,yes,需过程负责人确认字段含义和现用表单一致性
JL-7.5-01,技术记录更正记录,17,specific_06_b38c92c3,复核,text,yes,specific,,来自候选记录模板清单的关键字段，需与现用表单或试填结果复核。,yes,模拟：复核待按真实业务填写。,yes,需过程负责人确认字段含义和现用表单一致性
JL-7.6-01,测量不确定度适用性评审记录,1,record_number,记录编号,text,yes,common,,候选模板通用字段，正式启用前需由文件管理员确认。,yes,SIM-JL-7.6-01-20260707-001,yes,候选字段需文件管理员确认
JL-7.6-01,测量不确定度适用性评审记录,2,record_name,记录名称,text,yes,common,,候选模板通用字段，正式启用前需由文件管理员确认。,yes,测量不确定度适用性评审记录,yes,候选字段需文件管理员确认
JL-7.6-01,测量不确定度适用性评审记录,3,applicable_clause,适用条款,text,yes,common,7.6、7.8,候选模板通用字段，正式启用前需由文件管理员确认。,yes,7.6、7.8,yes,候选字段需文件管理员确认
JL-7.6-01,测量不确定度适用性评审记录,4,related_procedure,关联程序,text,yes,common,XZTC/CX-06-2022；XZTC/CX-22-2022；XZTC/CX-26-2022；XZTC/CX-27-2022；XZTC/CX-29-2022；XZTC/CX-30-2022,候选模板通用字段，正式启用前需由文件管理员确认。,yes,XZTC/CX-06-2022；XZTC/CX-22-2022；XZTC/CX-26-2022；XZTC/CX-27-2022；XZTC/CX-29-2022；XZTC/CX-30-2022,yes,候选字段需文件管理员确认
JL-7.6-01,测量不确定度适用性评审记录,5,responsible_position,填写责任,text,yes,common,技术负责人,候选模板通用字段，正式启用前需由文件管理员确认。,yes,技术负责人,yes,候选字段需文件管理员确认
JL-7.6-01,测量不确定度适用性评审记录,6,trigger_time,形成时机,text,yes,common,方法确认、报告符合性声明或客户要求时,候选模板通用字段，正式启用前需由文件管理员确认。,yes,方法确认、报告符合性声明或客户要求时,yes,候选字段需文件管理员确认
JL-7.6-01,测量不确定度适用性评审记录,7,reviewer,复核/批准,text,no,common,,候选模板通用字段，正式启用前需由文件管理员确认。,yes,待人工确认,yes,需确认保存/保密/签核规则；试填值仍为待确认；候选字段需文件管理员确认
JL-7.6-01,测量不确定度适用性评审记录,8,storage_location,保存位置,text,no,common,,候选模板通用字段，正式启用前需由文件管理员确认。,yes,待人工确认,yes,需确认保存/保密/签核规则；试填值仍为待确认；候选字段需文件管理员确认
JL-7.6-01,测量不确定度适用性评审记录,9,retention_period,保存期限,text,no,common,,候选模板通用字段，正式启用前需由文件管理员确认。,yes,待人工确认,yes,需确认保存/保密/签核规则；试填值仍为待确认；候选字段需文件管理员确认
JL-7.6-01,测量不确定度适用性评审记录,10,confidentiality_level,保密等级,select,no,common,,候选模板通用字段，正式启用前需由文件管理员确认。,yes,待确认,yes,需确认保存/保密/签核规则；试填值仍为待确认；候选字段需文件管理员确认
JL-7.6-01,测量不确定度适用性评审记录,11,correction_rule,更正规则,text,yes,common,,候选模板通用字段，正式启用前需由文件管理员确认。,yes,保留原始信息、更正原因、更正日期、责任人和复核痕迹；本试填为模拟数据，不作为正式更正规则。SIMULATED_TRIAL_NOT_REAL_RECORD,yes,候选字段需文件管理员确认
JL-7.6-01,测量不确定度适用性评审记录,12,specific_01_c76229f9,结果类型,text,yes,specific,,来自候选记录模板清单的关键字段，需与现用表单或试填结果复核。,yes,模拟：结果类型待按真实业务填写。,yes,需过程负责人确认字段含义和现用表单一致性
JL-7.6-01,测量不确定度适用性评审记录,13,specific_02_5a08e027,贡献来源,text,yes,specific,,来自候选记录模板清单的关键字段，需与现用表单或试填结果复核。,yes,模拟：贡献来源待按真实业务填写。,yes,需过程负责人确认字段含义和现用表单一致性
JL-7.6-01,测量不确定度适用性评审记录,14,specific_03_7d319b55,评定方法,text,yes,specific,,来自候选记录模板清单的关键字段，需与现用表单或试填结果复核。,yes,模拟：评定方法待按真实业务填写。,yes,需过程负责人确认字段含义和现用表单一致性
JL-7.6-01,测量不确定度适用性评审记录,15,specific_04_b7d38014,适用边界,text,yes,specific,,来自候选记录模板清单的关键字段，需与现用表单或试填结果复核。,yes,模拟：适用边界待按真实业务填写。,yes,需过程负责人确认字段含义和现用表单一致性
JL-7.6-01,测量不确定度适用性评审记录,16,specific_05_76fcd9cd,报告要求,text,yes,specific,,来自候选记录模板清单的关键字段，需与现用表单或试填结果复核。,yes,模拟：报告要求待按真实业务填写。,yes,需过程负责人确认字段含义和现用表单一致性
JL-7.7-01,结果有效性监控计划与评价记录,1,record_number,记录编号,text,yes,common,,候选模板通用字段，正式启用前需由文件管理员确认。,yes,SIM-JL-7.7-01-20260707-001,yes,候选字段需文件管理员确认
JL-7.7-01,结果有效性监控计划与评价记录,2,record_name,记录名称,text,yes,common,,候选模板通用字段，正式启用前需由文件管理员确认。,yes,结果有效性监控计划与评价记录,yes,候选字段需文件管理员确认
JL-7.7-01,结果有效性监控计划与评价记录,3,applicable_clause,适用条款,text,yes,common,7.7,候选模板通用字段，正式启用前需由文件管理员确认。,yes,7.7,yes,候选字段需文件管理员确认
JL-7.7-01,结果有效性监控计划与评价记录,4,related_procedure,关联程序,text,yes,common,XZTC/CX-15-2022；XZTC/CX-16-2022；XZTC/CX-30-2022；XZTC/CX-34-2022,候选模板通用字段，正式启用前需由文件管理员确认。,yes,XZTC/CX-15-2022；XZTC/CX-16-2022；XZTC/CX-30-2022；XZTC/CX-34-2022,yes,候选字段需文件管理员确认
JL-7.7-01,结果有效性监控计划与评价记录,5,responsible_position,填写责任,text,yes,common,技术负责人/质量负责人,候选模板通用字段，正式启用前需由文件管理员确认。,yes,技术负责人/质量负责人,yes,候选字段需文件管理员确认
JL-7.7-01,结果有效性监控计划与评价记录,6,trigger_time,形成时机,text,yes,common,年度策划、质控活动后,候选模板通用字段，正式启用前需由文件管理员确认。,yes,年度策划、质控活动后,yes,候选字段需文件管理员确认
JL-7.7-01,结果有效性监控计划与评价记录,7,reviewer,复核/批准,text,no,common,,候选模板通用字段，正式启用前需由文件管理员确认。,yes,待人工确认,yes,需确认保存/保密/签核规则；试填值仍为待确认；候选字段需文件管理员确认
JL-7.7-01,结果有效性监控计划与评价记录,8,storage_location,保存位置,text,no,common,,候选模板通用字段，正式启用前需由文件管理员确认。,yes,待人工确认,yes,需确认保存/保密/签核规则；试填值仍为待确认；候选字段需文件管理员确认
JL-7.7-01,结果有效性监控计划与评价记录,9,retention_period,保存期限,text,no,common,,候选模板通用字段，正式启用前需由文件管理员确认。,yes,待人工确认,yes,需确认保存/保密/签核规则；试填值仍为待确认；候选字段需文件管理员确认
JL-7.7-01,结果有效性监控计划与评价记录,10,confidentiality_level,保密等级,select,no,common,,候选模板通用字段，正式启用前需由文件管理员确认。,yes,待确认,yes,需确认保存/保密/签核规则；试填值仍为待确认；候选字段需文件管理员确认
JL-7.7-01,结果有效性监控计划与评价记录,11,correction_rule,更正规则,text,yes,common,,候选模板通用字段，正式启用前需由文件管理员确认。,yes,保留原始信息、更正原因、更正日期、责任人和复核痕迹；本试填为模拟数据，不作为正式更正规则。SIMULATED_TRIAL_NOT_REAL_RECORD,yes,候选字段需文件管理员确认
JL-7.7-01,结果有效性监控计划与评价记录,12,specific_01_e8513e4d,监控方式,text,yes,specific,,来自候选记录模板清单的关键字段，需与现用表单或试填结果复核。,yes,模拟：监控方式待按真实业务填写。,yes,需过程负责人确认字段含义和现用表单一致性
JL-7.7-01,结果有效性监控计划与评价记录,13,specific_02_e1668a04,频次,text,yes,specific,,来自候选记录模板清单的关键字段，需与现用表单或试填结果复核。,yes,模拟：频次待按真实业务填写。,yes,需过程负责人确认字段含义和现用表单一致性
JL-7.7-01,结果有效性监控计划与评价记录,14,specific_03_1a26633d,准则,text,yes,specific,,来自候选记录模板清单的关键字段，需与现用表单或试填结果复核。,yes,模拟：准则待按真实业务填写。,yes,需过程负责人确认字段含义和现用表单一致性
JL-7.7-01,结果有效性监控计划与评价记录,15,specific_04_0a2c91ce,结果,text,yes,specific,,来自候选记录模板清单的关键字段，需与现用表单或试填结果复核。,yes,模拟：结果待按真实业务填写。,yes,需过程负责人确认字段含义和现用表单一致性
JL-7.7-01,结果有效性监控计划与评价记录,16,specific_05_5caf2793,异常,text,yes,specific,,来自候选记录模板清单的关键字段，需与现用表单或试填结果复核。,yes,模拟：异常待按真实业务填写。,yes,需过程负责人确认字段含义和现用表单一致性
JL-7.7-01,结果有效性监控计划与评价记录,17,specific_06_d8e38b5f,改进,text,yes,specific,,来自候选记录模板清单的关键字段，需与现用表单或试填结果复核。,yes,模拟：改进待按真实业务填写。,yes,需过程负责人确认字段含义和现用表单一致性
JL-7.8-01,报告复核与授权签发记录,1,record_number,记录编号,text,yes,common,,候选模板通用字段，正式启用前需由文件管理员确认。,yes,SIM-JL-7.8-01-20260707-001,yes,候选字段需文件管理员确认
JL-7.8-01,报告复核与授权签发记录,2,record_name,记录名称,text,yes,common,,候选模板通用字段，正式启用前需由文件管理员确认。,yes,报告复核与授权签发记录,yes,候选字段需文件管理员确认
JL-7.8-01,报告复核与授权签发记录,3,applicable_clause,适用条款,text,yes,common,7.8,候选模板通用字段，正式启用前需由文件管理员确认。,yes,7.8,yes,候选字段需文件管理员确认
JL-7.8-01,报告复核与授权签发记录,4,related_procedure,关联程序,text,yes,common,XZTC/CX-06-2022；XZTC/CX-26-2022；XZTC/CX-29-2022,候选模板通用字段，正式启用前需由文件管理员确认。,yes,XZTC/CX-06-2022；XZTC/CX-26-2022；XZTC/CX-29-2022,yes,候选字段需文件管理员确认
JL-7.8-01,报告复核与授权签发记录,5,responsible_position,填写责任,text,yes,common,复核人/授权签字人,候选模板通用字段，正式启用前需由文件管理员确认。,yes,复核人/授权签字人,yes,候选字段需文件管理员确认
JL-7.8-01,报告复核与授权签发记录,6,trigger_time,形成时机,text,yes,common,报告发布前、报告修订时,候选模板通用字段，正式启用前需由文件管理员确认。,yes,报告发布前、报告修订时,yes,候选字段需文件管理员确认
JL-7.8-01,报告复核与授权签发记录,7,reviewer,复核/批准,text,no,common,,候选模板通用字段，正式启用前需由文件管理员确认。,yes,待人工确认,yes,需确认保存/保密/签核规则；试填值仍为待确认；候选字段需文件管理员确认
JL-7.8-01,报告复核与授权签发记录,8,storage_location,保存位置,text,no,common,,候选模板通用字段，正式启用前需由文件管理员确认。,yes,待人工确认,yes,需确认保存/保密/签核规则；试填值仍为待确认；候选字段需文件管理员确认
JL-7.8-01,报告复核与授权签发记录,9,retention_period,保存期限,text,no,common,,候选模板通用字段，正式启用前需由文件管理员确认。,yes,待人工确认,yes,需确认保存/保密/签核规则；试填值仍为待确认；候选字段需文件管理员确认
JL-7.8-01,报告复核与授权签发记录,10,confidentiality_level,保密等级,select,no,common,,候选模板通用字段，正式启用前需由文件管理员确认。,yes,待确认,yes,需确认保存/保密/签核规则；试填值仍为待确认；候选字段需文件管理员确认
JL-7.8-01,报告复核与授权签发记录,11,correction_rule,更正规则,text,yes,common,,候选模板通用字段，正式启用前需由文件管理员确认。,yes,保留原始信息、更正原因、更正日期、责任人和复核痕迹；本试填为模拟数据，不作为正式更正规则。SIMULATED_TRIAL_NOT_REAL_RECORD,yes,候选字段需文件管理员确认
JL-7.8-01,报告复核与授权签发记录,12,specific_01_19e2e278,报告编号,text,yes,specific,,来自候选记录模板清单的关键字段，需与现用表单或试填结果复核。,yes,模拟：报告编号待按真实业务填写。,yes,需过程负责人确认字段含义和现用表单一致性
JL-7.8-01,报告复核与授权签发记录,13,specific_02_5762b9c8,复核项,text,yes,specific,,来自候选记录模板清单的关键字段，需与现用表单或试填结果复核。,yes,模拟：复核项待按真实业务填写。,yes,需过程负责人确认字段含义和现用表单一致性
JL-7.8-01,报告复核与授权签发记录,14,specific_03_2fb49eec,问题,text,yes,specific,,来自候选记录模板清单的关键字段，需与现用表单或试填结果复核。,yes,模拟：问题待按真实业务填写。,yes,需过程负责人确认字段含义和现用表单一致性
JL-7.8-01,报告复核与授权签发记录,15,specific_04_32b3f16d,结论,text,yes,specific,,来自候选记录模板清单的关键字段，需与现用表单或试填结果复核。,yes,模拟：结论待按真实业务填写。,yes,需过程负责人确认字段含义和现用表单一致性
JL-7.8-01,报告复核与授权签发记录,16,specific_05_1c31fbd8,授权人,text,yes,specific,,来自候选记录模板清单的关键字段，需与现用表单或试填结果复核。,yes,模拟：授权人待按真实业务填写。,yes,需过程负责人确认字段含义和现用表单一致性
JL-7.9-01,投诉处理记录,1,record_number,记录编号,text,yes,common,,候选模板通用字段，正式启用前需由文件管理员确认。,yes,SIM-JL-7.9-01-20260707-001,yes,候选字段需文件管理员确认
JL-7.9-01,投诉处理记录,2,record_name,记录名称,text,yes,common,,候选模板通用字段，正式启用前需由文件管理员确认。,yes,投诉处理记录,yes,候选字段需文件管理员确认
JL-7.9-01,投诉处理记录,3,applicable_clause,适用条款,text,yes,common,7.9,候选模板通用字段，正式启用前需由文件管理员确认。,yes,7.9,yes,候选字段需文件管理员确认
JL-7.9-01,投诉处理记录,4,related_procedure,关联程序,text,yes,common,XZTC/CX-14-2022；XZTC/CX-15-2022；XZTC/CX-16-2022,候选模板通用字段，正式启用前需由文件管理员确认。,yes,XZTC/CX-14-2022；XZTC/CX-15-2022；XZTC/CX-16-2022,yes,候选字段需文件管理员确认
JL-7.9-01,投诉处理记录,5,responsible_position,填写责任,text,yes,common,质量负责人,候选模板通用字段，正式启用前需由文件管理员确认。,yes,质量负责人,yes,候选字段需文件管理员确认
JL-7.9-01,投诉处理记录,6,trigger_time,形成时机,text,yes,common,投诉接收至关闭全过程,候选模板通用字段，正式启用前需由文件管理员确认。,yes,投诉接收至关闭全过程,yes,候选字段需文件管理员确认
JL-7.9-01,投诉处理记录,7,reviewer,复核/批准,text,no,common,,候选模板通用字段，正式启用前需由文件管理员确认。,yes,待人工确认,yes,需确认保存/保密/签核规则；试填值仍为待确认；候选字段需文件管理员确认
JL-7.9-01,投诉处理记录,8,storage_location,保存位置,text,no,common,,候选模板通用字段，正式启用前需由文件管理员确认。,yes,待人工确认,yes,需确认保存/保密/签核规则；试填值仍为待确认；候选字段需文件管理员确认
JL-7.9-01,投诉处理记录,9,retention_period,保存期限,text,no,common,,候选模板通用字段，正式启用前需由文件管理员确认。,yes,待人工确认,yes,需确认保存/保密/签核规则；试填值仍为待确认；候选字段需文件管理员确认
JL-7.9-01,投诉处理记录,10,confidentiality_level,保密等级,select,no,common,,候选模板通用字段，正式启用前需由文件管理员确认。,yes,待确认,yes,需确认保存/保密/签核规则；试填值仍为待确认；候选字段需文件管理员确认
JL-7.9-01,投诉处理记录,11,correction_rule,更正规则,text,yes,common,,候选模板通用字段，正式启用前需由文件管理员确认。,yes,保留原始信息、更正原因、更正日期、责任人和复核痕迹；本试填为模拟数据，不作为正式更正规则。SIMULATED_TRIAL_NOT_REAL_RECORD,yes,候选字段需文件管理员确认
JL-7.9-01,投诉处理记录,12,specific_01_00472167,投诉内容,text,yes,specific,,来自候选记录模板清单的关键字段，需与现用表单或试填结果复核。,yes,模拟：投诉内容待按真实业务填写。,yes,需过程负责人确认字段含义和现用表单一致性
JL-7.9-01,投诉处理记录,13,specific_02_b56d9ac6,确认,text,yes,specific,,来自候选记录模板清单的关键字段，需与现用表单或试填结果复核。,yes,模拟：确认待按真实业务填写。,yes,需过程负责人确认字段含义和现用表单一致性
JL-7.9-01,投诉处理记录,14,specific_03_9e17115d,调查,text,yes,specific,,来自候选记录模板清单的关键字段，需与现用表单或试填结果复核。,yes,模拟：调查待按真实业务填写。,yes,需过程负责人确认字段含义和现用表单一致性
JL-7.9-01,投诉处理记录,15,specific_04_1375012f,决定,text,yes,specific,,来自候选记录模板清单的关键字段，需与现用表单或试填结果复核。,yes,模拟：决定待按真实业务填写。,yes,需过程负责人确认字段含义和现用表单一致性
JL-7.9-01,投诉处理记录,16,specific_05_ffc78509,回复,text,yes,specific,,来自候选记录模板清单的关键字段，需与现用表单或试填结果复核。,yes,模拟：回复待按真实业务填写。,yes,需过程负责人确认字段含义和现用表单一致性
JL-7.9-01,投诉处理记录,17,specific_06_6c14bd7f,关闭,text,yes,specific,,来自候选记录模板清单的关键字段，需与现用表单或试填结果复核。,yes,模拟：关闭待按真实业务填写。,yes,需过程负责人确认字段含义和现用表单一致性
JL-7.10-01,不符合工作影响评价与恢复授权记录,1,record_number,记录编号,text,yes,common,,候选模板通用字段，正式启用前需由文件管理员确认。,yes,SIM-JL-7.10-01-20260707-001,yes,候选字段需文件管理员确认
JL-7.10-01,不符合工作影响评价与恢复授权记录,2,record_name,记录名称,text,yes,common,,候选模板通用字段，正式启用前需由文件管理员确认。,yes,不符合工作影响评价与恢复授权记录,yes,候选字段需文件管理员确认
JL-7.10-01,不符合工作影响评价与恢复授权记录,3,applicable_clause,适用条款,text,yes,common,7.10,候选模板通用字段，正式启用前需由文件管理员确认。,yes,7.10,yes,候选字段需文件管理员确认
JL-7.10-01,不符合工作影响评价与恢复授权记录,4,related_procedure,关联程序,text,yes,common,XZTC/CX-15-2022；XZTC/CX-16-2022；XZTC/CX-32-2022,候选模板通用字段，正式启用前需由文件管理员确认。,yes,XZTC/CX-15-2022；XZTC/CX-16-2022；XZTC/CX-32-2022,yes,候选字段需文件管理员确认
JL-7.10-01,不符合工作影响评价与恢复授权记录,5,responsible_position,填写责任,text,yes,common,质量负责人/技术负责人,候选模板通用字段，正式启用前需由文件管理员确认。,yes,质量负责人/技术负责人,yes,候选字段需文件管理员确认
JL-7.10-01,不符合工作影响评价与恢复授权记录,6,trigger_time,形成时机,text,yes,common,不符合发生、处置和恢复时,候选模板通用字段，正式启用前需由文件管理员确认。,yes,不符合发生、处置和恢复时,yes,候选字段需文件管理员确认
JL-7.10-01,不符合工作影响评价与恢复授权记录,7,reviewer,复核/批准,text,no,common,,候选模板通用字段，正式启用前需由文件管理员确认。,yes,待人工确认,yes,需确认保存/保密/签核规则；试填值仍为待确认；候选字段需文件管理员确认
JL-7.10-01,不符合工作影响评价与恢复授权记录,8,storage_location,保存位置,text,no,common,,候选模板通用字段，正式启用前需由文件管理员确认。,yes,待人工确认,yes,需确认保存/保密/签核规则；试填值仍为待确认；候选字段需文件管理员确认
JL-7.10-01,不符合工作影响评价与恢复授权记录,9,retention_period,保存期限,text,no,common,,候选模板通用字段，正式启用前需由文件管理员确认。,yes,待人工确认,yes,需确认保存/保密/签核规则；试填值仍为待确认；候选字段需文件管理员确认
JL-7.10-01,不符合工作影响评价与恢复授权记录,10,confidentiality_level,保密等级,select,no,common,,候选模板通用字段，正式启用前需由文件管理员确认。,yes,待确认,yes,需确认保存/保密/签核规则；试填值仍为待确认；候选字段需文件管理员确认
JL-7.10-01,不符合工作影响评价与恢复授权记录,11,correction_rule,更正规则,text,yes,common,,候选模板通用字段，正式启用前需由文件管理员确认。,yes,保留原始信息、更正原因、更正日期、责任人和复核痕迹；本试填为模拟数据，不作为正式更正规则。SIMULATED_TRIAL_NOT_REAL_RECORD,yes,候选字段需文件管理员确认
JL-7.10-01,不符合工作影响评价与恢复授权记录,12,specific_01_cb98816f,不符合描述,text,yes,specific,,来自候选记录模板清单的关键字段，需与现用表单或试填结果复核。,yes,模拟：不符合描述待按真实业务填写。,yes,需过程负责人确认字段含义和现用表单一致性
JL-7.10-01,不符合工作影响评价与恢复授权记录,13,specific_02_aaabff1b,影响范围,text,yes,specific,,来自候选记录模板清单的关键字段，需与现用表单或试填结果复核。,yes,模拟：影响范围待按真实业务填写。,yes,需过程负责人确认字段含义和现用表单一致性
JL-7.10-01,不符合工作影响评价与恢复授权记录,14,specific_03_569b1741,措施,text,yes,specific,,来自候选记录模板清单的关键字段，需与现用表单或试填结果复核。,yes,模拟：措施待按真实业务填写。,yes,需过程负责人确认字段含义和现用表单一致性
JL-7.10-01,不符合工作影响评价与恢复授权记录,15,specific_04_25b80462,客户通知,text,yes,specific,,来自候选记录模板清单的关键字段，需与现用表单或试填结果复核。,yes,模拟：客户通知待按真实业务填写。,yes,需过程负责人确认字段含义和现用表单一致性
JL-7.10-01,不符合工作影响评价与恢复授权记录,16,specific_05_8a6ef834,恢复授权,text,yes,specific,,来自候选记录模板清单的关键字段，需与现用表单或试填结果复核。,yes,模拟：恢复授权待按真实业务填写。,yes,需过程负责人确认字段含义和现用表单一致性
JL-7.11-01,电子表格/软件适用性确认记录,1,record_number,记录编号,text,yes,common,,候选模板通用字段，正式启用前需由文件管理员确认。,yes,SIM-JL-7.11-01-20260707-001,yes,候选字段需文件管理员确认
JL-7.11-01,电子表格/软件适用性确认记录,2,record_name,记录名称,text,yes,common,,候选模板通用字段，正式启用前需由文件管理员确认。,yes,电子表格/软件适用性确认记录,yes,候选字段需文件管理员确认
JL-7.11-01,电子表格/软件适用性确认记录,3,applicable_clause,适用条款,text,yes,common,7.11,候选模板通用字段，正式启用前需由文件管理员确认。,yes,7.11,yes,候选字段需文件管理员确认
JL-7.11-01,电子表格/软件适用性确认记录,4,related_procedure,关联程序,text,yes,common,XZTC/CX-08-2022；XZTC/CX-19-2022；XZTC/CX-26-2022,候选模板通用字段，正式启用前需由文件管理员确认。,yes,XZTC/CX-08-2022；XZTC/CX-19-2022；XZTC/CX-26-2022,yes,候选字段需文件管理员确认
JL-7.11-01,电子表格/软件适用性确认记录,5,responsible_position,填写责任,text,yes,common,技术负责人/文件管理员,候选模板通用字段，正式启用前需由文件管理员确认。,yes,技术负责人/文件管理员,yes,候选字段需文件管理员确认
JL-7.11-01,电子表格/软件适用性确认记录,6,trigger_time,形成时机,text,yes,common,模板或软件投入使用及变更前,候选模板通用字段，正式启用前需由文件管理员确认。,yes,模板或软件投入使用及变更前,yes,候选字段需文件管理员确认
JL-7.11-01,电子表格/软件适用性确认记录,7,reviewer,复核/批准,text,no,common,,候选模板通用字段，正式启用前需由文件管理员确认。,yes,待人工确认,yes,需确认保存/保密/签核规则；试填值仍为待确认；候选字段需文件管理员确认
JL-7.11-01,电子表格/软件适用性确认记录,8,storage_location,保存位置,text,no,common,,候选模板通用字段，正式启用前需由文件管理员确认。,yes,待人工确认,yes,需确认保存/保密/签核规则；试填值仍为待确认；候选字段需文件管理员确认
JL-7.11-01,电子表格/软件适用性确认记录,9,retention_period,保存期限,text,no,common,,候选模板通用字段，正式启用前需由文件管理员确认。,yes,待人工确认,yes,需确认保存/保密/签核规则；试填值仍为待确认；候选字段需文件管理员确认
JL-7.11-01,电子表格/软件适用性确认记录,10,confidentiality_level,保密等级,select,no,common,,候选模板通用字段，正式启用前需由文件管理员确认。,yes,待确认,yes,需确认保存/保密/签核规则；试填值仍为待确认；候选字段需文件管理员确认
JL-7.11-01,电子表格/软件适用性确认记录,11,correction_rule,更正规则,text,yes,common,,候选模板通用字段，正式启用前需由文件管理员确认。,yes,保留原始信息、更正原因、更正日期、责任人和复核痕迹；本试填为模拟数据，不作为正式更正规则。SIMULATED_TRIAL_NOT_REAL_RECORD,yes,候选字段需文件管理员确认
JL-7.11-01,电子表格/软件适用性确认记录,12,specific_01_1be7ae4f,名称,text,yes,specific,,来自候选记录模板清单的关键字段，需与现用表单或试填结果复核。,yes,模拟：名称待按真实业务填写。,yes,需过程负责人确认字段含义和现用表单一致性
JL-7.11-01,电子表格/软件适用性确认记录,13,specific_02_7c49c8f2,用途,text,yes,specific,,来自候选记录模板清单的关键字段，需与现用表单或试填结果复核。,yes,模拟：用途待按真实业务填写。,yes,需过程负责人确认字段含义和现用表单一致性
JL-7.11-01,电子表格/软件适用性确认记录,14,specific_03_989d1aff,版本,text,yes,specific,,来自候选记录模板清单的关键字段，需与现用表单或试填结果复核。,yes,模拟：版本待按真实业务填写。,yes,需过程负责人确认字段含义和现用表单一致性
JL-7.11-01,电子表格/软件适用性确认记录,15,specific_04_148da7ca,验证方法,text,yes,specific,,来自候选记录模板清单的关键字段，需与现用表单或试填结果复核。,yes,模拟：验证方法待按真实业务填写。,yes,需过程负责人确认字段含义和现用表单一致性
JL-7.11-01,电子表格/软件适用性确认记录,16,specific_05_560165a6,权限,text,yes,specific,,来自候选记录模板清单的关键字段，需与现用表单或试填结果复核。,yes,模拟：权限待按真实业务填写。,yes,需过程负责人确认字段含义和现用表单一致性
JL-7.11-01,电子表格/软件适用性确认记录,17,specific_06_2aadd3e0,备份,text,yes,specific,,来自候选记录模板清单的关键字段，需与现用表单或试填结果复核。,yes,模拟：备份待按真实业务填写。,yes,需过程负责人确认字段含义和现用表单一致性
JL-7.11-01,电子表格/软件适用性确认记录,18,specific_07_32b3f16d,结论,text,yes,specific,,来自候选记录模板清单的关键字段，需与现用表单或试填结果复核。,yes,模拟：结论待按真实业务填写。,yes,需过程负责人确认字段含义和现用表单一致性
JL-8.3-01,文件修订评审与发布记录,1,record_number,记录编号,text,yes,common,,候选模板通用字段，正式启用前需由文件管理员确认。,yes,SIM-JL-8.3-01-20260707-001,yes,候选字段需文件管理员确认
JL-8.3-01,文件修订评审与发布记录,2,record_name,记录名称,text,yes,common,,候选模板通用字段，正式启用前需由文件管理员确认。,yes,文件修订评审与发布记录,yes,候选字段需文件管理员确认
JL-8.3-01,文件修订评审与发布记录,3,applicable_clause,适用条款,text,yes,common,8.3,候选模板通用字段，正式启用前需由文件管理员确认。,yes,8.3,yes,候选字段需文件管理员确认
JL-8.3-01,文件修订评审与发布记录,4,related_procedure,关联程序,text,yes,common,XZTC/CX-08-2022；XZTC/CX-26-2022,候选模板通用字段，正式启用前需由文件管理员确认。,yes,XZTC/CX-08-2022；XZTC/CX-26-2022,yes,候选字段需文件管理员确认
JL-8.3-01,文件修订评审与发布记录,5,responsible_position,填写责任,text,yes,common,文件管理员/质量负责人,候选模板通用字段，正式启用前需由文件管理员确认。,yes,文件管理员/质量负责人,yes,候选字段需文件管理员确认
JL-8.3-01,文件修订评审与发布记录,6,trigger_time,形成时机,text,yes,common,文件编制、修订、废止时,候选模板通用字段，正式启用前需由文件管理员确认。,yes,文件编制、修订、废止时,yes,候选字段需文件管理员确认
JL-8.3-01,文件修订评审与发布记录,7,reviewer,复核/批准,text,no,common,,候选模板通用字段，正式启用前需由文件管理员确认。,yes,待人工确认,yes,需确认保存/保密/签核规则；试填值仍为待确认；候选字段需文件管理员确认
JL-8.3-01,文件修订评审与发布记录,8,storage_location,保存位置,text,no,common,,候选模板通用字段，正式启用前需由文件管理员确认。,yes,待人工确认,yes,需确认保存/保密/签核规则；试填值仍为待确认；候选字段需文件管理员确认
JL-8.3-01,文件修订评审与发布记录,9,retention_period,保存期限,text,no,common,,候选模板通用字段，正式启用前需由文件管理员确认。,yes,待人工确认,yes,需确认保存/保密/签核规则；试填值仍为待确认；候选字段需文件管理员确认
JL-8.3-01,文件修订评审与发布记录,10,confidentiality_level,保密等级,select,no,common,,候选模板通用字段，正式启用前需由文件管理员确认。,yes,待确认,yes,需确认保存/保密/签核规则；试填值仍为待确认；候选字段需文件管理员确认
JL-8.3-01,文件修订评审与发布记录,11,correction_rule,更正规则,text,yes,common,,候选模板通用字段，正式启用前需由文件管理员确认。,yes,保留原始信息、更正原因、更正日期、责任人和复核痕迹；本试填为模拟数据，不作为正式更正规则。SIMULATED_TRIAL_NOT_REAL_RECORD,yes,候选字段需文件管理员确认
JL-8.3-01,文件修订评审与发布记录,12,specific_01_647a5da0,文件编号,text,yes,specific,,来自候选记录模板清单的关键字段，需与现用表单或试填结果复核。,yes,模拟：文件编号待按真实业务填写。,yes,需过程负责人确认字段含义和现用表单一致性
JL-8.3-01,文件修订评审与发布记录,13,specific_02_91cd39b0,修订原因,text,yes,specific,,来自候选记录模板清单的关键字段，需与现用表单或试填结果复核。,yes,模拟：修订原因待按真实业务填写。,yes,需过程负责人确认字段含义和现用表单一致性
JL-8.3-01,文件修订评审与发布记录,14,specific_03_899a6650,评审意见,text,yes,specific,,来自候选记录模板清单的关键字段，需与现用表单或试填结果复核。,yes,模拟：评审意见待按真实业务填写。,yes,需过程负责人确认字段含义和现用表单一致性
JL-8.3-01,文件修订评审与发布记录,15,specific_04_62e26d21,批准,text,yes,specific,,来自候选记录模板清单的关键字段，需与现用表单或试填结果复核。,yes,模拟：批准待按真实业务填写。,yes,需过程负责人确认字段含义和现用表单一致性
JL-8.3-01,文件修订评审与发布记录,16,specific_05_ebab5d4e,发放,text,yes,specific,,来自候选记录模板清单的关键字段，需与现用表单或试填结果复核。,yes,模拟：发放待按真实业务填写。,yes,需过程负责人确认字段含义和现用表单一致性
JL-8.3-01,文件修订评审与发布记录,17,specific_06_feeb19ac,作废,text,yes,specific,,来自候选记录模板清单的关键字段，需与现用表单或试填结果复核。,yes,模拟：作废待按真实业务填写。,yes,需过程负责人确认字段含义和现用表单一致性
JL-8.4-01,记录归档与借阅记录,1,record_number,记录编号,text,yes,common,,候选模板通用字段，正式启用前需由文件管理员确认。,yes,SIM-JL-8.4-01-20260707-001,yes,候选字段需文件管理员确认
JL-8.4-01,记录归档与借阅记录,2,record_name,记录名称,text,yes,common,,候选模板通用字段，正式启用前需由文件管理员确认。,yes,记录归档与借阅记录,yes,候选字段需文件管理员确认
JL-8.4-01,记录归档与借阅记录,3,applicable_clause,适用条款,text,yes,common,8.4,候选模板通用字段，正式启用前需由文件管理员确认。,yes,8.4,yes,候选字段需文件管理员确认
JL-8.4-01,记录归档与借阅记录,4,related_procedure,关联程序,text,yes,common,XZTC/CX-06-2022；XZTC/CX-19-2022；XZTC/CX-26-2022,候选模板通用字段，正式启用前需由文件管理员确认。,yes,XZTC/CX-06-2022；XZTC/CX-19-2022；XZTC/CX-26-2022,yes,候选字段需文件管理员确认
JL-8.4-01,记录归档与借阅记录,5,responsible_position,填写责任,text,yes,common,文件管理员,候选模板通用字段，正式启用前需由文件管理员确认。,yes,文件管理员,yes,候选字段需文件管理员确认
JL-8.4-01,记录归档与借阅记录,6,trigger_time,形成时机,text,yes,common,记录归档、查阅、借阅和销毁时,候选模板通用字段，正式启用前需由文件管理员确认。,yes,记录归档、查阅、借阅和销毁时,yes,候选字段需文件管理员确认
JL-8.4-01,记录归档与借阅记录,7,reviewer,复核/批准,text,no,common,,候选模板通用字段，正式启用前需由文件管理员确认。,yes,待人工确认,yes,需确认保存/保密/签核规则；试填值仍为待确认；候选字段需文件管理员确认
JL-8.4-01,记录归档与借阅记录,8,storage_location,保存位置,text,no,common,,候选模板通用字段，正式启用前需由文件管理员确认。,yes,待人工确认,yes,需确认保存/保密/签核规则；试填值仍为待确认；候选字段需文件管理员确认
JL-8.4-01,记录归档与借阅记录,9,retention_period,保存期限,text,no,common,,候选模板通用字段，正式启用前需由文件管理员确认。,yes,待人工确认,yes,需确认保存/保密/签核规则；试填值仍为待确认；候选字段需文件管理员确认
JL-8.4-01,记录归档与借阅记录,10,confidentiality_level,保密等级,select,no,common,,候选模板通用字段，正式启用前需由文件管理员确认。,yes,待确认,yes,需确认保存/保密/签核规则；试填值仍为待确认；候选字段需文件管理员确认
JL-8.4-01,记录归档与借阅记录,11,correction_rule,更正规则,text,yes,common,,候选模板通用字段，正式启用前需由文件管理员确认。,yes,保留原始信息、更正原因、更正日期、责任人和复核痕迹；本试填为模拟数据，不作为正式更正规则。SIMULATED_TRIAL_NOT_REAL_RECORD,yes,候选字段需文件管理员确认
JL-8.4-01,记录归档与借阅记录,12,specific_01_6537aa4e,记录名称,text,yes,specific,,来自候选记录模板清单的关键字段，需与现用表单或试填结果复核。,yes,模拟：记录名称待按真实业务填写。,yes,需过程负责人确认字段含义和现用表单一致性
JL-8.4-01,记录归档与借阅记录,13,specific_02_9f42dac6,编号,text,yes,specific,,来自候选记录模板清单的关键字段，需与现用表单或试填结果复核。,yes,模拟：编号待按真实业务填写。,yes,需过程负责人确认字段含义和现用表单一致性
JL-8.4-01,记录归档与借阅记录,14,specific_03_442d21cc,归档位置,text,yes,specific,,来自候选记录模板清单的关键字段，需与现用表单或试填结果复核。,yes,模拟：归档位置待按真实业务填写。,yes,需过程负责人确认字段含义和现用表单一致性
JL-8.4-01,记录归档与借阅记录,15,specific_04_fb2f8cfd,借阅人,text,yes,specific,,来自候选记录模板清单的关键字段，需与现用表单或试填结果复核。,yes,模拟：借阅人待按真实业务填写。,yes,需过程负责人确认字段含义和现用表单一致性
JL-8.4-01,记录归档与借阅记录,16,specific_05_bdd41ed2,归还,text,yes,specific,,来自候选记录模板清单的关键字段，需与现用表单或试填结果复核。,yes,模拟：归还待按真实业务填写。,yes,需过程负责人确认字段含义和现用表单一致性
JL-8.4-01,记录归档与借阅记录,17,specific_06_4f136db2,处置,text,yes,specific,,来自候选记录模板清单的关键字段，需与现用表单或试填结果复核。,yes,模拟：处置待按真实业务填写。,yes,需过程负责人确认字段含义和现用表单一致性
JL-8.5-01,风险和机遇措施跟踪记录,1,record_number,记录编号,text,yes,common,,候选模板通用字段，正式启用前需由文件管理员确认。,yes,SIM-JL-8.5-01-20260707-001,yes,候选字段需文件管理员确认
JL-8.5-01,风险和机遇措施跟踪记录,2,record_name,记录名称,text,yes,common,,候选模板通用字段，正式启用前需由文件管理员确认。,yes,风险和机遇措施跟踪记录,yes,候选字段需文件管理员确认
JL-8.5-01,风险和机遇措施跟踪记录,3,applicable_clause,适用条款,text,yes,common,8.5,候选模板通用字段，正式启用前需由文件管理员确认。,yes,8.5,yes,候选字段需文件管理员确认
JL-8.5-01,风险和机遇措施跟踪记录,4,related_procedure,关联程序,text,yes,common,XZTC/CX-17-2022；XZTC/CX-18-2022；XZTC/CX-32-2022,候选模板通用字段，正式启用前需由文件管理员确认。,yes,XZTC/CX-17-2022；XZTC/CX-18-2022；XZTC/CX-32-2022,yes,候选字段需文件管理员确认
JL-8.5-01,风险和机遇措施跟踪记录,5,responsible_position,填写责任,text,yes,common,质量负责人,候选模板通用字段，正式启用前需由文件管理员确认。,yes,质量负责人,yes,候选字段需文件管理员确认
JL-8.5-01,风险和机遇措施跟踪记录,6,trigger_time,形成时机,text,yes,common,风险措施实施及评价时,候选模板通用字段，正式启用前需由文件管理员确认。,yes,风险措施实施及评价时,yes,候选字段需文件管理员确认
JL-8.5-01,风险和机遇措施跟踪记录,7,reviewer,复核/批准,text,no,common,,候选模板通用字段，正式启用前需由文件管理员确认。,yes,待人工确认,yes,需确认保存/保密/签核规则；试填值仍为待确认；候选字段需文件管理员确认
JL-8.5-01,风险和机遇措施跟踪记录,8,storage_location,保存位置,text,no,common,,候选模板通用字段，正式启用前需由文件管理员确认。,yes,待人工确认,yes,需确认保存/保密/签核规则；试填值仍为待确认；候选字段需文件管理员确认
JL-8.5-01,风险和机遇措施跟踪记录,9,retention_period,保存期限,text,no,common,,候选模板通用字段，正式启用前需由文件管理员确认。,yes,待人工确认,yes,需确认保存/保密/签核规则；试填值仍为待确认；候选字段需文件管理员确认
JL-8.5-01,风险和机遇措施跟踪记录,10,confidentiality_level,保密等级,select,no,common,,候选模板通用字段，正式启用前需由文件管理员确认。,yes,待确认,yes,需确认保存/保密/签核规则；试填值仍为待确认；候选字段需文件管理员确认
JL-8.5-01,风险和机遇措施跟踪记录,11,correction_rule,更正规则,text,yes,common,,候选模板通用字段，正式启用前需由文件管理员确认。,yes,保留原始信息、更正原因、更正日期、责任人和复核痕迹；本试填为模拟数据，不作为正式更正规则。SIMULATED_TRIAL_NOT_REAL_RECORD,yes,候选字段需文件管理员确认
JL-8.5-01,风险和机遇措施跟踪记录,12,specific_01_eed09e83,风险项,text,yes,specific,,来自候选记录模板清单的关键字段，需与现用表单或试填结果复核。,yes,模拟：风险项待按真实业务填写。,yes,需过程负责人确认字段含义和现用表单一致性
JL-8.5-01,风险和机遇措施跟踪记录,13,specific_02_569b1741,措施,text,yes,specific,,来自候选记录模板清单的关键字段，需与现用表单或试填结果复核。,yes,模拟：措施待按真实业务填写。,yes,需过程负责人确认字段含义和现用表单一致性
JL-8.5-01,风险和机遇措施跟踪记录,14,specific_03_0fe0b81e,责任人,text,yes,specific,,来自候选记录模板清单的关键字段，需与现用表单或试填结果复核。,yes,模拟：责任人待按真实业务填写。,yes,需过程负责人确认字段含义和现用表单一致性
JL-8.5-01,风险和机遇措施跟踪记录,15,specific_04_b5a2b1fd,期限,text,yes,specific,,来自候选记录模板清单的关键字段，需与现用表单或试填结果复核。,yes,模拟：期限待按真实业务填写。,yes,需过程负责人确认字段含义和现用表单一致性
JL-8.5-01,风险和机遇措施跟踪记录,16,specific_05_68d4cdfc,证据,text,yes,specific,,来自候选记录模板清单的关键字段，需与现用表单或试填结果复核。,yes,模拟：证据待按真实业务填写。,yes,需过程负责人确认字段含义和现用表单一致性
JL-8.5-01,风险和机遇措施跟踪记录,17,specific_06_666671d8,有效性,text,yes,specific,,来自候选记录模板清单的关键字段，需与现用表单或试填结果复核。,yes,模拟：有效性待按真实业务填写。,yes,需过程负责人确认字段含义和现用表单一致性
JL-8.6-01,改进建议与效果评价记录,1,record_number,记录编号,text,yes,common,,候选模板通用字段，正式启用前需由文件管理员确认。,yes,SIM-JL-8.6-01-20260707-001,yes,候选字段需文件管理员确认
JL-8.6-01,改进建议与效果评价记录,2,record_name,记录名称,text,yes,common,,候选模板通用字段，正式启用前需由文件管理员确认。,yes,改进建议与效果评价记录,yes,候选字段需文件管理员确认
JL-8.6-01,改进建议与效果评价记录,3,applicable_clause,适用条款,text,yes,common,8.6,候选模板通用字段，正式启用前需由文件管理员确认。,yes,8.6,yes,候选字段需文件管理员确认
JL-8.6-01,改进建议与效果评价记录,4,related_procedure,关联程序,text,yes,common,XZTC/CX-12-2022；XZTC/CX-18-2022；XZTC/CX-20-2022；XZTC/CX-21-2022,候选模板通用字段，正式启用前需由文件管理员确认。,yes,XZTC/CX-12-2022；XZTC/CX-18-2022；XZTC/CX-20-2022；XZTC/CX-21-2022,yes,候选字段需文件管理员确认
JL-8.6-01,改进建议与效果评价记录,5,responsible_position,填写责任,text,yes,common,过程负责人,候选模板通用字段，正式启用前需由文件管理员确认。,yes,过程负责人,yes,候选字段需文件管理员确认
JL-8.6-01,改进建议与效果评价记录,6,trigger_time,形成时机,text,yes,common,改进机会提出和完成后,候选模板通用字段，正式启用前需由文件管理员确认。,yes,改进机会提出和完成后,yes,候选字段需文件管理员确认
JL-8.6-01,改进建议与效果评价记录,7,reviewer,复核/批准,text,no,common,,候选模板通用字段，正式启用前需由文件管理员确认。,yes,待人工确认,yes,需确认保存/保密/签核规则；试填值仍为待确认；候选字段需文件管理员确认
JL-8.6-01,改进建议与效果评价记录,8,storage_location,保存位置,text,no,common,,候选模板通用字段，正式启用前需由文件管理员确认。,yes,待人工确认,yes,需确认保存/保密/签核规则；试填值仍为待确认；候选字段需文件管理员确认
JL-8.6-01,改进建议与效果评价记录,9,retention_period,保存期限,text,no,common,,候选模板通用字段，正式启用前需由文件管理员确认。,yes,待人工确认,yes,需确认保存/保密/签核规则；试填值仍为待确认；候选字段需文件管理员确认
JL-8.6-01,改进建议与效果评价记录,10,confidentiality_level,保密等级,select,no,common,,候选模板通用字段，正式启用前需由文件管理员确认。,yes,待确认,yes,需确认保存/保密/签核规则；试填值仍为待确认；候选字段需文件管理员确认
JL-8.6-01,改进建议与效果评价记录,11,correction_rule,更正规则,text,yes,common,,候选模板通用字段，正式启用前需由文件管理员确认。,yes,保留原始信息、更正原因、更正日期、责任人和复核痕迹；本试填为模拟数据，不作为正式更正规则。SIMULATED_TRIAL_NOT_REAL_RECORD,yes,候选字段需文件管理员确认
JL-8.6-01,改进建议与效果评价记录,12,specific_01_c63f79e6,来源,text,yes,specific,,来自候选记录模板清单的关键字段，需与现用表单或试填结果复核。,yes,模拟：来源待按真实业务填写。,yes,需过程负责人确认字段含义和现用表单一致性
JL-8.6-01,改进建议与效果评价记录,13,specific_02_c5134eb1,建议,text,yes,specific,,来自候选记录模板清单的关键字段，需与现用表单或试填结果复核。,yes,模拟：建议待按真实业务填写。,yes,需过程负责人确认字段含义和现用表单一致性
JL-8.6-01,改进建议与效果评价记录,14,specific_03_569b1741,措施,text,yes,specific,,来自候选记录模板清单的关键字段，需与现用表单或试填结果复核。,yes,模拟：措施待按真实业务填写。,yes,需过程负责人确认字段含义和现用表单一致性
JL-8.6-01,改进建议与效果评价记录,15,specific_04_819c58d5,实施结果,text,yes,specific,,来自候选记录模板清单的关键字段，需与现用表单或试填结果复核。,yes,模拟：实施结果待按真实业务填写。,yes,需过程负责人确认字段含义和现用表单一致性
JL-8.6-01,改进建议与效果评价记录,16,specific_05_07049a20,效果评价,text,yes,specific,,来自候选记录模板清单的关键字段，需与现用表单或试填结果复核。,yes,模拟：效果评价待按真实业务填写。,yes,需过程负责人确认字段含义和现用表单一致性
JL-8.7-01,纠正措施记录,1,record_number,记录编号,text,yes,common,,候选模板通用字段，正式启用前需由文件管理员确认。,yes,SIM-JL-8.7-01-20260707-001,yes,候选字段需文件管理员确认
JL-8.7-01,纠正措施记录,2,record_name,记录名称,text,yes,common,,候选模板通用字段，正式启用前需由文件管理员确认。,yes,纠正措施记录,yes,候选字段需文件管理员确认
JL-8.7-01,纠正措施记录,3,applicable_clause,适用条款,text,yes,common,8.7,候选模板通用字段，正式启用前需由文件管理员确认。,yes,8.7,yes,候选字段需文件管理员确认
JL-8.7-01,纠正措施记录,4,related_procedure,关联程序,text,yes,common,XZTC/CX-15-2022；XZTC/CX-16-2022；XZTC/CX-20-2022,候选模板通用字段，正式启用前需由文件管理员确认。,yes,XZTC/CX-15-2022；XZTC/CX-16-2022；XZTC/CX-20-2022,yes,候选字段需文件管理员确认
JL-8.7-01,纠正措施记录,5,responsible_position,填写责任,text,yes,common,责任部门/质量负责人,候选模板通用字段，正式启用前需由文件管理员确认。,yes,责任部门/质量负责人,yes,候选字段需文件管理员确认
JL-8.7-01,纠正措施记录,6,trigger_time,形成时机,text,yes,common,不符合、投诉、审核发现需纠正措施时,候选模板通用字段，正式启用前需由文件管理员确认。,yes,不符合、投诉、审核发现需纠正措施时,yes,候选字段需文件管理员确认
JL-8.7-01,纠正措施记录,7,reviewer,复核/批准,text,no,common,,候选模板通用字段，正式启用前需由文件管理员确认。,yes,待人工确认,yes,需确认保存/保密/签核规则；试填值仍为待确认；候选字段需文件管理员确认
JL-8.7-01,纠正措施记录,8,storage_location,保存位置,text,no,common,,候选模板通用字段，正式启用前需由文件管理员确认。,yes,待人工确认,yes,需确认保存/保密/签核规则；试填值仍为待确认；候选字段需文件管理员确认
JL-8.7-01,纠正措施记录,9,retention_period,保存期限,text,no,common,,候选模板通用字段，正式启用前需由文件管理员确认。,yes,待人工确认,yes,需确认保存/保密/签核规则；试填值仍为待确认；候选字段需文件管理员确认
JL-8.7-01,纠正措施记录,10,confidentiality_level,保密等级,select,no,common,,候选模板通用字段，正式启用前需由文件管理员确认。,yes,待确认,yes,需确认保存/保密/签核规则；试填值仍为待确认；候选字段需文件管理员确认
JL-8.7-01,纠正措施记录,11,correction_rule,更正规则,text,yes,common,,候选模板通用字段，正式启用前需由文件管理员确认。,yes,保留原始信息、更正原因、更正日期、责任人和复核痕迹；本试填为模拟数据，不作为正式更正规则。SIMULATED_TRIAL_NOT_REAL_RECORD,yes,候选字段需文件管理员确认
JL-8.7-01,纠正措施记录,12,specific_01_2fb49eec,问题,text,yes,specific,,来自候选记录模板清单的关键字段，需与现用表单或试填结果复核。,yes,模拟：问题待按真实业务填写。,yes,需过程负责人确认字段含义和现用表单一致性
JL-8.7-01,纠正措施记录,13,specific_02_1ff9c3d0,原因,text,yes,specific,,来自候选记录模板清单的关键字段，需与现用表单或试填结果复核。,yes,模拟：原因待按真实业务填写。,yes,需过程负责人确认字段含义和现用表单一致性
JL-8.7-01,纠正措施记录,14,specific_03_569b1741,措施,text,yes,specific,,来自候选记录模板清单的关键字段，需与现用表单或试填结果复核。,yes,模拟：措施待按真实业务填写。,yes,需过程负责人确认字段含义和现用表单一致性
JL-8.7-01,纠正措施记录,15,specific_04_ddb7bfe5,完成情况,text,yes,specific,,来自候选记录模板清单的关键字段，需与现用表单或试填结果复核。,yes,模拟：完成情况待按真实业务填写。,yes,需过程负责人确认字段含义和现用表单一致性
JL-8.7-01,纠正措施记录,16,specific_05_0a55bc40,有效性验证,text,yes,specific,,来自候选记录模板清单的关键字段，需与现用表单或试填结果复核。,yes,模拟：有效性验证待按真实业务填写。,yes,需过程负责人确认字段含义和现用表单一致性
JL-8.8-01,内审计划、检查表与整改验证记录,1,record_number,记录编号,text,yes,common,,候选模板通用字段，正式启用前需由文件管理员确认。,yes,SIM-JL-8.8-01-20260707-001,yes,候选字段需文件管理员确认
JL-8.8-01,内审计划、检查表与整改验证记录,2,record_name,记录名称,text,yes,common,,候选模板通用字段，正式启用前需由文件管理员确认。,yes,内审计划、检查表与整改验证记录,yes,候选字段需文件管理员确认
JL-8.8-01,内审计划、检查表与整改验证记录,3,applicable_clause,适用条款,text,yes,common,8.8,候选模板通用字段，正式启用前需由文件管理员确认。,yes,8.8,yes,候选字段需文件管理员确认
JL-8.8-01,内审计划、检查表与整改验证记录,4,related_procedure,关联程序,text,yes,common,XZTC/CX-15-2022；XZTC/CX-16-2022；XZTC/CX-19-2022；XZTC/CX-20-2022,候选模板通用字段，正式启用前需由文件管理员确认。,yes,XZTC/CX-15-2022；XZTC/CX-16-2022；XZTC/CX-19-2022；XZTC/CX-20-2022,yes,候选字段需文件管理员确认
JL-8.8-01,内审计划、检查表与整改验证记录,5,responsible_position,填写责任,text,yes,common,内审组长,候选模板通用字段，正式启用前需由文件管理员确认。,yes,内审组长,yes,候选字段需文件管理员确认
JL-8.8-01,内审计划、检查表与整改验证记录,6,trigger_time,形成时机,text,yes,common,年度内审、专项内审时,候选模板通用字段，正式启用前需由文件管理员确认。,yes,年度内审、专项内审时,yes,候选字段需文件管理员确认
JL-8.8-01,内审计划、检查表与整改验证记录,7,reviewer,复核/批准,text,no,common,,候选模板通用字段，正式启用前需由文件管理员确认。,yes,待人工确认,yes,需确认保存/保密/签核规则；试填值仍为待确认；候选字段需文件管理员确认
JL-8.8-01,内审计划、检查表与整改验证记录,8,storage_location,保存位置,text,no,common,,候选模板通用字段，正式启用前需由文件管理员确认。,yes,待人工确认,yes,需确认保存/保密/签核规则；试填值仍为待确认；候选字段需文件管理员确认
JL-8.8-01,内审计划、检查表与整改验证记录,9,retention_period,保存期限,text,no,common,,候选模板通用字段，正式启用前需由文件管理员确认。,yes,待人工确认,yes,需确认保存/保密/签核规则；试填值仍为待确认；候选字段需文件管理员确认
JL-8.8-01,内审计划、检查表与整改验证记录,10,confidentiality_level,保密等级,select,no,common,,候选模板通用字段，正式启用前需由文件管理员确认。,yes,待确认,yes,需确认保存/保密/签核规则；试填值仍为待确认；候选字段需文件管理员确认
JL-8.8-01,内审计划、检查表与整改验证记录,11,correction_rule,更正规则,text,yes,common,,候选模板通用字段，正式启用前需由文件管理员确认。,yes,保留原始信息、更正原因、更正日期、责任人和复核痕迹；本试填为模拟数据，不作为正式更正规则。SIMULATED_TRIAL_NOT_REAL_RECORD,yes,候选字段需文件管理员确认
JL-8.8-01,内审计划、检查表与整改验证记录,12,specific_01_d0eec577,审核范围,text,yes,specific,,来自候选记录模板清单的关键字段，需与现用表单或试填结果复核。,yes,模拟：覆盖质量手册 4.1 至 8.9 相关过程，真实范围由年度内审方案确认。,yes,需过程负责人确认字段含义和现用表单一致性
JL-8.8-01,内审计划、检查表与整改验证记录,13,specific_02_1a26633d,准则,text,yes,specific,,来自候选记录模板清单的关键字段，需与现用表单或试填结果复核。,yes,模拟：CNAS-CL01、CMA 现行评审准则、质量手册和程序文件。,yes,需过程负责人确认字段含义和现用表单一致性
JL-8.8-01,内审计划、检查表与整改验证记录,14,specific_03_523e40a0,发现,text,yes,specific,,来自候选记录模板清单的关键字段，需与现用表单或试填结果复核。,yes,模拟：发现记录字段保存期限待确认，需由文件管理员补充。,yes,试填值仍为待确认；需过程负责人确认字段含义和现用表单一致性
JL-8.8-01,内审计划、检查表与整改验证记录,15,specific_04_180acae9,不符合,text,yes,specific,,来自候选记录模板清单的关键字段，需与现用表单或试填结果复核。,yes,模拟：暂按观察项处理；真实内审应按证据判定不符合等级。,yes,需过程负责人确认字段含义和现用表单一致性
JL-8.8-01,内审计划、检查表与整改验证记录,16,specific_05_c89ed65a,整改,text,yes,specific,,来自候选记录模板清单的关键字段，需与现用表单或试填结果复核。,yes,模拟：补充保存期限、复核职责和电子记录更正规则。,yes,需过程负责人确认字段含义和现用表单一致性
JL-8.8-01,内审计划、检查表与整改验证记录,17,specific_06_80144e2e,验证,text,yes,specific,,来自候选记录模板清单的关键字段，需与现用表单或试填结果复核。,yes,模拟：整改完成后由内审员复核；本记录仅验证模板字段可承接闭环。,yes,需过程负责人确认字段含义和现用表单一致性
JL-8.9-01,管理评审输入输出及跟踪记录,1,record_number,记录编号,text,yes,common,,候选模板通用字段，正式启用前需由文件管理员确认。,yes,SIM-JL-8.9-01-20260707-001,yes,候选字段需文件管理员确认
JL-8.9-01,管理评审输入输出及跟踪记录,2,record_name,记录名称,text,yes,common,,候选模板通用字段，正式启用前需由文件管理员确认。,yes,管理评审输入输出及跟踪记录,yes,候选字段需文件管理员确认
JL-8.9-01,管理评审输入输出及跟踪记录,3,applicable_clause,适用条款,text,yes,common,8.9,候选模板通用字段，正式启用前需由文件管理员确认。,yes,8.9,yes,候选字段需文件管理员确认
JL-8.9-01,管理评审输入输出及跟踪记录,4,related_procedure,关联程序,text,yes,common,XZTC/CX-16-2022；XZTC/CX-19-2022；XZTC/CX-20-2022；XZTC/CX-21-2022,候选模板通用字段，正式启用前需由文件管理员确认。,yes,XZTC/CX-16-2022；XZTC/CX-19-2022；XZTC/CX-20-2022；XZTC/CX-21-2022,yes,候选字段需文件管理员确认
JL-8.9-01,管理评审输入输出及跟踪记录,5,responsible_position,填写责任,text,yes,common,最高管理者/质量负责人,候选模板通用字段，正式启用前需由文件管理员确认。,yes,最高管理者/质量负责人,yes,候选字段需文件管理员确认
JL-8.9-01,管理评审输入输出及跟踪记录,6,trigger_time,形成时机,text,yes,common,管理评审前后,候选模板通用字段，正式启用前需由文件管理员确认。,yes,管理评审前后,yes,候选字段需文件管理员确认
JL-8.9-01,管理评审输入输出及跟踪记录,7,reviewer,复核/批准,text,no,common,,候选模板通用字段，正式启用前需由文件管理员确认。,yes,待人工确认,yes,需确认保存/保密/签核规则；试填值仍为待确认；候选字段需文件管理员确认
JL-8.9-01,管理评审输入输出及跟踪记录,8,storage_location,保存位置,text,no,common,,候选模板通用字段，正式启用前需由文件管理员确认。,yes,待人工确认,yes,需确认保存/保密/签核规则；试填值仍为待确认；候选字段需文件管理员确认
JL-8.9-01,管理评审输入输出及跟踪记录,9,retention_period,保存期限,text,no,common,,候选模板通用字段，正式启用前需由文件管理员确认。,yes,待人工确认,yes,需确认保存/保密/签核规则；试填值仍为待确认；候选字段需文件管理员确认
JL-8.9-01,管理评审输入输出及跟踪记录,10,confidentiality_level,保密等级,select,no,common,,候选模板通用字段，正式启用前需由文件管理员确认。,yes,待确认,yes,需确认保存/保密/签核规则；试填值仍为待确认；候选字段需文件管理员确认
JL-8.9-01,管理评审输入输出及跟踪记录,11,correction_rule,更正规则,text,yes,common,,候选模板通用字段，正式启用前需由文件管理员确认。,yes,保留原始信息、更正原因、更正日期、责任人和复核痕迹；本试填为模拟数据，不作为正式更正规则。SIMULATED_TRIAL_NOT_REAL_RECORD,yes,候选字段需文件管理员确认
JL-8.9-01,管理评审输入输出及跟踪记录,12,specific_01_29f9128d,输入项,text,yes,specific,,来自候选记录模板清单的关键字段，需与现用表单或试填结果复核。,yes,模拟：输入项待按真实业务填写。,yes,需过程负责人确认字段含义和现用表单一致性
JL-8.9-01,管理评审输入输出及跟踪记录,13,specific_02_b4fab72f,评审结论,text,yes,specific,,来自候选记录模板清单的关键字段，需与现用表单或试填结果复核。,yes,模拟：评审结论待按真实业务填写。,yes,需过程负责人确认字段含义和现用表单一致性
JL-8.9-01,管理评审输入输出及跟踪记录,14,specific_03_38453d59,决议,text,yes,specific,,来自候选记录模板清单的关键字段，需与现用表单或试填结果复核。,yes,模拟：决议待按真实业务填写。,yes,需过程负责人确认字段含义和现用表单一致性
JL-8.9-01,管理评审输入输出及跟踪记录,15,specific_04_0fe0b81e,责任人,text,yes,specific,,来自候选记录模板清单的关键字段，需与现用表单或试填结果复核。,yes,模拟：责任人待按真实业务填写。,yes,需过程负责人确认字段含义和现用表单一致性
JL-8.9-01,管理评审输入输出及跟踪记录,16,specific_05_cf355540,完成期限,text,yes,specific,,来自候选记录模板清单的关键字段，需与现用表单或试填结果复核。,yes,模拟：完成期限待按真实业务填写。,yes,需过程负责人确认字段含义和现用表单一致性
JL-8.9-01,管理评审输入输出及跟踪记录,17,specific_06_80144e2e,验证,text,yes,specific,,来自候选记录模板清单的关键字段，需与现用表单或试填结果复核。,yes,模拟：验证待按真实业务填写。,yes,需过程负责人确认字段含义和现用表单一致性
