task_id,gate_id,task_group,object_code,object_name,owner_role,current_status,source_path,human_action,evidence_to_check,blocking_if_unresolved,not_real_record
CLAUSE-4.1,GR-02,manual_clause,CLAUSE-4.1,4.1 公正性,最高管理者/质量负责人,closed,human_review_workbench/decision_update_template.csv,填写 new_human_decision，并在 review_comment 写明依据或修订意见。,核对候选手册正文、现行程序、记录模板、真实运行证据和岗位责任。,no,yes
CLAUSE-4.2,GR-02,manual_clause,CLAUSE-4.2,4.2 保密性,最高管理者/质量负责人,closed,human_review_workbench/decision_update_template.csv,填写 new_human_decision，并在 review_comment 写明依据或修订意见。,核对候选手册正文、现行程序、记录模板、真实运行证据和岗位责任。,no,yes
CLAUSE-5,GR-02,manual_clause,CLAUSE-5,5 结构要求,最高管理者/质量负责人,closed,human_review_workbench/decision_update_template.csv,填写 new_human_decision，并在 review_comment 写明依据或修订意见。,核对候选手册正文、现行程序、记录模板、真实运行证据和岗位责任。,no,yes
CLAUSE-6.1,GR-02,manual_clause,CLAUSE-6.1,6.1 资源总则,质量负责人/相关过程负责人,closed,human_review_workbench/decision_update_template.csv,填写 new_human_decision，并在 review_comment 写明依据或修订意见。,核对候选手册正文、现行程序、记录模板、真实运行证据和岗位责任。,no,yes
CLAUSE-6.2,GR-02,manual_clause,CLAUSE-6.2,6.2 人员,质量负责人/相关过程负责人,closed,human_review_workbench/decision_update_template.csv,填写 new_human_decision，并在 review_comment 写明依据或修订意见。,核对候选手册正文、现行程序、记录模板、真实运行证据和岗位责任。,no,yes
CLAUSE-6.3,GR-02,manual_clause,CLAUSE-6.3,6.3 设施环境,质量负责人/相关过程负责人,closed,human_review_workbench/decision_update_template.csv,填写 new_human_decision，并在 review_comment 写明依据或修订意见。,核对候选手册正文、现行程序、记录模板、真实运行证据和岗位责任。,no,yes
CLAUSE-6.4,GR-02,manual_clause,CLAUSE-6.4,6.4 设备,设备管理员/技术负责人/质量负责人,closed,human_review_workbench/decision_update_template.csv,填写 new_human_decision，并在 review_comment 写明依据或修订意见。,核对候选手册正文、现行程序、记录模板、真实运行证据和岗位责任。,no,yes
CLAUSE-6.5,GR-02,manual_clause,CLAUSE-6.5,6.5 计量溯源性,设备管理员/技术负责人/质量负责人,closed,human_review_workbench/decision_update_template.csv,填写 new_human_decision，并在 review_comment 写明依据或修订意见。,核对候选手册正文、现行程序、记录模板、真实运行证据和岗位责任。,no,yes
CLAUSE-6.6,GR-02,manual_clause,CLAUSE-6.6,6.6 外部产品和服务,质量负责人/相关过程负责人,closed,human_review_workbench/decision_update_template.csv,填写 new_human_decision，并在 review_comment 写明依据或修订意见。,核对候选手册正文、现行程序、记录模板、真实运行证据和岗位责任。,no,yes
CLAUSE-7.1,GR-02,manual_clause,CLAUSE-7.1,7.1 合同评审,技术负责人/相关过程负责人/质量负责人,closed,human_review_workbench/decision_update_template.csv,填写 new_human_decision，并在 review_comment 写明依据或修订意见。,核对候选手册正文、现行程序、记录模板、真实运行证据和岗位责任。,no,yes
CLAUSE-7.2,GR-02,manual_clause,CLAUSE-7.2,7.2 方法,技术负责人/相关过程负责人/质量负责人,closed,human_review_workbench/decision_update_template.csv,填写 new_human_decision，并在 review_comment 写明依据或修订意见。,核对候选手册正文、现行程序、记录模板、真实运行证据和岗位责任。,no,yes
CLAUSE-7.3,GR-02,manual_clause,CLAUSE-7.3,7.3 抽样,技术负责人/相关过程负责人/质量负责人,closed,human_review_workbench/decision_update_template.csv,填写 new_human_decision，并在 review_comment 写明依据或修订意见。,核对候选手册正文、现行程序、记录模板、真实运行证据和岗位责任。,no,yes
CLAUSE-7.4,GR-02,manual_clause,CLAUSE-7.4,7.4 样品处置,技术负责人/相关过程负责人/质量负责人,closed,human_review_workbench/decision_update_template.csv,填写 new_human_decision，并在 review_comment 写明依据或修订意见。,核对候选手册正文、现行程序、记录模板、真实运行证据和岗位责任。,no,yes
CLAUSE-7.5,GR-02,manual_clause,CLAUSE-7.5,7.5 技术记录,技术负责人/相关过程负责人/质量负责人,closed,human_review_workbench/decision_update_template.csv,填写 new_human_decision，并在 review_comment 写明依据或修订意见。,核对候选手册正文、现行程序、记录模板、真实运行证据和岗位责任。,no,yes
CLAUSE-7.6,GR-02,manual_clause,CLAUSE-7.6,7.6 测量不确定度,技术负责人/相关过程负责人/质量负责人,closed,human_review_workbench/decision_update_template.csv,填写 new_human_decision，并在 review_comment 写明依据或修订意见。,核对候选手册正文、现行程序、记录模板、真实运行证据和岗位责任。,no,yes
CLAUSE-7.7,GR-02,manual_clause,CLAUSE-7.7,7.7 结果有效性,技术负责人/相关过程负责人/质量负责人,closed,human_review_workbench/decision_update_template.csv,填写 new_human_decision，并在 review_comment 写明依据或修订意见。,核对候选手册正文、现行程序、记录模板、真实运行证据和岗位责任。,no,yes
CLAUSE-7.8,GR-02,manual_clause,CLAUSE-7.8,7.8 报告结果,技术负责人/相关过程负责人/质量负责人,closed,human_review_workbench/decision_update_template.csv,填写 new_human_decision，并在 review_comment 写明依据或修订意见。,核对候选手册正文、现行程序、记录模板、真实运行证据和岗位责任。,no,yes
CLAUSE-7.9,GR-02,manual_clause,CLAUSE-7.9,7.9 投诉,技术负责人/相关过程负责人/质量负责人,closed,human_review_workbench/decision_update_template.csv,填写 new_human_decision，并在 review_comment 写明依据或修订意见。,核对候选手册正文、现行程序、记录模板、真实运行证据和岗位责任。,no,yes
CLAUSE-7.10,GR-02,manual_clause,CLAUSE-7.10,7.10 不符合工作,技术负责人/相关过程负责人/质量负责人,closed,human_review_workbench/decision_update_template.csv,填写 new_human_decision，并在 review_comment 写明依据或修订意见。,核对候选手册正文、现行程序、记录模板、真实运行证据和岗位责任。,no,yes
CLAUSE-7.11,GR-02,manual_clause,CLAUSE-7.11,7.11 数据控制与信息管理,技术负责人/相关过程负责人/质量负责人,closed,human_review_workbench/decision_update_template.csv,填写 new_human_decision，并在 review_comment 写明依据或修订意见。,核对候选手册正文、现行程序、记录模板、真实运行证据和岗位责任。,no,yes
CLAUSE-8.1,GR-02,manual_clause,CLAUSE-8.1,8.1 管理体系方式,质量负责人/文件管理员/最高管理者,closed,human_review_workbench/decision_update_template.csv,填写 new_human_decision，并在 review_comment 写明依据或修订意见。,核对候选手册正文、现行程序、记录模板、真实运行证据和岗位责任。,no,yes
CLAUSE-8.2,GR-02,manual_clause,CLAUSE-8.2,8.2 管理体系文件,质量负责人/文件管理员/最高管理者,closed,human_review_workbench/decision_update_template.csv,填写 new_human_decision，并在 review_comment 写明依据或修订意见。,核对候选手册正文、现行程序、记录模板、真实运行证据和岗位责任。,no,yes
CLAUSE-8.3,GR-02,manual_clause,CLAUSE-8.3,8.3 文件控制,质量负责人/文件管理员/最高管理者,closed,human_review_workbench/decision_update_template.csv,填写 new_human_decision，并在 review_comment 写明依据或修订意见。,核对候选手册正文、现行程序、记录模板、真实运行证据和岗位责任。,no,yes
CLAUSE-8.4,GR-02,manual_clause,CLAUSE-8.4,8.4 记录控制,质量负责人/文件管理员/最高管理者,closed,human_review_workbench/decision_update_template.csv,填写 new_human_decision，并在 review_comment 写明依据或修订意见。,核对候选手册正文、现行程序、记录模板、真实运行证据和岗位责任。,no,yes
CLAUSE-8.5,GR-02,manual_clause,CLAUSE-8.5,8.5 风险和机遇,质量负责人/文件管理员/最高管理者,closed,human_review_workbench/decision_update_template.csv,填写 new_human_decision，并在 review_comment 写明依据或修订意见。,核对候选手册正文、现行程序、记录模板、真实运行证据和岗位责任。,no,yes
CLAUSE-8.6,GR-02,manual_clause,CLAUSE-8.6,8.6 改进,质量负责人/文件管理员/最高管理者,closed,human_review_workbench/decision_update_template.csv,填写 new_human_decision，并在 review_comment 写明依据或修订意见。,核对候选手册正文、现行程序、记录模板、真实运行证据和岗位责任。,no,yes
CLAUSE-8.7,GR-02,manual_clause,CLAUSE-8.7,8.7 纠正措施,质量负责人/文件管理员/最高管理者,closed,human_review_workbench/decision_update_template.csv,填写 new_human_decision，并在 review_comment 写明依据或修订意见。,核对候选手册正文、现行程序、记录模板、真实运行证据和岗位责任。,no,yes
CLAUSE-8.8,GR-02,manual_clause,CLAUSE-8.8,8.8 内部审核,质量负责人/文件管理员/最高管理者,closed,human_review_workbench/decision_update_template.csv,填写 new_human_decision，并在 review_comment 写明依据或修订意见。,核对候选手册正文、现行程序、记录模板、真实运行证据和岗位责任。,no,yes
CLAUSE-8.9,GR-02,manual_clause,CLAUSE-8.9,8.9 管理评审,质量负责人/文件管理员/最高管理者,closed,human_review_workbench/decision_update_template.csv,填写 new_human_decision，并在 review_comment 写明依据或修订意见。,核对候选手册正文、现行程序、记录模板、真实运行证据和岗位责任。,no,yes
TEMPLATE-JL-4.1-01,GR-02,record_template,TEMPLATE-JL-4.1-01,JL-4.1-01 公正性风险识别与处置记录,文件管理员/相关过程负责人/质量负责人,closed,human_review_workbench/decision_update_template.csv,填写 new_human_decision，并在 review_comment 写明依据或修订意见。,核对候选字段、全量试填表、保存期限、保密等级和签核规则。,no,yes
TEMPLATE-JL-4.2-01,GR-02,record_template,TEMPLATE-JL-4.2-01,JL-4.2-01 保密承诺与权限确认记录,文件管理员/相关过程负责人/质量负责人,closed,human_review_workbench/decision_update_template.csv,填写 new_human_decision，并在 review_comment 写明依据或修订意见。,核对候选字段、全量试填表、保存期限、保密等级和签核规则。,no,yes
TEMPLATE-JL-5-01,GR-02,record_template,TEMPLATE-JL-5-01,JL-5-01 岗位职责与授权确认表,文件管理员/相关过程负责人/质量负责人,closed,human_review_workbench/decision_update_template.csv,填写 new_human_decision，并在 review_comment 写明依据或修订意见。,核对候选字段、全量试填表、保存期限、保密等级和签核规则。,no,yes
TEMPLATE-JL-6.2-01,GR-02,record_template,TEMPLATE-JL-6.2-01,JL-6.2-01 人员能力确认与授权记录,文件管理员/相关过程负责人/质量负责人,closed,human_review_workbench/decision_update_template.csv,填写 new_human_decision，并在 review_comment 写明依据或修订意见。,核对候选字段、全量试填表、保存期限、保密等级和签核规则。,no,yes
TEMPLATE-JL-6.3-01,GR-02,record_template,TEMPLATE-JL-6.3-01,JL-6.3-01 环境条件监控与异常处置记录,文件管理员/相关过程负责人/质量负责人,closed,human_review_workbench/decision_update_template.csv,填写 new_human_decision，并在 review_comment 写明依据或修订意见。,核对候选字段、全量试填表、保存期限、保密等级和签核规则。,no,yes
TEMPLATE-JL-6.4-01,GR-02,record_template,TEMPLATE-JL-6.4-01,JL-6.4-01 设备状态与期间核查记录,文件管理员/相关过程负责人/质量负责人,closed,human_review_workbench/decision_update_template.csv,填写 new_human_decision，并在 review_comment 写明依据或修订意见。,核对候选字段、全量试填表、保存期限、保密等级和签核规则。,no,yes
TEMPLATE-JL-6.5-01,GR-02,record_template,TEMPLATE-JL-6.5-01,JL-6.5-01 计量溯源结果确认记录,文件管理员/相关过程负责人/质量负责人,closed,human_review_workbench/decision_update_template.csv,填写 new_human_decision，并在 review_comment 写明依据或修订意见。,核对候选字段、全量试填表、保存期限、保密等级和签核规则。,no,yes
TEMPLATE-JL-6.6-01,GR-02,record_template,TEMPLATE-JL-6.6-01,JL-6.6-01 外部服务与供应品评价记录,文件管理员/相关过程负责人/质量负责人,closed,human_review_workbench/decision_update_template.csv,填写 new_human_decision，并在 review_comment 写明依据或修订意见。,核对候选字段、全量试填表、保存期限、保密等级和签核规则。,no,yes
TEMPLATE-JL-7.1-01,GR-02,record_template,TEMPLATE-JL-7.1-01,JL-7.1-01 合同评审记录,文件管理员/相关过程负责人/质量负责人,closed,human_review_workbench/decision_update_template.csv,填写 new_human_decision，并在 review_comment 写明依据或修订意见。,核对候选字段、全量试填表、保存期限、保密等级和签核规则。,no,yes
TEMPLATE-JL-7.2-01,GR-02,record_template,TEMPLATE-JL-7.2-01,JL-7.2-01 方法验证/确认记录,文件管理员/相关过程负责人/质量负责人,closed,human_review_workbench/decision_update_template.csv,填写 new_human_decision，并在 review_comment 写明依据或修订意见。,核对候选字段、全量试填表、保存期限、保密等级和签核规则。,no,yes
TEMPLATE-JL-7.3-01,GR-02,record_template,TEMPLATE-JL-7.3-01,JL-7.3-01 抽样条件启用评审记录,文件管理员/相关过程负责人/质量负责人,closed,human_review_workbench/decision_update_template.csv,填写 new_human_decision，并在 review_comment 写明依据或修订意见。,核对候选字段、全量试填表、保存期限、保密等级和签核规则。,no,yes
TEMPLATE-JL-7.4-01,GR-02,record_template,TEMPLATE-JL-7.4-01,JL-7.4-01 样品接收与异常处置记录,文件管理员/相关过程负责人/质量负责人,closed,human_review_workbench/decision_update_template.csv,填写 new_human_decision，并在 review_comment 写明依据或修订意见。,核对候选字段、全量试填表、保存期限、保密等级和签核规则。,no,yes
TEMPLATE-JL-7.5-01,GR-02,record_template,TEMPLATE-JL-7.5-01,JL-7.5-01 技术记录更正记录,文件管理员/相关过程负责人/质量负责人,closed,human_review_workbench/decision_update_template.csv,填写 new_human_decision，并在 review_comment 写明依据或修订意见。,核对候选字段、全量试填表、保存期限、保密等级和签核规则。,no,yes
TEMPLATE-JL-7.6-01,GR-02,record_template,TEMPLATE-JL-7.6-01,JL-7.6-01 测量不确定度适用性评审记录,文件管理员/相关过程负责人/质量负责人,closed,human_review_workbench/decision_update_template.csv,填写 new_human_decision，并在 review_comment 写明依据或修订意见。,核对候选字段、全量试填表、保存期限、保密等级和签核规则。,no,yes
TEMPLATE-JL-7.7-01,GR-02,record_template,TEMPLATE-JL-7.7-01,JL-7.7-01 结果有效性监控计划与评价记录,文件管理员/相关过程负责人/质量负责人,closed,human_review_workbench/decision_update_template.csv,填写 new_human_decision，并在 review_comment 写明依据或修订意见。,核对候选字段、全量试填表、保存期限、保密等级和签核规则。,no,yes
TEMPLATE-JL-7.8-01,GR-02,record_template,TEMPLATE-JL-7.8-01,JL-7.8-01 报告复核与授权签发记录,文件管理员/相关过程负责人/质量负责人,closed,human_review_workbench/decision_update_template.csv,填写 new_human_decision，并在 review_comment 写明依据或修订意见。,核对候选字段、全量试填表、保存期限、保密等级和签核规则。,no,yes
TEMPLATE-JL-7.9-01,GR-02,record_template,TEMPLATE-JL-7.9-01,JL-7.9-01 投诉处理记录,文件管理员/相关过程负责人/质量负责人,closed,human_review_workbench/decision_update_template.csv,填写 new_human_decision，并在 review_comment 写明依据或修订意见。,核对候选字段、全量试填表、保存期限、保密等级和签核规则。,no,yes
TEMPLATE-JL-7.10-01,GR-02,record_template,TEMPLATE-JL-7.10-01,JL-7.10-01 不符合工作影响评价与恢复授权记录,文件管理员/相关过程负责人/质量负责人,closed,human_review_workbench/decision_update_template.csv,填写 new_human_decision，并在 review_comment 写明依据或修订意见。,核对候选字段、全量试填表、保存期限、保密等级和签核规则。,no,yes
TEMPLATE-JL-7.11-01,GR-02,record_template,TEMPLATE-JL-7.11-01,JL-7.11-01 电子表格/软件适用性确认记录,文件管理员/相关过程负责人/质量负责人,closed,human_review_workbench/decision_update_template.csv,填写 new_human_decision，并在 review_comment 写明依据或修订意见。,核对候选字段、全量试填表、保存期限、保密等级和签核规则。,no,yes
TEMPLATE-JL-8.3-01,GR-02,record_template,TEMPLATE-JL-8.3-01,JL-8.3-01 文件修订评审与发布记录,文件管理员/相关过程负责人/质量负责人,closed,human_review_workbench/decision_update_template.csv,填写 new_human_decision，并在 review_comment 写明依据或修订意见。,核对候选字段、全量试填表、保存期限、保密等级和签核规则。,no,yes
TEMPLATE-JL-8.4-01,GR-02,record_template,TEMPLATE-JL-8.4-01,JL-8.4-01 记录归档与借阅记录,文件管理员/相关过程负责人/质量负责人,closed,human_review_workbench/decision_update_template.csv,填写 new_human_decision，并在 review_comment 写明依据或修订意见。,核对候选字段、全量试填表、保存期限、保密等级和签核规则。,no,yes
TEMPLATE-JL-8.5-01,GR-02,record_template,TEMPLATE-JL-8.5-01,JL-8.5-01 风险和机遇措施跟踪记录,文件管理员/相关过程负责人/质量负责人,closed,human_review_workbench/decision_update_template.csv,填写 new_human_decision，并在 review_comment 写明依据或修订意见。,核对候选字段、全量试填表、保存期限、保密等级和签核规则。,no,yes
TEMPLATE-JL-8.6-01,GR-02,record_template,TEMPLATE-JL-8.6-01,JL-8.6-01 改进建议与效果评价记录,文件管理员/相关过程负责人/质量负责人,closed,human_review_workbench/decision_update_template.csv,填写 new_human_decision，并在 review_comment 写明依据或修订意见。,核对候选字段、全量试填表、保存期限、保密等级和签核规则。,no,yes
TEMPLATE-JL-8.7-01,GR-02,record_template,TEMPLATE-JL-8.7-01,JL-8.7-01 纠正措施记录,文件管理员/相关过程负责人/质量负责人,closed,human_review_workbench/decision_update_template.csv,填写 new_human_decision，并在 review_comment 写明依据或修订意见。,核对候选字段、全量试填表、保存期限、保密等级和签核规则。,no,yes
TEMPLATE-JL-8.8-01,GR-02,record_template,TEMPLATE-JL-8.8-01,JL-8.8-01 内审计划、检查表与整改验证记录,文件管理员/相关过程负责人/质量负责人,closed,human_review_workbench/decision_update_template.csv,填写 new_human_decision，并在 review_comment 写明依据或修订意见。,核对候选字段、全量试填表、保存期限、保密等级和签核规则。,no,yes
TEMPLATE-JL-8.9-01,GR-02,record_template,TEMPLATE-JL-8.9-01,JL-8.9-01 管理评审输入输出及跟踪记录,文件管理员/相关过程负责人/质量负责人,closed,human_review_workbench/decision_update_template.csv,填写 new_human_decision，并在 review_comment 写明依据或修订意见。,核对候选字段、全量试填表、保存期限、保密等级和签核规则。,no,yes
ATTACHMENT-XZTC/CX-05-02-2022,GR-02,attachment_form_disposition,ATTACHMENT-XZTC/CX-05-02-2022,XZTC/CX-05-02-2022 仪器设备计量溯源结果确认表,文件管理员/设备管理员/技术负责人/质量负责人,closed,human_review_workbench/decision_update_template.csv,填写 new_human_decision，并在 review_comment 写明依据或修订意见。,确认 05-02 归属、字段、保存要求和与 JL-6.4-01/JL-6.5-01 的关系。,no,yes
GATE-01,GR-02,preapply_gate,GATE-01,候选修订包门禁,Codex dry-run/文件管理员复核,closed,human_review_workbench/decision_update_template.csv,填写 new_human_decision，并在 review_comment 写明依据或修订意见。,"17-候选修订包验证报告.json: passed, findings=0",no,yes
GATE-02,GR-02,preapply_gate,GATE-02,LIMS 预导入包结构 dry-run,Codex dry-run/文件管理员复核,closed,human_review_workbench/decision_update_template.csv,填写 new_human_decision，并在 review_comment 写明依据或修订意见。,"18-LIMS预导入包dry-run验证报告.json: passed, findings=0",no,yes
GATE-03,GR-02,preapply_gate,GATE-03,记录模板模拟试填,Codex dry-run/文件管理员复核,closed,human_review_workbench/decision_update_template.csv,填写 new_human_decision，并在 review_comment 写明依据或修订意见。,"20-记录模板试填dry-run验证报告.json: passed, findings=0",no,yes
GATE-04,GR-02,preapply_gate,GATE-04,记录模板全量模拟试填,Codex dry-run/文件管理员复核,closed,human_review_workbench/decision_update_template.csv,填写 new_human_decision，并在 review_comment 写明依据或修订意见。,"25-记录模板全量试填dry-run验证报告.json: passed, findings=0",no,yes
GATE-05,GR-02,preapply_gate,GATE-05,LIMS 命令层 dry-run,Codex dry-run/文件管理员复核,closed,human_review_workbench/decision_update_template.csv,填写 new_human_decision，并在 review_comment 写明依据或修订意见。,"21-LIMS预导入命令dry-run报告.json: passed, findings=0",no,yes
GATE-06,GR-02,preapply_gate,GATE-06,未确认 apply 阻断,Codex dry-run/文件管理员复核,closed,human_review_workbench/decision_update_template.csv,填写 new_human_decision，并在 review_comment 写明依据或修订意见。,"22-LIMS预导入apply闸门验证报告.json: blocked, findings=1",no,yes
GATE-07,GR-02,preapply_gate,GATE-07,候选手册人工评审,文件管理员/质量负责人/最高管理者,closed,human_review_workbench/decision_update_template.csv,填写 new_human_decision，并在 review_comment 写明依据或修订意见。,pending_human_review,no,yes
GATE-08,GR-02,preapply_gate,GATE-08,26 个记录模板字段评审,文件管理员/相关过程负责人/质量负责人,closed,human_review_workbench/decision_update_template.csv,填写 new_human_decision，并在 review_comment 写明依据或修订意见。,pending_human_review,no,yes
GATE-09,GR-02,preapply_gate,GATE-09,05-02 编号附件/表单归属,文件管理员/设备管理员/技术负责人,closed,human_review_workbench/decision_update_template.csv,填写 new_human_decision，并在 review_comment 写明依据或修订意见。,pending_human_review,no,yes
GATE-10,GR-02,preapply_gate,GATE-10,外来依据台账人工查新,文件管理员/质量负责人,closed,human_review_workbench/decision_update_template.csv,填写 new_human_decision，并在 review_comment 写明依据或修订意见。,pending_human_review,no,yes
GATE-11,GR-02,preapply_gate,GATE-11,用户明确授权 apply,用户/最高管理者授权角色,closed,human_review_workbench/decision_update_template.csv,填写 new_human_decision，并在 review_comment 写明依据或修订意见。,pending_human_review,no,yes
FIELD-JL-4.1-01,GR-03,record_template_field_confirmation,JL-4.1-01,公正性风险识别与处置记录,质量负责人,closed,record_template_field_catalog/01-模板字段索引.csv,确认本模板字段字典和试填样表，必要时提出字段增删改名或保存规则调整。,需确认字段数 17；缺口：保存位置；保存期限；保密等级；现用表单一致性；责任岗位签核规则,no,yes
FIELD-JL-4.2-01,GR-03,record_template_field_confirmation,JL-4.2-01,保密承诺与权限确认记录,文件管理员/质量负责人,closed,record_template_field_catalog/01-模板字段索引.csv,确认本模板字段字典和试填样表，必要时提出字段增删改名或保存规则调整。,需确认字段数 16；缺口：保存位置；保存期限；保密等级；现用表单一致性；责任岗位签核规则,no,yes
FIELD-JL-5-01,GR-03,record_template_field_confirmation,JL-5-01,岗位职责与授权确认表,最高管理者/技术负责人,closed,record_template_field_catalog/01-模板字段索引.csv,确认本模板字段字典和试填样表，必要时提出字段增删改名或保存规则调整。,需确认字段数 17；缺口：保存位置；保存期限；保密等级；现用表单一致性；责任岗位签核规则,no,yes
FIELD-JL-6.2-01,GR-03,record_template_field_confirmation,JL-6.2-01,人员能力确认与授权记录,技术负责人,closed,record_template_field_catalog/01-模板字段索引.csv,确认本模板字段字典和试填样表，必要时提出字段增删改名或保存规则调整。,需确认字段数 17；缺口：保存位置；保存期限；保密等级；现用表单一致性；责任岗位签核规则,no,yes
FIELD-JL-6.3-01,GR-03,record_template_field_confirmation,JL-6.3-01,环境条件监控与异常处置记录,检测人员/监督员,closed,record_template_field_catalog/01-模板字段索引.csv,确认本模板字段字典和试填样表，必要时提出字段增删改名或保存规则调整。,需确认字段数 18；缺口：保存位置；保存期限；保密等级；现用表单一致性；责任岗位签核规则,no,yes
FIELD-JL-6.4-01,GR-03,record_template_field_confirmation,JL-6.4-01,设备状态与期间核查记录,设备管理员,closed,record_template_field_catalog/01-模板字段索引.csv,确认本模板字段字典和试填样表，必要时提出字段增删改名或保存规则调整。,需确认字段数 17；缺口：保存位置；保存期限；保密等级；现用表单一致性；责任岗位签核规则,no,yes
FIELD-JL-6.5-01,GR-03,record_template_field_confirmation,JL-6.5-01,计量溯源结果确认记录,设备管理员/技术负责人,closed,record_template_field_catalog/01-模板字段索引.csv,确认本模板字段字典和试填样表，必要时提出字段增删改名或保存规则调整。,需确认字段数 16；缺口：保存位置；保存期限；保密等级；现用表单一致性；责任岗位签核规则,no,yes
FIELD-JL-6.6-01,GR-03,record_template_field_confirmation,JL-6.6-01,外部服务与供应品评价记录,采购/质量负责人,closed,record_template_field_catalog/01-模板字段索引.csv,确认本模板字段字典和试填样表，必要时提出字段增删改名或保存规则调整。,需确认字段数 16；缺口：保存位置；保存期限；保密等级；现用表单一致性；责任岗位签核规则,no,yes
FIELD-JL-7.1-01,GR-03,record_template_field_confirmation,JL-7.1-01,合同评审记录,业务受理/技术负责人,closed,record_template_field_catalog/01-模板字段索引.csv,确认本模板字段字典和试填样表，必要时提出字段增删改名或保存规则调整。,需确认字段数 18；缺口：保存位置；保存期限；保密等级；现用表单一致性；责任岗位签核规则,no,yes
FIELD-JL-7.2-01,GR-03,record_template_field_confirmation,JL-7.2-01,方法验证/确认记录,技术负责人,closed,record_template_field_catalog/01-模板字段索引.csv,确认本模板字段字典和试填样表，必要时提出字段增删改名或保存规则调整。,需确认字段数 17；缺口：保存位置；保存期限；保密等级；现用表单一致性；责任岗位签核规则,no,yes
FIELD-JL-7.3-01,GR-03,record_template_field_confirmation,JL-7.3-01,抽样条件启用评审记录,技术负责人/业务受理,closed,record_template_field_catalog/01-模板字段索引.csv,确认本模板字段字典和试填样表，必要时提出字段增删改名或保存规则调整。,需确认字段数 17；缺口：保存位置；保存期限；保密等级；现用表单一致性；责任岗位签核规则,no,yes
FIELD-JL-7.4-01,GR-03,record_template_field_confirmation,JL-7.4-01,样品接收与异常处置记录,样品管理员,closed,record_template_field_catalog/01-模板字段索引.csv,确认本模板字段字典和试填样表，必要时提出字段增删改名或保存规则调整。,需确认字段数 17；缺口：保存位置；保存期限；保密等级；现用表单一致性；责任岗位签核规则,no,yes
FIELD-JL-7.5-01,GR-03,record_template_field_confirmation,JL-7.5-01,技术记录更正记录,原记录人员/复核人员,closed,record_template_field_catalog/01-模板字段索引.csv,确认本模板字段字典和试填样表，必要时提出字段增删改名或保存规则调整。,需确认字段数 17；缺口：保存位置；保存期限；保密等级；现用表单一致性；责任岗位签核规则,no,yes
FIELD-JL-7.6-01,GR-03,record_template_field_confirmation,JL-7.6-01,测量不确定度适用性评审记录,技术负责人,closed,record_template_field_catalog/01-模板字段索引.csv,确认本模板字段字典和试填样表，必要时提出字段增删改名或保存规则调整。,需确认字段数 16；缺口：保存位置；保存期限；保密等级；现用表单一致性；责任岗位签核规则,no,yes
FIELD-JL-7.7-01,GR-03,record_template_field_confirmation,JL-7.7-01,结果有效性监控计划与评价记录,技术负责人/质量负责人,closed,record_template_field_catalog/01-模板字段索引.csv,确认本模板字段字典和试填样表，必要时提出字段增删改名或保存规则调整。,需确认字段数 17；缺口：保存位置；保存期限；保密等级；现用表单一致性；责任岗位签核规则,no,yes
FIELD-JL-7.8-01,GR-03,record_template_field_confirmation,JL-7.8-01,报告复核与授权签发记录,复核人/授权签字人,closed,record_template_field_catalog/01-模板字段索引.csv,确认本模板字段字典和试填样表，必要时提出字段增删改名或保存规则调整。,需确认字段数 16；缺口：保存位置；保存期限；保密等级；现用表单一致性；责任岗位签核规则,no,yes
FIELD-JL-7.9-01,GR-03,record_template_field_confirmation,JL-7.9-01,投诉处理记录,质量负责人,closed,record_template_field_catalog/01-模板字段索引.csv,确认本模板字段字典和试填样表，必要时提出字段增删改名或保存规则调整。,需确认字段数 17；缺口：保存位置；保存期限；保密等级；现用表单一致性；责任岗位签核规则,no,yes
FIELD-JL-7.10-01,GR-03,record_template_field_confirmation,JL-7.10-01,不符合工作影响评价与恢复授权记录,质量负责人/技术负责人,closed,record_template_field_catalog/01-模板字段索引.csv,确认本模板字段字典和试填样表，必要时提出字段增删改名或保存规则调整。,需确认字段数 16；缺口：保存位置；保存期限；保密等级；现用表单一致性；责任岗位签核规则,no,yes
FIELD-JL-7.11-01,GR-03,record_template_field_confirmation,JL-7.11-01,电子表格/软件适用性确认记录,技术负责人/文件管理员,closed,record_template_field_catalog/01-模板字段索引.csv,确认本模板字段字典和试填样表，必要时提出字段增删改名或保存规则调整。,需确认字段数 18；缺口：保存位置；保存期限；保密等级；现用表单一致性；责任岗位签核规则,no,yes
FIELD-JL-8.3-01,GR-03,record_template_field_confirmation,JL-8.3-01,文件修订评审与发布记录,文件管理员/质量负责人,closed,record_template_field_catalog/01-模板字段索引.csv,确认本模板字段字典和试填样表，必要时提出字段增删改名或保存规则调整。,需确认字段数 17；缺口：保存位置；保存期限；保密等级；现用表单一致性；责任岗位签核规则,no,yes
FIELD-JL-8.4-01,GR-03,record_template_field_confirmation,JL-8.4-01,记录归档与借阅记录,文件管理员,closed,record_template_field_catalog/01-模板字段索引.csv,确认本模板字段字典和试填样表，必要时提出字段增删改名或保存规则调整。,需确认字段数 17；缺口：保存位置；保存期限；保密等级；现用表单一致性；责任岗位签核规则,no,yes
FIELD-JL-8.5-01,GR-03,record_template_field_confirmation,JL-8.5-01,风险和机遇措施跟踪记录,质量负责人,closed,record_template_field_catalog/01-模板字段索引.csv,确认本模板字段字典和试填样表，必要时提出字段增删改名或保存规则调整。,需确认字段数 17；缺口：保存位置；保存期限；保密等级；现用表单一致性；责任岗位签核规则,no,yes
FIELD-JL-8.6-01,GR-03,record_template_field_confirmation,JL-8.6-01,改进建议与效果评价记录,过程负责人,closed,record_template_field_catalog/01-模板字段索引.csv,确认本模板字段字典和试填样表，必要时提出字段增删改名或保存规则调整。,需确认字段数 16；缺口：保存位置；保存期限；保密等级；现用表单一致性；责任岗位签核规则,no,yes
FIELD-JL-8.7-01,GR-03,record_template_field_confirmation,JL-8.7-01,纠正措施记录,责任部门/质量负责人,closed,record_template_field_catalog/01-模板字段索引.csv,确认本模板字段字典和试填样表，必要时提出字段增删改名或保存规则调整。,需确认字段数 16；缺口：保存位置；保存期限；保密等级；现用表单一致性；责任岗位签核规则,no,yes
FIELD-JL-8.8-01,GR-03,record_template_field_confirmation,JL-8.8-01,内审计划、检查表与整改验证记录,内审组长,closed,record_template_field_catalog/01-模板字段索引.csv,确认本模板字段字典和试填样表，必要时提出字段增删改名或保存规则调整。,需确认字段数 17；缺口：保存位置；保存期限；保密等级；现用表单一致性；责任岗位签核规则,no,yes
FIELD-JL-8.9-01,GR-03,record_template_field_confirmation,JL-8.9-01,管理评审输入输出及跟踪记录,最高管理者/质量负责人,closed,record_template_field_catalog/01-模板字段索引.csv,确认本模板字段字典和试填样表，必要时提出字段增删改名或保存规则调整。,需确认字段数 17；缺口：保存位置；保存期限；保密等级；现用表单一致性；责任岗位签核规则,no,yes
MRD-01,GR-04,manual_revision_decision,MRD-01,第五版候选手册是否可进入修订/换版流程,最高管理者/质量负责人,closed,manual_revision_path_pack/04-人工决策闸门.csv,填写修订/换版路径决策，说明依据或需补充证据。,10-质量手册第五版候选稿.md; 11-第四版到第五版候选修订说明.md,no,yes
MRD-02,GR-04,manual_revision_decision,MRD-02,版本标识与生效日期策略,文件管理员/质量负责人,closed,manual_revision_path_pack/04-人工决策闸门.csv,填写修订/换版路径决策，说明依据或需补充证据。,documents.version; documents.revision; 文件控制程序,no,yes
MRD-03,GR-04,manual_revision_decision,MRD-03,第四版作废回收和留存策略,文件管理员,closed,manual_revision_path_pack/04-人工决策闸门.csv,填写修订/换版路径决策，说明依据或需补充证据。,controlled_release_rehearsal/04-旧版处置演练清单.csv,no,yes
MRD-04,GR-04,manual_revision_decision,MRD-04,LIMS 修订入口和结构化同步动作,系统管理员/文件管理员,closed,manual_revision_path_pack/04-人工决策闸门.csv,填写修订/换版路径决策，说明依据或需补充证据。,03-LIMS修订动作预览.csv,no,yes
MRD-05,GR-04,manual_revision_decision,MRD-05,受控发布、培训宣贯和实施有效性检查,质量负责人/文件管理员,closed,manual_revision_path_pack/04-人工决策闸门.csv,填写修订/换版路径决策，说明依据或需补充证据。,controlled_release_rehearsal; release_execution_template_pack,no,yes
APP-001,GR-05,controlled_release_approval,XZTC/SC,质量手册（第五版候选稿）,文件管理员/技术负责人/质量负责人/最高管理者或授权批准人,closed,controlled_release_rehearsal/02-审批签核演练清单.csv,确认是否按所列步骤审批签核，并补充真实证据要求。,审核意见、批准记录、发布日期、生效日期、发放范围、旧版处置记录,no,yes
APP-039,GR-05,controlled_release_approval,XZTC/CX-05-02-2022,仪器设备计量溯源结果确认表,文件管理员/技术负责人/质量负责人/最高管理者或授权批准人,closed,controlled_release_rehearsal/02-审批签核演练清单.csv,确认是否按所列步骤审批签核，并补充真实证据要求。,审核意见、批准记录、发布日期、生效日期、发放范围、旧版处置记录,no,yes
APP-040,GR-05,controlled_release_approval,JL-4.1-01,公正性风险识别与处置记录,文件管理员/技术负责人/质量负责人/最高管理者或授权批准人,closed,controlled_release_rehearsal/02-审批签核演练清单.csv,确认是否按所列步骤审批签核，并补充真实证据要求。,审核意见、批准记录、发布日期、生效日期、发放范围、旧版处置记录,no,yes
APP-041,GR-05,controlled_release_approval,JL-4.2-01,保密承诺与权限确认记录,文件管理员/技术负责人/质量负责人/最高管理者或授权批准人,closed,controlled_release_rehearsal/02-审批签核演练清单.csv,确认是否按所列步骤审批签核，并补充真实证据要求。,审核意见、批准记录、发布日期、生效日期、发放范围、旧版处置记录,no,yes
APP-042,GR-05,controlled_release_approval,JL-5-01,岗位职责与授权确认表,文件管理员/技术负责人/质量负责人/最高管理者或授权批准人,closed,controlled_release_rehearsal/02-审批签核演练清单.csv,确认是否按所列步骤审批签核，并补充真实证据要求。,审核意见、批准记录、发布日期、生效日期、发放范围、旧版处置记录,no,yes
APP-043,GR-05,controlled_release_approval,JL-6.2-01,人员能力确认与授权记录,文件管理员/技术负责人/质量负责人/最高管理者或授权批准人,closed,controlled_release_rehearsal/02-审批签核演练清单.csv,确认是否按所列步骤审批签核，并补充真实证据要求。,审核意见、批准记录、发布日期、生效日期、发放范围、旧版处置记录,no,yes
APP-044,GR-05,controlled_release_approval,JL-6.3-01,环境条件监控与异常处置记录,文件管理员/技术负责人/质量负责人/最高管理者或授权批准人,closed,controlled_release_rehearsal/02-审批签核演练清单.csv,确认是否按所列步骤审批签核，并补充真实证据要求。,审核意见、批准记录、发布日期、生效日期、发放范围、旧版处置记录,no,yes
APP-045,GR-05,controlled_release_approval,JL-6.4-01,设备状态与期间核查记录,文件管理员/技术负责人/质量负责人/最高管理者或授权批准人,closed,controlled_release_rehearsal/02-审批签核演练清单.csv,确认是否按所列步骤审批签核，并补充真实证据要求。,审核意见、批准记录、发布日期、生效日期、发放范围、旧版处置记录,no,yes
APP-046,GR-05,controlled_release_approval,JL-6.5-01,计量溯源结果确认记录,文件管理员/技术负责人/质量负责人/最高管理者或授权批准人,closed,controlled_release_rehearsal/02-审批签核演练清单.csv,确认是否按所列步骤审批签核，并补充真实证据要求。,审核意见、批准记录、发布日期、生效日期、发放范围、旧版处置记录,no,yes
APP-047,GR-05,controlled_release_approval,JL-6.6-01,外部服务与供应品评价记录,文件管理员/技术负责人/质量负责人/最高管理者或授权批准人,closed,controlled_release_rehearsal/02-审批签核演练清单.csv,确认是否按所列步骤审批签核，并补充真实证据要求。,审核意见、批准记录、发布日期、生效日期、发放范围、旧版处置记录,no,yes
APP-048,GR-05,controlled_release_approval,JL-7.1-01,合同评审记录,文件管理员/技术负责人/质量负责人/最高管理者或授权批准人,closed,controlled_release_rehearsal/02-审批签核演练清单.csv,确认是否按所列步骤审批签核，并补充真实证据要求。,审核意见、批准记录、发布日期、生效日期、发放范围、旧版处置记录,no,yes
APP-049,GR-05,controlled_release_approval,JL-7.2-01,方法验证/确认记录,文件管理员/技术负责人/质量负责人/最高管理者或授权批准人,closed,controlled_release_rehearsal/02-审批签核演练清单.csv,确认是否按所列步骤审批签核，并补充真实证据要求。,审核意见、批准记录、发布日期、生效日期、发放范围、旧版处置记录,no,yes
APP-050,GR-05,controlled_release_approval,JL-7.3-01,抽样条件启用评审记录,文件管理员/技术负责人/质量负责人/最高管理者或授权批准人,closed,controlled_release_rehearsal/02-审批签核演练清单.csv,确认是否按所列步骤审批签核，并补充真实证据要求。,审核意见、批准记录、发布日期、生效日期、发放范围、旧版处置记录,no,yes
APP-051,GR-05,controlled_release_approval,JL-7.4-01,样品接收与异常处置记录,文件管理员/技术负责人/质量负责人/最高管理者或授权批准人,closed,controlled_release_rehearsal/02-审批签核演练清单.csv,确认是否按所列步骤审批签核，并补充真实证据要求。,审核意见、批准记录、发布日期、生效日期、发放范围、旧版处置记录,no,yes
APP-052,GR-05,controlled_release_approval,JL-7.5-01,技术记录更正记录,文件管理员/技术负责人/质量负责人/最高管理者或授权批准人,closed,controlled_release_rehearsal/02-审批签核演练清单.csv,确认是否按所列步骤审批签核，并补充真实证据要求。,审核意见、批准记录、发布日期、生效日期、发放范围、旧版处置记录,no,yes
APP-053,GR-05,controlled_release_approval,JL-7.6-01,测量不确定度适用性评审记录,文件管理员/技术负责人/质量负责人/最高管理者或授权批准人,closed,controlled_release_rehearsal/02-审批签核演练清单.csv,确认是否按所列步骤审批签核，并补充真实证据要求。,审核意见、批准记录、发布日期、生效日期、发放范围、旧版处置记录,no,yes
APP-054,GR-05,controlled_release_approval,JL-7.7-01,结果有效性监控计划与评价记录,文件管理员/技术负责人/质量负责人/最高管理者或授权批准人,closed,controlled_release_rehearsal/02-审批签核演练清单.csv,确认是否按所列步骤审批签核，并补充真实证据要求。,审核意见、批准记录、发布日期、生效日期、发放范围、旧版处置记录,no,yes
APP-055,GR-05,controlled_release_approval,JL-7.8-01,报告复核与授权签发记录,文件管理员/技术负责人/质量负责人/最高管理者或授权批准人,closed,controlled_release_rehearsal/02-审批签核演练清单.csv,确认是否按所列步骤审批签核，并补充真实证据要求。,审核意见、批准记录、发布日期、生效日期、发放范围、旧版处置记录,no,yes
APP-056,GR-05,controlled_release_approval,JL-7.9-01,投诉处理记录,文件管理员/技术负责人/质量负责人/最高管理者或授权批准人,closed,controlled_release_rehearsal/02-审批签核演练清单.csv,确认是否按所列步骤审批签核，并补充真实证据要求。,审核意见、批准记录、发布日期、生效日期、发放范围、旧版处置记录,no,yes
APP-057,GR-05,controlled_release_approval,JL-7.10-01,不符合工作影响评价与恢复授权记录,文件管理员/技术负责人/质量负责人/最高管理者或授权批准人,closed,controlled_release_rehearsal/02-审批签核演练清单.csv,确认是否按所列步骤审批签核，并补充真实证据要求。,审核意见、批准记录、发布日期、生效日期、发放范围、旧版处置记录,no,yes
APP-058,GR-05,controlled_release_approval,JL-7.11-01,电子表格/软件适用性确认记录,文件管理员/技术负责人/质量负责人/最高管理者或授权批准人,closed,controlled_release_rehearsal/02-审批签核演练清单.csv,确认是否按所列步骤审批签核，并补充真实证据要求。,审核意见、批准记录、发布日期、生效日期、发放范围、旧版处置记录,no,yes
APP-059,GR-05,controlled_release_approval,JL-8.3-01,文件修订评审与发布记录,文件管理员/技术负责人/质量负责人/最高管理者或授权批准人,closed,controlled_release_rehearsal/02-审批签核演练清单.csv,确认是否按所列步骤审批签核，并补充真实证据要求。,审核意见、批准记录、发布日期、生效日期、发放范围、旧版处置记录,no,yes
APP-060,GR-05,controlled_release_approval,JL-8.4-01,记录归档与借阅记录,文件管理员/技术负责人/质量负责人/最高管理者或授权批准人,closed,controlled_release_rehearsal/02-审批签核演练清单.csv,确认是否按所列步骤审批签核，并补充真实证据要求。,审核意见、批准记录、发布日期、生效日期、发放范围、旧版处置记录,no,yes
APP-061,GR-05,controlled_release_approval,JL-8.5-01,风险和机遇措施跟踪记录,文件管理员/技术负责人/质量负责人/最高管理者或授权批准人,closed,controlled_release_rehearsal/02-审批签核演练清单.csv,确认是否按所列步骤审批签核，并补充真实证据要求。,审核意见、批准记录、发布日期、生效日期、发放范围、旧版处置记录,no,yes
APP-062,GR-05,controlled_release_approval,JL-8.6-01,改进建议与效果评价记录,文件管理员/技术负责人/质量负责人/最高管理者或授权批准人,closed,controlled_release_rehearsal/02-审批签核演练清单.csv,确认是否按所列步骤审批签核，并补充真实证据要求。,审核意见、批准记录、发布日期、生效日期、发放范围、旧版处置记录,no,yes
APP-063,GR-05,controlled_release_approval,JL-8.7-01,纠正措施记录,文件管理员/技术负责人/质量负责人/最高管理者或授权批准人,closed,controlled_release_rehearsal/02-审批签核演练清单.csv,确认是否按所列步骤审批签核，并补充真实证据要求。,审核意见、批准记录、发布日期、生效日期、发放范围、旧版处置记录,no,yes
APP-064,GR-05,controlled_release_approval,JL-8.8-01,内审计划、检查表与整改验证记录,文件管理员/技术负责人/质量负责人/最高管理者或授权批准人,closed,controlled_release_rehearsal/02-审批签核演练清单.csv,确认是否按所列步骤审批签核，并补充真实证据要求。,审核意见、批准记录、发布日期、生效日期、发放范围、旧版处置记录,no,yes
APP-065,GR-05,controlled_release_approval,JL-8.9-01,管理评审输入输出及跟踪记录,文件管理员/技术负责人/质量负责人/最高管理者或授权批准人,closed,controlled_release_rehearsal/02-审批签核演练清单.csv,确认是否按所列步骤审批签核，并补充真实证据要求。,审核意见、批准记录、发布日期、生效日期、发放范围、旧版处置记录,no,yes
REL-TPL-JL-REL-01,GR-06,release_execution_template_review,JL-REL-01,体系文件审批签核记录,文件管理员/质量负责人,closed,release_execution_template_pack/01-发布执行记录模板索引.csv,确认候选发布执行记录模板是否保留、修改或延后启用。,templates/JL-REL-01-体系文件审批签核记录.md,no,yes
REL-TPL-JL-REL-02,GR-06,release_execution_template_review,JL-REL-02,文件发布发放与现行状态确认记录,文件管理员,closed,release_execution_template_pack/01-发布执行记录模板索引.csv,确认候选发布执行记录模板是否保留、修改或延后启用。,templates/JL-REL-02-文件发布发放与现行状态确认记录.md,no,yes
REL-TPL-JL-REL-03,GR-06,release_execution_template_review,JL-REL-03,体系文件培训宣贯与理解确认记录,质量负责人/文件管理员/培训责任人,closed,release_execution_template_pack/01-发布执行记录模板索引.csv,确认候选发布执行记录模板是否保留、修改或延后启用。,templates/JL-REL-03-体系文件培训宣贯与理解确认记录.md,no,yes
REL-TPL-JL-REL-04,GR-06,release_execution_template_review,JL-REL-04,旧版文件回收作废与留存记录,文件管理员,closed,release_execution_template_pack/01-发布执行记录模板索引.csv,确认候选发布执行记录模板是否保留、修改或延后启用。,templates/JL-REL-04-旧版文件回收作废与留存记录.md,no,yes
REL-TPL-JL-REL-05,GR-06,release_execution_template_review,JL-REL-05,实施有效性检查与问题跟踪记录,质量负责人/内审员/过程负责人,closed,release_execution_template_pack/01-发布执行记录模板索引.csv,确认候选发布执行记录模板是否保留、修改或延后启用。,templates/JL-REL-05-实施有效性检查与问题跟踪记录.md,no,yes
REL-TPL-JL-REL-06,GR-06,release_execution_template_review,JL-REL-06,jewelry-qms试运行与适用性确认记录,质量负责人/系统管理员/文件管理员,closed,release_execution_template_pack/01-发布执行记录模板索引.csv,确认候选发布执行记录模板是否保留、修改或延后启用。,templates/JL-REL-06-jewelry-qms试运行与适用性确认记录.md,no,yes
TRN-001-R01,GR-07,staff_learning_task,TRN-001,第五版质量手册主要变化宣贯,全体影响检测活动人员,closed,staff_training_implementation_pack/01-岗位学习任务矩阵.csv,确认该岗位学习任务是否适用、是否发布前必须完成，以及需要收集哪些证据。,培训计划、签到、考核或效果确认、问题答疑记录,no,yes
TRN-001-R02,GR-07,staff_learning_task,TRN-001,第五版质量手册主要变化宣贯,管理层,closed,staff_training_implementation_pack/01-岗位学习任务矩阵.csv,确认该岗位学习任务是否适用、是否发布前必须完成，以及需要收集哪些证据。,培训计划、签到、考核或效果确认、问题答疑记录,no,yes
TRN-001-R03,GR-07,staff_learning_task,TRN-001,第五版质量手册主要变化宣贯,授权签字人,closed,staff_training_implementation_pack/01-岗位学习任务矩阵.csv,确认该岗位学习任务是否适用、是否发布前必须完成，以及需要收集哪些证据。,培训计划、签到、考核或效果确认、问题答疑记录,no,yes
TRN-002-R01,GR-07,staff_learning_task,TRN-002,LIMS 2022 程序目录现行状态确认,文件管理员,closed,staff_training_implementation_pack/01-岗位学习任务矩阵.csv,确认该岗位学习任务是否适用、是否发布前必须完成，以及需要收集哪些证据。,现行目录确认、发放范围核对、变更说明,no,yes
TRN-002-R02,GR-07,staff_learning_task,TRN-002,LIMS 2022 程序目录现行状态确认,质量负责人,closed,staff_training_implementation_pack/01-岗位学习任务矩阵.csv,确认该岗位学习任务是否适用、是否发布前必须完成，以及需要收集哪些证据。,现行目录确认、发放范围核对、变更说明,no,yes
TRN-002-R03,GR-07,staff_learning_task,TRN-002,LIMS 2022 程序目录现行状态确认,相关过程负责人,closed,staff_training_implementation_pack/01-岗位学习任务矩阵.csv,确认该岗位学习任务是否适用、是否发布前必须完成，以及需要收集哪些证据。,现行目录确认、发放范围核对、变更说明,no,yes
TRN-003-R01,GR-07,staff_learning_task,TRN-003,jewelry-qms 建设中系统使用边界,文件管理员,closed,staff_training_implementation_pack/01-岗位学习任务矩阵.csv,确认该岗位学习任务是否适用、是否发布前必须完成，以及需要收集哪些证据。,试运行说明、权限培训、数据备份恢复和审计追踪确认记录,no,yes
TRN-003-R02,GR-07,staff_learning_task,TRN-003,jewelry-qms 建设中系统使用边界,质量负责人,closed,staff_training_implementation_pack/01-岗位学习任务矩阵.csv,确认该岗位学习任务是否适用、是否发布前必须完成，以及需要收集哪些证据。,试运行说明、权限培训、数据备份恢复和审计追踪确认记录,no,yes
TRN-003-R03,GR-07,staff_learning_task,TRN-003,jewelry-qms 建设中系统使用边界,系统管理员,closed,staff_training_implementation_pack/01-岗位学习任务矩阵.csv,确认该岗位学习任务是否适用、是否发布前必须完成，以及需要收集哪些证据。,试运行说明、权限培训、数据备份恢复和审计追踪确认记录,no,yes
TRN-003-R04,GR-07,staff_learning_task,TRN-003,jewelry-qms 建设中系统使用边界,试运行人员,closed,staff_training_implementation_pack/01-岗位学习任务矩阵.csv,确认该岗位学习任务是否适用、是否发布前必须完成，以及需要收集哪些证据。,试运行说明、权限培训、数据备份恢复和审计追踪确认记录,no,yes
TRN-004-R01,GR-07,staff_learning_task,TRN-004,候选记录模板填写与更正规则,对应过程填写人员,closed,staff_training_implementation_pack/01-岗位学习任务矩阵.csv,确认该岗位学习任务是否适用、是否发布前必须完成，以及需要收集哪些证据。,模板填写说明、试填反馈、签核与保存规则确认,no,yes
TRN-004-R02,GR-07,staff_learning_task,TRN-004,候选记录模板填写与更正规则,复核人员,closed,staff_training_implementation_pack/01-岗位学习任务矩阵.csv,确认该岗位学习任务是否适用、是否发布前必须完成，以及需要收集哪些证据。,模板填写说明、试填反馈、签核与保存规则确认,no,yes
TRN-004-R03,GR-07,staff_learning_task,TRN-004,候选记录模板填写与更正规则,文件管理员,closed,staff_training_implementation_pack/01-岗位学习任务矩阵.csv,确认该岗位学习任务是否适用、是否发布前必须完成，以及需要收集哪些证据。,模板填写说明、试填反馈、签核与保存规则确认,no,yes
TRN-005-R01,GR-07,staff_learning_task,TRN-005,候选记录模板填写与更正规则,对应过程填写人员,closed,staff_training_implementation_pack/01-岗位学习任务矩阵.csv,确认该岗位学习任务是否适用、是否发布前必须完成，以及需要收集哪些证据。,模板填写说明、试填反馈、签核与保存规则确认,no,yes
TRN-005-R02,GR-07,staff_learning_task,TRN-005,候选记录模板填写与更正规则,复核人员,closed,staff_training_implementation_pack/01-岗位学习任务矩阵.csv,确认该岗位学习任务是否适用、是否发布前必须完成，以及需要收集哪些证据。,模板填写说明、试填反馈、签核与保存规则确认,no,yes
TRN-005-R03,GR-07,staff_learning_task,TRN-005,候选记录模板填写与更正规则,文件管理员,closed,staff_training_implementation_pack/01-岗位学习任务矩阵.csv,确认该岗位学习任务是否适用、是否发布前必须完成，以及需要收集哪些证据。,模板填写说明、试填反馈、签核与保存规则确认,no,yes
TRN-006-R01,GR-07,staff_learning_task,TRN-006,候选记录模板填写与更正规则,对应过程填写人员,closed,staff_training_implementation_pack/01-岗位学习任务矩阵.csv,确认该岗位学习任务是否适用、是否发布前必须完成，以及需要收集哪些证据。,模板填写说明、试填反馈、签核与保存规则确认,no,yes
TRN-006-R02,GR-07,staff_learning_task,TRN-006,候选记录模板填写与更正规则,复核人员,closed,staff_training_implementation_pack/01-岗位学习任务矩阵.csv,确认该岗位学习任务是否适用、是否发布前必须完成，以及需要收集哪些证据。,模板填写说明、试填反馈、签核与保存规则确认,no,yes
TRN-006-R03,GR-07,staff_learning_task,TRN-006,候选记录模板填写与更正规则,文件管理员,closed,staff_training_implementation_pack/01-岗位学习任务矩阵.csv,确认该岗位学习任务是否适用、是否发布前必须完成，以及需要收集哪些证据。,模板填写说明、试填反馈、签核与保存规则确认,no,yes
TRN-007-R01,GR-07,staff_learning_task,TRN-007,候选记录模板填写与更正规则,对应过程填写人员,closed,staff_training_implementation_pack/01-岗位学习任务矩阵.csv,确认该岗位学习任务是否适用、是否发布前必须完成，以及需要收集哪些证据。,模板填写说明、试填反馈、签核与保存规则确认,no,yes
TRN-007-R02,GR-07,staff_learning_task,TRN-007,候选记录模板填写与更正规则,复核人员,closed,staff_training_implementation_pack/01-岗位学习任务矩阵.csv,确认该岗位学习任务是否适用、是否发布前必须完成，以及需要收集哪些证据。,模板填写说明、试填反馈、签核与保存规则确认,no,yes
TRN-007-R03,GR-07,staff_learning_task,TRN-007,候选记录模板填写与更正规则,文件管理员,closed,staff_training_implementation_pack/01-岗位学习任务矩阵.csv,确认该岗位学习任务是否适用、是否发布前必须完成，以及需要收集哪些证据。,模板填写说明、试填反馈、签核与保存规则确认,no,yes
TRN-008-R01,GR-07,staff_learning_task,TRN-008,候选记录模板填写与更正规则,对应过程填写人员,closed,staff_training_implementation_pack/01-岗位学习任务矩阵.csv,确认该岗位学习任务是否适用、是否发布前必须完成，以及需要收集哪些证据。,模板填写说明、试填反馈、签核与保存规则确认,no,yes
TRN-008-R02,GR-07,staff_learning_task,TRN-008,候选记录模板填写与更正规则,复核人员,closed,staff_training_implementation_pack/01-岗位学习任务矩阵.csv,确认该岗位学习任务是否适用、是否发布前必须完成，以及需要收集哪些证据。,模板填写说明、试填反馈、签核与保存规则确认,no,yes
TRN-008-R03,GR-07,staff_learning_task,TRN-008,候选记录模板填写与更正规则,文件管理员,closed,staff_training_implementation_pack/01-岗位学习任务矩阵.csv,确认该岗位学习任务是否适用、是否发布前必须完成，以及需要收集哪些证据。,模板填写说明、试填反馈、签核与保存规则确认,no,yes
TRN-009-R01,GR-07,staff_learning_task,TRN-009,候选记录模板填写与更正规则,对应过程填写人员,closed,staff_training_implementation_pack/01-岗位学习任务矩阵.csv,确认该岗位学习任务是否适用、是否发布前必须完成，以及需要收集哪些证据。,模板填写说明、试填反馈、签核与保存规则确认,no,yes
TRN-009-R02,GR-07,staff_learning_task,TRN-009,候选记录模板填写与更正规则,复核人员,closed,staff_training_implementation_pack/01-岗位学习任务矩阵.csv,确认该岗位学习任务是否适用、是否发布前必须完成，以及需要收集哪些证据。,模板填写说明、试填反馈、签核与保存规则确认,no,yes
TRN-009-R03,GR-07,staff_learning_task,TRN-009,候选记录模板填写与更正规则,文件管理员,closed,staff_training_implementation_pack/01-岗位学习任务矩阵.csv,确认该岗位学习任务是否适用、是否发布前必须完成，以及需要收集哪些证据。,模板填写说明、试填反馈、签核与保存规则确认,no,yes
TRN-010-R01,GR-07,staff_learning_task,TRN-010,候选记录模板填写与更正规则,对应过程填写人员,closed,staff_training_implementation_pack/01-岗位学习任务矩阵.csv,确认该岗位学习任务是否适用、是否发布前必须完成，以及需要收集哪些证据。,模板填写说明、试填反馈、签核与保存规则确认,no,yes
TRN-010-R02,GR-07,staff_learning_task,TRN-010,候选记录模板填写与更正规则,复核人员,closed,staff_training_implementation_pack/01-岗位学习任务矩阵.csv,确认该岗位学习任务是否适用、是否发布前必须完成，以及需要收集哪些证据。,模板填写说明、试填反馈、签核与保存规则确认,no,yes
TRN-010-R03,GR-07,staff_learning_task,TRN-010,候选记录模板填写与更正规则,文件管理员,closed,staff_training_implementation_pack/01-岗位学习任务矩阵.csv,确认该岗位学习任务是否适用、是否发布前必须完成，以及需要收集哪些证据。,模板填写说明、试填反馈、签核与保存规则确认,no,yes
TRN-011-R01,GR-07,staff_learning_task,TRN-011,候选记录模板填写与更正规则,对应过程填写人员,closed,staff_training_implementation_pack/01-岗位学习任务矩阵.csv,确认该岗位学习任务是否适用、是否发布前必须完成，以及需要收集哪些证据。,模板填写说明、试填反馈、签核与保存规则确认,no,yes
TRN-011-R02,GR-07,staff_learning_task,TRN-011,候选记录模板填写与更正规则,复核人员,closed,staff_training_implementation_pack/01-岗位学习任务矩阵.csv,确认该岗位学习任务是否适用、是否发布前必须完成，以及需要收集哪些证据。,模板填写说明、试填反馈、签核与保存规则确认,no,yes
TRN-011-R03,GR-07,staff_learning_task,TRN-011,候选记录模板填写与更正规则,文件管理员,closed,staff_training_implementation_pack/01-岗位学习任务矩阵.csv,确认该岗位学习任务是否适用、是否发布前必须完成，以及需要收集哪些证据。,模板填写说明、试填反馈、签核与保存规则确认,no,yes
TRN-012-R01,GR-07,staff_learning_task,TRN-012,候选记录模板填写与更正规则,对应过程填写人员,closed,staff_training_implementation_pack/01-岗位学习任务矩阵.csv,确认该岗位学习任务是否适用、是否发布前必须完成，以及需要收集哪些证据。,模板填写说明、试填反馈、签核与保存规则确认,no,yes
TRN-012-R02,GR-07,staff_learning_task,TRN-012,候选记录模板填写与更正规则,复核人员,closed,staff_training_implementation_pack/01-岗位学习任务矩阵.csv,确认该岗位学习任务是否适用、是否发布前必须完成，以及需要收集哪些证据。,模板填写说明、试填反馈、签核与保存规则确认,no,yes
TRN-012-R03,GR-07,staff_learning_task,TRN-012,候选记录模板填写与更正规则,文件管理员,closed,staff_training_implementation_pack/01-岗位学习任务矩阵.csv,确认该岗位学习任务是否适用、是否发布前必须完成，以及需要收集哪些证据。,模板填写说明、试填反馈、签核与保存规则确认,no,yes
TRN-013-R01,GR-07,staff_learning_task,TRN-013,候选记录模板填写与更正规则,对应过程填写人员,closed,staff_training_implementation_pack/01-岗位学习任务矩阵.csv,确认该岗位学习任务是否适用、是否发布前必须完成，以及需要收集哪些证据。,模板填写说明、试填反馈、签核与保存规则确认,no,yes
TRN-013-R02,GR-07,staff_learning_task,TRN-013,候选记录模板填写与更正规则,复核人员,closed,staff_training_implementation_pack/01-岗位学习任务矩阵.csv,确认该岗位学习任务是否适用、是否发布前必须完成，以及需要收集哪些证据。,模板填写说明、试填反馈、签核与保存规则确认,no,yes
TRN-013-R03,GR-07,staff_learning_task,TRN-013,候选记录模板填写与更正规则,文件管理员,closed,staff_training_implementation_pack/01-岗位学习任务矩阵.csv,确认该岗位学习任务是否适用、是否发布前必须完成，以及需要收集哪些证据。,模板填写说明、试填反馈、签核与保存规则确认,no,yes
TRN-014-R01,GR-07,staff_learning_task,TRN-014,候选记录模板填写与更正规则,对应过程填写人员,closed,staff_training_implementation_pack/01-岗位学习任务矩阵.csv,确认该岗位学习任务是否适用、是否发布前必须完成，以及需要收集哪些证据。,模板填写说明、试填反馈、签核与保存规则确认,no,yes
TRN-014-R02,GR-07,staff_learning_task,TRN-014,候选记录模板填写与更正规则,复核人员,closed,staff_training_implementation_pack/01-岗位学习任务矩阵.csv,确认该岗位学习任务是否适用、是否发布前必须完成，以及需要收集哪些证据。,模板填写说明、试填反馈、签核与保存规则确认,no,yes
TRN-014-R03,GR-07,staff_learning_task,TRN-014,候选记录模板填写与更正规则,文件管理员,closed,staff_training_implementation_pack/01-岗位学习任务矩阵.csv,确认该岗位学习任务是否适用、是否发布前必须完成，以及需要收集哪些证据。,模板填写说明、试填反馈、签核与保存规则确认,no,yes
TRN-015-R01,GR-07,staff_learning_task,TRN-015,候选记录模板填写与更正规则,对应过程填写人员,closed,staff_training_implementation_pack/01-岗位学习任务矩阵.csv,确认该岗位学习任务是否适用、是否发布前必须完成，以及需要收集哪些证据。,模板填写说明、试填反馈、签核与保存规则确认,no,yes
TRN-015-R02,GR-07,staff_learning_task,TRN-015,候选记录模板填写与更正规则,复核人员,closed,staff_training_implementation_pack/01-岗位学习任务矩阵.csv,确认该岗位学习任务是否适用、是否发布前必须完成，以及需要收集哪些证据。,模板填写说明、试填反馈、签核与保存规则确认,no,yes
TRN-015-R03,GR-07,staff_learning_task,TRN-015,候选记录模板填写与更正规则,文件管理员,closed,staff_training_implementation_pack/01-岗位学习任务矩阵.csv,确认该岗位学习任务是否适用、是否发布前必须完成，以及需要收集哪些证据。,模板填写说明、试填反馈、签核与保存规则确认,no,yes
TRN-016-R01,GR-07,staff_learning_task,TRN-016,候选记录模板填写与更正规则,对应过程填写人员,closed,staff_training_implementation_pack/01-岗位学习任务矩阵.csv,确认该岗位学习任务是否适用、是否发布前必须完成，以及需要收集哪些证据。,模板填写说明、试填反馈、签核与保存规则确认,no,yes
TRN-016-R02,GR-07,staff_learning_task,TRN-016,候选记录模板填写与更正规则,复核人员,closed,staff_training_implementation_pack/01-岗位学习任务矩阵.csv,确认该岗位学习任务是否适用、是否发布前必须完成，以及需要收集哪些证据。,模板填写说明、试填反馈、签核与保存规则确认,no,yes
TRN-016-R03,GR-07,staff_learning_task,TRN-016,候选记录模板填写与更正规则,文件管理员,closed,staff_training_implementation_pack/01-岗位学习任务矩阵.csv,确认该岗位学习任务是否适用、是否发布前必须完成，以及需要收集哪些证据。,模板填写说明、试填反馈、签核与保存规则确认,no,yes
TRN-017-R01,GR-07,staff_learning_task,TRN-017,候选记录模板填写与更正规则,对应过程填写人员,closed,staff_training_implementation_pack/01-岗位学习任务矩阵.csv,确认该岗位学习任务是否适用、是否发布前必须完成，以及需要收集哪些证据。,模板填写说明、试填反馈、签核与保存规则确认,no,yes
TRN-017-R02,GR-07,staff_learning_task,TRN-017,候选记录模板填写与更正规则,复核人员,closed,staff_training_implementation_pack/01-岗位学习任务矩阵.csv,确认该岗位学习任务是否适用、是否发布前必须完成，以及需要收集哪些证据。,模板填写说明、试填反馈、签核与保存规则确认,no,yes
TRN-017-R03,GR-07,staff_learning_task,TRN-017,候选记录模板填写与更正规则,文件管理员,closed,staff_training_implementation_pack/01-岗位学习任务矩阵.csv,确认该岗位学习任务是否适用、是否发布前必须完成，以及需要收集哪些证据。,模板填写说明、试填反馈、签核与保存规则确认,no,yes
TRN-018-R01,GR-07,staff_learning_task,TRN-018,候选记录模板填写与更正规则,对应过程填写人员,closed,staff_training_implementation_pack/01-岗位学习任务矩阵.csv,确认该岗位学习任务是否适用、是否发布前必须完成，以及需要收集哪些证据。,模板填写说明、试填反馈、签核与保存规则确认,no,yes
TRN-018-R02,GR-07,staff_learning_task,TRN-018,候选记录模板填写与更正规则,复核人员,closed,staff_training_implementation_pack/01-岗位学习任务矩阵.csv,确认该岗位学习任务是否适用、是否发布前必须完成，以及需要收集哪些证据。,模板填写说明、试填反馈、签核与保存规则确认,no,yes
TRN-018-R03,GR-07,staff_learning_task,TRN-018,候选记录模板填写与更正规则,文件管理员,closed,staff_training_implementation_pack/01-岗位学习任务矩阵.csv,确认该岗位学习任务是否适用、是否发布前必须完成，以及需要收集哪些证据。,模板填写说明、试填反馈、签核与保存规则确认,no,yes
TRN-019-R01,GR-07,staff_learning_task,TRN-019,候选记录模板填写与更正规则,对应过程填写人员,closed,staff_training_implementation_pack/01-岗位学习任务矩阵.csv,确认该岗位学习任务是否适用、是否发布前必须完成，以及需要收集哪些证据。,模板填写说明、试填反馈、签核与保存规则确认,no,yes
TRN-019-R02,GR-07,staff_learning_task,TRN-019,候选记录模板填写与更正规则,复核人员,closed,staff_training_implementation_pack/01-岗位学习任务矩阵.csv,确认该岗位学习任务是否适用、是否发布前必须完成，以及需要收集哪些证据。,模板填写说明、试填反馈、签核与保存规则确认,no,yes
TRN-019-R03,GR-07,staff_learning_task,TRN-019,候选记录模板填写与更正规则,文件管理员,closed,staff_training_implementation_pack/01-岗位学习任务矩阵.csv,确认该岗位学习任务是否适用、是否发布前必须完成，以及需要收集哪些证据。,模板填写说明、试填反馈、签核与保存规则确认,no,yes
TRN-020-R01,GR-07,staff_learning_task,TRN-020,候选记录模板填写与更正规则,对应过程填写人员,closed,staff_training_implementation_pack/01-岗位学习任务矩阵.csv,确认该岗位学习任务是否适用、是否发布前必须完成，以及需要收集哪些证据。,模板填写说明、试填反馈、签核与保存规则确认,no,yes
TRN-020-R02,GR-07,staff_learning_task,TRN-020,候选记录模板填写与更正规则,复核人员,closed,staff_training_implementation_pack/01-岗位学习任务矩阵.csv,确认该岗位学习任务是否适用、是否发布前必须完成，以及需要收集哪些证据。,模板填写说明、试填反馈、签核与保存规则确认,no,yes
TRN-020-R03,GR-07,staff_learning_task,TRN-020,候选记录模板填写与更正规则,文件管理员,closed,staff_training_implementation_pack/01-岗位学习任务矩阵.csv,确认该岗位学习任务是否适用、是否发布前必须完成，以及需要收集哪些证据。,模板填写说明、试填反馈、签核与保存规则确认,no,yes
TRN-021-R01,GR-07,staff_learning_task,TRN-021,候选记录模板填写与更正规则,对应过程填写人员,closed,staff_training_implementation_pack/01-岗位学习任务矩阵.csv,确认该岗位学习任务是否适用、是否发布前必须完成，以及需要收集哪些证据。,模板填写说明、试填反馈、签核与保存规则确认,no,yes
TRN-021-R02,GR-07,staff_learning_task,TRN-021,候选记录模板填写与更正规则,复核人员,closed,staff_training_implementation_pack/01-岗位学习任务矩阵.csv,确认该岗位学习任务是否适用、是否发布前必须完成，以及需要收集哪些证据。,模板填写说明、试填反馈、签核与保存规则确认,no,yes
TRN-021-R03,GR-07,staff_learning_task,TRN-021,候选记录模板填写与更正规则,文件管理员,closed,staff_training_implementation_pack/01-岗位学习任务矩阵.csv,确认该岗位学习任务是否适用、是否发布前必须完成，以及需要收集哪些证据。,模板填写说明、试填反馈、签核与保存规则确认,no,yes
TRN-022-R01,GR-07,staff_learning_task,TRN-022,候选记录模板填写与更正规则,对应过程填写人员,closed,staff_training_implementation_pack/01-岗位学习任务矩阵.csv,确认该岗位学习任务是否适用、是否发布前必须完成，以及需要收集哪些证据。,模板填写说明、试填反馈、签核与保存规则确认,no,yes
TRN-022-R02,GR-07,staff_learning_task,TRN-022,候选记录模板填写与更正规则,复核人员,closed,staff_training_implementation_pack/01-岗位学习任务矩阵.csv,确认该岗位学习任务是否适用、是否发布前必须完成，以及需要收集哪些证据。,模板填写说明、试填反馈、签核与保存规则确认,no,yes
TRN-022-R03,GR-07,staff_learning_task,TRN-022,候选记录模板填写与更正规则,文件管理员,closed,staff_training_implementation_pack/01-岗位学习任务矩阵.csv,确认该岗位学习任务是否适用、是否发布前必须完成，以及需要收集哪些证据。,模板填写说明、试填反馈、签核与保存规则确认,no,yes
TRN-023-R01,GR-07,staff_learning_task,TRN-023,候选记录模板填写与更正规则,对应过程填写人员,closed,staff_training_implementation_pack/01-岗位学习任务矩阵.csv,确认该岗位学习任务是否适用、是否发布前必须完成，以及需要收集哪些证据。,模板填写说明、试填反馈、签核与保存规则确认,no,yes
TRN-023-R02,GR-07,staff_learning_task,TRN-023,候选记录模板填写与更正规则,复核人员,closed,staff_training_implementation_pack/01-岗位学习任务矩阵.csv,确认该岗位学习任务是否适用、是否发布前必须完成，以及需要收集哪些证据。,模板填写说明、试填反馈、签核与保存规则确认,no,yes
TRN-023-R03,GR-07,staff_learning_task,TRN-023,候选记录模板填写与更正规则,文件管理员,closed,staff_training_implementation_pack/01-岗位学习任务矩阵.csv,确认该岗位学习任务是否适用、是否发布前必须完成，以及需要收集哪些证据。,模板填写说明、试填反馈、签核与保存规则确认,no,yes
TRN-024-R01,GR-07,staff_learning_task,TRN-024,候选记录模板填写与更正规则,对应过程填写人员,closed,staff_training_implementation_pack/01-岗位学习任务矩阵.csv,确认该岗位学习任务是否适用、是否发布前必须完成，以及需要收集哪些证据。,模板填写说明、试填反馈、签核与保存规则确认,no,yes
TRN-024-R02,GR-07,staff_learning_task,TRN-024,候选记录模板填写与更正规则,复核人员,closed,staff_training_implementation_pack/01-岗位学习任务矩阵.csv,确认该岗位学习任务是否适用、是否发布前必须完成，以及需要收集哪些证据。,模板填写说明、试填反馈、签核与保存规则确认,no,yes
TRN-024-R03,GR-07,staff_learning_task,TRN-024,候选记录模板填写与更正规则,文件管理员,closed,staff_training_implementation_pack/01-岗位学习任务矩阵.csv,确认该岗位学习任务是否适用、是否发布前必须完成，以及需要收集哪些证据。,模板填写说明、试填反馈、签核与保存规则确认,no,yes
TRN-025-R01,GR-07,staff_learning_task,TRN-025,候选记录模板填写与更正规则,对应过程填写人员,closed,staff_training_implementation_pack/01-岗位学习任务矩阵.csv,确认该岗位学习任务是否适用、是否发布前必须完成，以及需要收集哪些证据。,模板填写说明、试填反馈、签核与保存规则确认,no,yes
TRN-025-R02,GR-07,staff_learning_task,TRN-025,候选记录模板填写与更正规则,复核人员,closed,staff_training_implementation_pack/01-岗位学习任务矩阵.csv,确认该岗位学习任务是否适用、是否发布前必须完成，以及需要收集哪些证据。,模板填写说明、试填反馈、签核与保存规则确认,no,yes
TRN-025-R03,GR-07,staff_learning_task,TRN-025,候选记录模板填写与更正规则,文件管理员,closed,staff_training_implementation_pack/01-岗位学习任务矩阵.csv,确认该岗位学习任务是否适用、是否发布前必须完成，以及需要收集哪些证据。,模板填写说明、试填反馈、签核与保存规则确认,no,yes
TRN-026-R01,GR-07,staff_learning_task,TRN-026,候选记录模板填写与更正规则,对应过程填写人员,closed,staff_training_implementation_pack/01-岗位学习任务矩阵.csv,确认该岗位学习任务是否适用、是否发布前必须完成，以及需要收集哪些证据。,模板填写说明、试填反馈、签核与保存规则确认,no,yes
TRN-026-R02,GR-07,staff_learning_task,TRN-026,候选记录模板填写与更正规则,复核人员,closed,staff_training_implementation_pack/01-岗位学习任务矩阵.csv,确认该岗位学习任务是否适用、是否发布前必须完成，以及需要收集哪些证据。,模板填写说明、试填反馈、签核与保存规则确认,no,yes
TRN-026-R03,GR-07,staff_learning_task,TRN-026,候选记录模板填写与更正规则,文件管理员,closed,staff_training_implementation_pack/01-岗位学习任务矩阵.csv,确认该岗位学习任务是否适用、是否发布前必须完成，以及需要收集哪些证据。,模板填写说明、试填反馈、签核与保存规则确认,no,yes
TRN-027-R01,GR-07,staff_learning_task,TRN-027,候选记录模板填写与更正规则,对应过程填写人员,closed,staff_training_implementation_pack/01-岗位学习任务矩阵.csv,确认该岗位学习任务是否适用、是否发布前必须完成，以及需要收集哪些证据。,模板填写说明、试填反馈、签核与保存规则确认,no,yes
TRN-027-R02,GR-07,staff_learning_task,TRN-027,候选记录模板填写与更正规则,复核人员,closed,staff_training_implementation_pack/01-岗位学习任务矩阵.csv,确认该岗位学习任务是否适用、是否发布前必须完成，以及需要收集哪些证据。,模板填写说明、试填反馈、签核与保存规则确认,no,yes
TRN-027-R03,GR-07,staff_learning_task,TRN-027,候选记录模板填写与更正规则,文件管理员,closed,staff_training_implementation_pack/01-岗位学习任务矩阵.csv,确认该岗位学习任务是否适用、是否发布前必须完成，以及需要收集哪些证据。,模板填写说明、试填反馈、签核与保存规则确认,no,yes
TRN-028-R01,GR-07,staff_learning_task,TRN-028,候选记录模板填写与更正规则,对应过程填写人员,closed,staff_training_implementation_pack/01-岗位学习任务矩阵.csv,确认该岗位学习任务是否适用、是否发布前必须完成，以及需要收集哪些证据。,模板填写说明、试填反馈、签核与保存规则确认,no,yes
TRN-028-R02,GR-07,staff_learning_task,TRN-028,候选记录模板填写与更正规则,复核人员,closed,staff_training_implementation_pack/01-岗位学习任务矩阵.csv,确认该岗位学习任务是否适用、是否发布前必须完成，以及需要收集哪些证据。,模板填写说明、试填反馈、签核与保存规则确认,no,yes
TRN-028-R03,GR-07,staff_learning_task,TRN-028,候选记录模板填写与更正规则,文件管理员,closed,staff_training_implementation_pack/01-岗位学习任务矩阵.csv,确认该岗位学习任务是否适用、是否发布前必须完成，以及需要收集哪些证据。,模板填写说明、试填反馈、签核与保存规则确认,no,yes
TRN-029-R01,GR-07,staff_learning_task,TRN-029,候选记录模板填写与更正规则,对应过程填写人员,closed,staff_training_implementation_pack/01-岗位学习任务矩阵.csv,确认该岗位学习任务是否适用、是否发布前必须完成，以及需要收集哪些证据。,模板填写说明、试填反馈、签核与保存规则确认,no,yes
TRN-029-R02,GR-07,staff_learning_task,TRN-029,候选记录模板填写与更正规则,复核人员,closed,staff_training_implementation_pack/01-岗位学习任务矩阵.csv,确认该岗位学习任务是否适用、是否发布前必须完成，以及需要收集哪些证据。,模板填写说明、试填反馈、签核与保存规则确认,no,yes
TRN-029-R03,GR-07,staff_learning_task,TRN-029,候选记录模板填写与更正规则,文件管理员,closed,staff_training_implementation_pack/01-岗位学习任务矩阵.csv,确认该岗位学习任务是否适用、是否发布前必须完成，以及需要收集哪些证据。,模板填写说明、试填反馈、签核与保存规则确认,no,yes
Q-001,GR-08,comprehension_question,质量手册,第五版候选稿目前能否直接替代第四版？,质量负责人；文件管理员；相关过程负责人,closed,staff_training_implementation_pack/03-理解确认题库.csv,确认该题是否保留，并记录人员理解确认方式。,应回答不能；需人工评审、批准、生效、发放、宣贯和旧版作废。,no,yes
Q-002,GR-08,comprehension_question,资质状态,手册和培训材料中 CNAS 状态应如何表述？,质量负责人；文件管理员；相关过程负责人,closed,staff_training_implementation_pack/03-理解确认题库.csv,确认该题是否保留，并记录人员理解确认方式。,应回答已取得 CMA，CNAS 申请中；不得写已取得 CNAS。,no,yes
Q-003,GR-08,comprehension_question,程序目录,当前程序目录基线是什么？,质量负责人；文件管理员；相关过程负责人,closed,staff_training_implementation_pack/03-理解确认题库.csv,确认该题是否保留，并记录人员理解确认方式。,应回答以 LIMS 当前导出的 2022 程序清单为现行目录。,no,yes
Q-004,GR-08,comprehension_question,05-02,XZTC/CX-05-02-2022 当前为什么不能直接当普通程序发布？,质量负责人；文件管理员；相关过程负责人,closed,staff_training_implementation_pack/03-理解确认题库.csv,确认该题是否保留，并记录人员理解确认方式。,应回答其为编号附件/表单归属待判定项，需确认是程序附件、记录模板或其他处置。,no,yes
Q-005,GR-08,comprehension_question,记录模板,候选记录模板启用前至少要确认哪些字段问题？,质量负责人；文件管理员；相关过程负责人,closed,staff_training_implementation_pack/03-理解确认题库.csv,确认该题是否保留，并记录人员理解确认方式。,应回答字段含义、必填性、填写责任、复核、保存期限、保密等级和更正规则。,no,yes
Q-006,GR-08,comprehension_question,模拟试填,全量试填样表是否可以作为真实运行记录？,质量负责人；文件管理员；相关过程负责人,closed,staff_training_implementation_pack/03-理解确认题库.csv,确认该题是否保留，并记录人员理解确认方式。,应回答不能；带 SIMULATED_TRIAL_NOT_REAL_RECORD 标识。,no,yes
Q-007,GR-08,comprehension_question,质量手册修订,XZTC/SC 第五版候选稿为什么不能按新增同编号草稿直接写入？,质量负责人；文件管理员；相关过程负责人,closed,staff_training_implementation_pack/03-理解确认题库.csv,确认该题是否保留，并记录人员理解确认方式。,应回答 LIMS 已存在同编号 published 受控文件，应走既有文件修订/换版路径。,no,yes
Q-008,GR-08,comprehension_question,受控发布,文件批准后还需留下哪些发布证据？,质量负责人；文件管理员；相关过程负责人,closed,staff_training_implementation_pack/03-理解确认题库.csv,确认该题是否保留，并记录人员理解确认方式。,应回答审批签核、发放范围、培训宣贯、旧版作废回收、实施有效性检查等。,no,yes
Q-009,GR-08,comprehension_question,jewelry-qms,jewelry-qms 当前可否写入质量手册正文作为正式系统？,质量负责人；文件管理员；相关过程负责人,closed,staff_training_implementation_pack/03-理解确认题库.csv,确认该题是否保留，并记录人员理解确认方式。,应回答不能；目前只进入实施计划、试运行和治理准备材料。,no,yes
Q-010,GR-08,comprehension_question,LIMS 命令,真实 apply 的前置条件是什么？,质量负责人；文件管理员；相关过程负责人,closed,staff_training_implementation_pack/03-理解确认题库.csv,确认该题是否保留，并记录人员理解确认方式。,应回答需人工评审包全部通过、ack、相关包校验通过和用户明确授权。,no,yes
Q-011,GR-08,comprehension_question,电子记录,LIMS/电子记录投入使用前应确认哪些方面？,质量负责人；文件管理员；相关过程负责人,closed,staff_training_implementation_pack/03-理解确认题库.csv,确认该题是否保留，并记录人员理解确认方式。,应回答权限、审计追踪、备份恢复、数据完整性、适用性确认和更正留痕。,no,yes
Q-012,GR-08,comprehension_question,问题反馈,发现候选稿或模板问题时应如何回填？,质量负责人；文件管理员；相关过程负责人,closed,staff_training_implementation_pack/03-理解确认题库.csv,确认该题是否保留，并记录人员理解确认方式。,应回答先进入反馈/决策预览，不直接改受控文件或写库。,no,yes
FB-001,GR-09,feedback_closure,第五版候选手册正文事实错误或职责不匹配,10-质量手册第五版候选稿.md,待人工分配,closed,staff_training_implementation_pack/04-问题反馈与修订回填模板.csv,填写 proposed_change、human_decision 和 review_comment，必要时联动修订包。,,no,yes
FB-002,GR-09,feedback_closure,第四版到第五版修订说明需补充,11-第四版到第五版候选修订说明.md,待人工分配,closed,staff_training_implementation_pack/04-问题反馈与修订回填模板.csv,填写 proposed_change、human_decision 和 review_comment，必要时联动修订包。,,no,yes
FB-003,GR-09,feedback_closure,2022 程序目录或 05-02 归属有疑问,12-支持性程序目录-2022版.md,待人工分配,closed,staff_training_implementation_pack/04-问题反馈与修订回填模板.csv,填写 proposed_change、human_decision 和 review_comment，必要时联动修订包。,,no,yes
FB-004,GR-09,feedback_closure,候选记录模板字段需新增/删除/改名,record_template_field_catalog/02-字段级明细.csv,待人工分配,closed,staff_training_implementation_pack/04-问题反馈与修订回填模板.csv,填写 proposed_change、human_decision 和 review_comment，必要时联动修订包。,,no,yes
FB-005,GR-09,feedback_closure,保存期限、保密等级或保存位置待确认,record_template_field_catalog/02-字段级明细.csv,待人工分配,closed,staff_training_implementation_pack/04-问题反馈与修订回填模板.csv,填写 proposed_change、human_decision 和 review_comment，必要时联动修订包。,,no,yes
FB-006,GR-09,feedback_closure,质量手册修订/换版路径需调整,manual_revision_path_pack/04-人工决策闸门.csv,待人工分配,closed,staff_training_implementation_pack/04-问题反馈与修订回填模板.csv,填写 proposed_change、human_decision 和 review_comment，必要时联动修订包。,,no,yes
FB-007,GR-09,feedback_closure,受控发布、培训或旧版处置安排需调整,controlled_release_rehearsal/03-培训宣贯演练清单.csv,待人工分配,closed,staff_training_implementation_pack/04-问题反馈与修订回填模板.csv,填写 proposed_change、human_decision 和 review_comment，必要时联动修订包。,,no,yes
FB-008,GR-09,feedback_closure,jewelry-qms 试运行边界或系统字段需调整,14-jewelry-qms实施计划与验证方案.md,待人工分配,closed,staff_training_implementation_pack/04-问题反馈与修订回填模板.csv,填写 proposed_change、human_decision 和 review_comment，必要时联动修订包。,,no,yes
WRITE-PREVIEW-REVIEW,GR-10,write_preview_review,phase1,第一阶段 documents/record_form_templates/qms_sources 行级预览,系统管理员/文件管理员/质量负责人,closed,lims_write_preview_package/write_preview_manifest.json,逐表确认预览动作是否符合受控文件和记录模板导入预期。,46/47 号报告、write_preview_manifest.json 和三张预览 CSV,no,yes
STG2-BLOCK-001,GR-11,stage2_structured_review,manual_v5_candidate_4_1,manual_v5_candidate_4_1,质量负责人/技术负责人/文件管理员,closed,stage2_structured_review_workbench/05-人工复核意见回填模板.csv,填写 proposed_human_decision 和 review_comment，确认链接保留、修订或移除。,确认条款块标题、类型、排序、来源和后续生效条件。,no,yes
STG2-BLOCK-002,GR-11,stage2_structured_review,manual_v5_candidate_4_2,manual_v5_candidate_4_2,质量负责人/技术负责人/文件管理员,closed,stage2_structured_review_workbench/05-人工复核意见回填模板.csv,填写 proposed_human_decision 和 review_comment，确认链接保留、修订或移除。,确认条款块标题、类型、排序、来源和后续生效条件。,no,yes
STG2-BLOCK-003,GR-11,stage2_structured_review,manual_v5_candidate_5,manual_v5_candidate_5,质量负责人/技术负责人/文件管理员,closed,stage2_structured_review_workbench/05-人工复核意见回填模板.csv,填写 proposed_human_decision 和 review_comment，确认链接保留、修订或移除。,确认条款块标题、类型、排序、来源和后续生效条件。,no,yes
STG2-BLOCK-004,GR-11,stage2_structured_review,manual_v5_candidate_6_1,manual_v5_candidate_6_1,质量负责人/技术负责人/文件管理员,closed,stage2_structured_review_workbench/05-人工复核意见回填模板.csv,填写 proposed_human_decision 和 review_comment，确认链接保留、修订或移除。,确认条款块标题、类型、排序、来源和后续生效条件。,no,yes
STG2-BLOCK-005,GR-11,stage2_structured_review,manual_v5_candidate_6_2,manual_v5_candidate_6_2,质量负责人/技术负责人/文件管理员,closed,stage2_structured_review_workbench/05-人工复核意见回填模板.csv,填写 proposed_human_decision 和 review_comment，确认链接保留、修订或移除。,确认条款块标题、类型、排序、来源和后续生效条件。,no,yes
STG2-BLOCK-006,GR-11,stage2_structured_review,manual_v5_candidate_6_3,manual_v5_candidate_6_3,质量负责人/技术负责人/文件管理员,closed,stage2_structured_review_workbench/05-人工复核意见回填模板.csv,填写 proposed_human_decision 和 review_comment，确认链接保留、修订或移除。,确认条款块标题、类型、排序、来源和后续生效条件。,no,yes
STG2-BLOCK-007,GR-11,stage2_structured_review,manual_v5_candidate_6_4,manual_v5_candidate_6_4,质量负责人/技术负责人/文件管理员,closed,stage2_structured_review_workbench/05-人工复核意见回填模板.csv,填写 proposed_human_decision 和 review_comment，确认链接保留、修订或移除。,确认条款块标题、类型、排序、来源和后续生效条件。,no,yes
STG2-BLOCK-008,GR-11,stage2_structured_review,manual_v5_candidate_6_5,manual_v5_candidate_6_5,质量负责人/技术负责人/文件管理员,closed,stage2_structured_review_workbench/05-人工复核意见回填模板.csv,填写 proposed_human_decision 和 review_comment，确认链接保留、修订或移除。,确认条款块标题、类型、排序、来源和后续生效条件。,no,yes
STG2-BLOCK-009,GR-11,stage2_structured_review,manual_v5_candidate_6_6,manual_v5_candidate_6_6,质量负责人/技术负责人/文件管理员,closed,stage2_structured_review_workbench/05-人工复核意见回填模板.csv,填写 proposed_human_decision 和 review_comment，确认链接保留、修订或移除。,确认条款块标题、类型、排序、来源和后续生效条件。,no,yes
STG2-BLOCK-010,GR-11,stage2_structured_review,manual_v5_candidate_7_1,manual_v5_candidate_7_1,质量负责人/技术负责人/文件管理员,closed,stage2_structured_review_workbench/05-人工复核意见回填模板.csv,填写 proposed_human_decision 和 review_comment，确认链接保留、修订或移除。,确认条款块标题、类型、排序、来源和后续生效条件。,no,yes
STG2-BLOCK-011,GR-11,stage2_structured_review,manual_v5_candidate_7_2,manual_v5_candidate_7_2,质量负责人/技术负责人/文件管理员,closed,stage2_structured_review_workbench/05-人工复核意见回填模板.csv,填写 proposed_human_decision 和 review_comment，确认链接保留、修订或移除。,确认条款块标题、类型、排序、来源和后续生效条件。,no,yes
STG2-BLOCK-012,GR-11,stage2_structured_review,manual_v5_candidate_7_3,manual_v5_candidate_7_3,质量负责人/技术负责人/文件管理员,closed,stage2_structured_review_workbench/05-人工复核意见回填模板.csv,填写 proposed_human_decision 和 review_comment，确认链接保留、修订或移除。,确认条款块标题、类型、排序、来源和后续生效条件。,no,yes
STG2-BLOCK-013,GR-11,stage2_structured_review,manual_v5_candidate_7_4,manual_v5_candidate_7_4,质量负责人/技术负责人/文件管理员,closed,stage2_structured_review_workbench/05-人工复核意见回填模板.csv,填写 proposed_human_decision 和 review_comment，确认链接保留、修订或移除。,确认条款块标题、类型、排序、来源和后续生效条件。,no,yes
STG2-BLOCK-014,GR-11,stage2_structured_review,manual_v5_candidate_7_5,manual_v5_candidate_7_5,质量负责人/技术负责人/文件管理员,closed,stage2_structured_review_workbench/05-人工复核意见回填模板.csv,填写 proposed_human_decision 和 review_comment，确认链接保留、修订或移除。,确认条款块标题、类型、排序、来源和后续生效条件。,no,yes
STG2-BLOCK-015,GR-11,stage2_structured_review,manual_v5_candidate_7_6,manual_v5_candidate_7_6,质量负责人/技术负责人/文件管理员,closed,stage2_structured_review_workbench/05-人工复核意见回填模板.csv,填写 proposed_human_decision 和 review_comment，确认链接保留、修订或移除。,确认条款块标题、类型、排序、来源和后续生效条件。,no,yes
STG2-BLOCK-016,GR-11,stage2_structured_review,manual_v5_candidate_7_7,manual_v5_candidate_7_7,质量负责人/技术负责人/文件管理员,closed,stage2_structured_review_workbench/05-人工复核意见回填模板.csv,填写 proposed_human_decision 和 review_comment，确认链接保留、修订或移除。,确认条款块标题、类型、排序、来源和后续生效条件。,no,yes
STG2-BLOCK-017,GR-11,stage2_structured_review,manual_v5_candidate_7_8,manual_v5_candidate_7_8,质量负责人/技术负责人/文件管理员,closed,stage2_structured_review_workbench/05-人工复核意见回填模板.csv,填写 proposed_human_decision 和 review_comment，确认链接保留、修订或移除。,确认条款块标题、类型、排序、来源和后续生效条件。,no,yes
STG2-BLOCK-018,GR-11,stage2_structured_review,manual_v5_candidate_7_9,manual_v5_candidate_7_9,质量负责人/技术负责人/文件管理员,closed,stage2_structured_review_workbench/05-人工复核意见回填模板.csv,填写 proposed_human_decision 和 review_comment，确认链接保留、修订或移除。,确认条款块标题、类型、排序、来源和后续生效条件。,no,yes
STG2-BLOCK-019,GR-11,stage2_structured_review,manual_v5_candidate_7_10,manual_v5_candidate_7_10,质量负责人/技术负责人/文件管理员,closed,stage2_structured_review_workbench/05-人工复核意见回填模板.csv,填写 proposed_human_decision 和 review_comment，确认链接保留、修订或移除。,确认条款块标题、类型、排序、来源和后续生效条件。,no,yes
STG2-BLOCK-020,GR-11,stage2_structured_review,manual_v5_candidate_7_11,manual_v5_candidate_7_11,质量负责人/技术负责人/文件管理员,closed,stage2_structured_review_workbench/05-人工复核意见回填模板.csv,填写 proposed_human_decision 和 review_comment，确认链接保留、修订或移除。,确认条款块标题、类型、排序、来源和后续生效条件。,no,yes
STG2-BLOCK-021,GR-11,stage2_structured_review,manual_v5_candidate_8_1,manual_v5_candidate_8_1,质量负责人/技术负责人/文件管理员,closed,stage2_structured_review_workbench/05-人工复核意见回填模板.csv,填写 proposed_human_decision 和 review_comment，确认链接保留、修订或移除。,确认条款块标题、类型、排序、来源和后续生效条件。,no,yes
STG2-BLOCK-022,GR-11,stage2_structured_review,manual_v5_candidate_8_2,manual_v5_candidate_8_2,质量负责人/技术负责人/文件管理员,closed,stage2_structured_review_workbench/05-人工复核意见回填模板.csv,填写 proposed_human_decision 和 review_comment，确认链接保留、修订或移除。,确认条款块标题、类型、排序、来源和后续生效条件。,no,yes
STG2-BLOCK-023,GR-11,stage2_structured_review,manual_v5_candidate_8_3,manual_v5_candidate_8_3,质量负责人/技术负责人/文件管理员,closed,stage2_structured_review_workbench/05-人工复核意见回填模板.csv,填写 proposed_human_decision 和 review_comment，确认链接保留、修订或移除。,确认条款块标题、类型、排序、来源和后续生效条件。,no,yes
STG2-BLOCK-024,GR-11,stage2_structured_review,manual_v5_candidate_8_4,manual_v5_candidate_8_4,质量负责人/技术负责人/文件管理员,closed,stage2_structured_review_workbench/05-人工复核意见回填模板.csv,填写 proposed_human_decision 和 review_comment，确认链接保留、修订或移除。,确认条款块标题、类型、排序、来源和后续生效条件。,no,yes
STG2-BLOCK-025,GR-11,stage2_structured_review,manual_v5_candidate_8_5,manual_v5_candidate_8_5,质量负责人/技术负责人/文件管理员,closed,stage2_structured_review_workbench/05-人工复核意见回填模板.csv,填写 proposed_human_decision 和 review_comment，确认链接保留、修订或移除。,确认条款块标题、类型、排序、来源和后续生效条件。,no,yes
STG2-BLOCK-026,GR-11,stage2_structured_review,manual_v5_candidate_8_6,manual_v5_candidate_8_6,质量负责人/技术负责人/文件管理员,closed,stage2_structured_review_workbench/05-人工复核意见回填模板.csv,填写 proposed_human_decision 和 review_comment，确认链接保留、修订或移除。,确认条款块标题、类型、排序、来源和后续生效条件。,no,yes
STG2-BLOCK-027,GR-11,stage2_structured_review,manual_v5_candidate_8_7,manual_v5_candidate_8_7,质量负责人/技术负责人/文件管理员,closed,stage2_structured_review_workbench/05-人工复核意见回填模板.csv,填写 proposed_human_decision 和 review_comment，确认链接保留、修订或移除。,确认条款块标题、类型、排序、来源和后续生效条件。,no,yes
STG2-BLOCK-028,GR-11,stage2_structured_review,manual_v5_candidate_8_8,manual_v5_candidate_8_8,质量负责人/技术负责人/文件管理员,closed,stage2_structured_review_workbench/05-人工复核意见回填模板.csv,填写 proposed_human_decision 和 review_comment，确认链接保留、修订或移除。,确认条款块标题、类型、排序、来源和后续生效条件。,no,yes
STG2-BLOCK-029,GR-11,stage2_structured_review,manual_v5_candidate_8_9,manual_v5_candidate_8_9,质量负责人/技术负责人/文件管理员,closed,stage2_structured_review_workbench/05-人工复核意见回填模板.csv,填写 proposed_human_decision 和 review_comment，确认链接保留、修订或移除。,确认条款块标题、类型、排序、来源和后续生效条件。,no,yes
STG2-LINK-001,GR-11,stage2_structured_review,XZTC/CX-07-02-2022,manual_v5_candidate_4_1->procedure_document:XZTC/CX-07-02-2022,质量负责人/技术负责人/文件管理员,closed,stage2_structured_review_workbench/05-人工复核意见回填模板.csv,填写 proposed_human_decision 和 review_comment，确认链接保留、修订或移除。,确认该程序确实支撑本手册条款，且仍为 LIMS 当前 2022 现行程序。,no,yes
STG2-LINK-002,GR-11,stage2_structured_review,XZTC/CX-07-2022,manual_v5_candidate_4_1->procedure_document:XZTC/CX-07-2022,质量负责人/技术负责人/文件管理员,closed,stage2_structured_review_workbench/05-人工复核意见回填模板.csv,填写 proposed_human_decision 和 review_comment，确认链接保留、修订或移除。,确认该程序确实支撑本手册条款，且仍为 LIMS 当前 2022 现行程序。,no,yes
STG2-LINK-003,GR-11,stage2_structured_review,XZTC/CX-32-2022,manual_v5_candidate_4_1->procedure_document:XZTC/CX-32-2022,质量负责人/技术负责人/文件管理员,closed,stage2_structured_review_workbench/05-人工复核意见回填模板.csv,填写 proposed_human_decision 和 review_comment，确认链接保留、修订或移除。,确认该程序确实支撑本手册条款，且仍为 LIMS 当前 2022 现行程序。,no,yes
STG2-LINK-004,GR-11,stage2_structured_review,JL-4.1-01,manual_v5_candidate_4_1->record_form_template:JL-4.1-01,质量负责人/技术负责人/文件管理员,closed,stage2_structured_review_workbench/05-人工复核意见回填模板.csv,填写 proposed_human_decision 和 review_comment，确认链接保留、修订或移除。,确认候选记录模板字段、触发时机、责任岗位和保存要求适用于本条款。,no,yes
STG2-LINK-005,GR-11,stage2_structured_review,XZTC/CX-06-2022,manual_v5_candidate_4_2->procedure_document:XZTC/CX-06-2022,质量负责人/技术负责人/文件管理员,closed,stage2_structured_review_workbench/05-人工复核意见回填模板.csv,填写 proposed_human_decision 和 review_comment，确认链接保留、修订或移除。,确认该程序确实支撑本手册条款，且仍为 LIMS 当前 2022 现行程序。,no,yes
STG2-LINK-006,GR-11,stage2_structured_review,XZTC/CX-08-2022,manual_v5_candidate_4_2->procedure_document:XZTC/CX-08-2022,质量负责人/技术负责人/文件管理员,closed,stage2_structured_review_workbench/05-人工复核意见回填模板.csv,填写 proposed_human_decision 和 review_comment，确认链接保留、修订或移除。,确认该程序确实支撑本手册条款，且仍为 LIMS 当前 2022 现行程序。,no,yes
STG2-LINK-007,GR-11,stage2_structured_review,XZTC/CX-19-2022,manual_v5_candidate_4_2->procedure_document:XZTC/CX-19-2022,质量负责人/技术负责人/文件管理员,closed,stage2_structured_review_workbench/05-人工复核意见回填模板.csv,填写 proposed_human_decision 和 review_comment，确认链接保留、修订或移除。,确认该程序确实支撑本手册条款，且仍为 LIMS 当前 2022 现行程序。,no,yes
STG2-LINK-008,GR-11,stage2_structured_review,XZTC/CX-26-2022,manual_v5_candidate_4_2->procedure_document:XZTC/CX-26-2022,质量负责人/技术负责人/文件管理员,closed,stage2_structured_review_workbench/05-人工复核意见回填模板.csv,填写 proposed_human_decision 和 review_comment，确认链接保留、修订或移除。,确认该程序确实支撑本手册条款，且仍为 LIMS 当前 2022 现行程序。,no,yes
STG2-LINK-009,GR-11,stage2_structured_review,JL-4.2-01,manual_v5_candidate_4_2->record_form_template:JL-4.2-01,质量负责人/技术负责人/文件管理员,closed,stage2_structured_review_workbench/05-人工复核意见回填模板.csv,填写 proposed_human_decision 和 review_comment，确认链接保留、修订或移除。,确认候选记录模板字段、触发时机、责任岗位和保存要求适用于本条款。,no,yes
STG2-LINK-010,GR-11,stage2_structured_review,XZTC/CX-01-02-2022,manual_v5_candidate_5->procedure_document:XZTC/CX-01-02-2022,质量负责人/技术负责人/文件管理员,closed,stage2_structured_review_workbench/05-人工复核意见回填模板.csv,填写 proposed_human_decision 和 review_comment，确认链接保留、修订或移除。,确认该程序确实支撑本手册条款，且仍为 LIMS 当前 2022 现行程序。,no,yes
STG2-LINK-011,GR-11,stage2_structured_review,XZTC/CX-13-2022,manual_v5_candidate_5->procedure_document:XZTC/CX-13-2022,质量负责人/技术负责人/文件管理员,closed,stage2_structured_review_workbench/05-人工复核意见回填模板.csv,填写 proposed_human_decision 和 review_comment，确认链接保留、修订或移除。,确认该程序确实支撑本手册条款，且仍为 LIMS 当前 2022 现行程序。,no,yes
STG2-LINK-012,GR-11,stage2_structured_review,XZTC/CX-32-2022,manual_v5_candidate_5->procedure_document:XZTC/CX-32-2022,质量负责人/技术负责人/文件管理员,closed,stage2_structured_review_workbench/05-人工复核意见回填模板.csv,填写 proposed_human_decision 和 review_comment，确认链接保留、修订或移除。,确认该程序确实支撑本手册条款，且仍为 LIMS 当前 2022 现行程序。,no,yes
STG2-LINK-013,GR-11,stage2_structured_review,JL-5-01,manual_v5_candidate_5->record_form_template:JL-5-01,质量负责人/技术负责人/文件管理员,closed,stage2_structured_review_workbench/05-人工复核意见回填模板.csv,填写 proposed_human_decision 和 review_comment，确认链接保留、修订或移除。,确认候选记录模板字段、触发时机、责任岗位和保存要求适用于本条款。,no,yes
STG2-LINK-014,GR-11,stage2_structured_review,XZTC/CX-01-02-2022,manual_v5_candidate_6_1->procedure_document:XZTC/CX-01-02-2022,质量负责人/技术负责人/文件管理员,closed,stage2_structured_review_workbench/05-人工复核意见回填模板.csv,填写 proposed_human_decision 和 review_comment，确认链接保留、修订或移除。,确认该程序确实支撑本手册条款，且仍为 LIMS 当前 2022 现行程序。,no,yes
STG2-LINK-015,GR-11,stage2_structured_review,XZTC/CX-02-2022,manual_v5_candidate_6_1->procedure_document:XZTC/CX-02-2022,质量负责人/技术负责人/文件管理员,closed,stage2_structured_review_workbench/05-人工复核意见回填模板.csv,填写 proposed_human_decision 和 review_comment，确认链接保留、修订或移除。,确认该程序确实支撑本手册条款，且仍为 LIMS 当前 2022 现行程序。,no,yes
STG2-LINK-016,GR-11,stage2_structured_review,XZTC/CX-03-2022,manual_v5_candidate_6_1->procedure_document:XZTC/CX-03-2022,质量负责人/技术负责人/文件管理员,closed,stage2_structured_review_workbench/05-人工复核意见回填模板.csv,填写 proposed_human_decision 和 review_comment，确认链接保留、修订或移除。,确认该程序确实支撑本手册条款，且仍为 LIMS 当前 2022 现行程序。,no,yes
STG2-LINK-017,GR-11,stage2_structured_review,XZTC/CX-11-2022,manual_v5_candidate_6_1->procedure_document:XZTC/CX-11-2022,质量负责人/技术负责人/文件管理员,closed,stage2_structured_review_workbench/05-人工复核意见回填模板.csv,填写 proposed_human_decision 和 review_comment，确认链接保留、修订或移除。,确认该程序确实支撑本手册条款，且仍为 LIMS 当前 2022 现行程序。,no,yes
STG2-LINK-018,GR-11,stage2_structured_review,JL-5-01,manual_v5_candidate_6_1->record_form_template:JL-5-01,质量负责人/技术负责人/文件管理员,closed,stage2_structured_review_workbench/05-人工复核意见回填模板.csv,填写 proposed_human_decision 和 review_comment，确认链接保留、修订或移除。,确认候选记录模板字段、触发时机、责任岗位和保存要求适用于本条款。,no,yes
STG2-LINK-019,GR-11,stage2_structured_review,XZTC/CX-01-02-2022,manual_v5_candidate_6_2->procedure_document:XZTC/CX-01-02-2022,质量负责人/技术负责人/文件管理员,closed,stage2_structured_review_workbench/05-人工复核意见回填模板.csv,填写 proposed_human_decision 和 review_comment，确认链接保留、修订或移除。,确认该程序确实支撑本手册条款，且仍为 LIMS 当前 2022 现行程序。,no,yes
STG2-LINK-020,GR-11,stage2_structured_review,XZTC/CX-01-2022,manual_v5_candidate_6_2->procedure_document:XZTC/CX-01-2022,质量负责人/技术负责人/文件管理员,closed,stage2_structured_review_workbench/05-人工复核意见回填模板.csv,填写 proposed_human_decision 和 review_comment，确认链接保留、修订或移除。,确认该程序确实支撑本手册条款，且仍为 LIMS 当前 2022 现行程序。,no,yes
STG2-LINK-021,GR-11,stage2_structured_review,XZTC/CX-31-2022,manual_v5_candidate_6_2->procedure_document:XZTC/CX-31-2022,质量负责人/技术负责人/文件管理员,closed,stage2_structured_review_workbench/05-人工复核意见回填模板.csv,填写 proposed_human_decision 和 review_comment，确认链接保留、修订或移除。,确认该程序确实支撑本手册条款，且仍为 LIMS 当前 2022 现行程序。,no,yes
STG2-LINK-022,GR-11,stage2_structured_review,JL-6.2-01,manual_v5_candidate_6_2->record_form_template:JL-6.2-01,质量负责人/技术负责人/文件管理员,closed,stage2_structured_review_workbench/05-人工复核意见回填模板.csv,填写 proposed_human_decision 和 review_comment，确认链接保留、修订或移除。,确认候选记录模板字段、触发时机、责任岗位和保存要求适用于本条款。,no,yes
STG2-LINK-023,GR-11,stage2_structured_review,XZTC/CX-02-2022,manual_v5_candidate_6_3->procedure_document:XZTC/CX-02-2022,质量负责人/技术负责人/文件管理员,closed,stage2_structured_review_workbench/05-人工复核意见回填模板.csv,填写 proposed_human_decision 和 review_comment，确认链接保留、修订或移除。,确认该程序确实支撑本手册条款，且仍为 LIMS 当前 2022 现行程序。,no,yes
STG2-LINK-024,GR-11,stage2_structured_review,XZTC/CX-31-2022,manual_v5_candidate_6_3->procedure_document:XZTC/CX-31-2022,质量负责人/技术负责人/文件管理员,closed,stage2_structured_review_workbench/05-人工复核意见回填模板.csv,填写 proposed_human_decision 和 review_comment，确认链接保留、修订或移除。,确认该程序确实支撑本手册条款，且仍为 LIMS 当前 2022 现行程序。,no,yes
STG2-LINK-025,GR-11,stage2_structured_review,XZTC/CX-33-2022,manual_v5_candidate_6_3->procedure_document:XZTC/CX-33-2022,质量负责人/技术负责人/文件管理员,closed,stage2_structured_review_workbench/05-人工复核意见回填模板.csv,填写 proposed_human_decision 和 review_comment，确认链接保留、修订或移除。,确认该程序确实支撑本手册条款，且仍为 LIMS 当前 2022 现行程序。,no,yes
STG2-LINK-026,GR-11,stage2_structured_review,JL-6.3-01,manual_v5_candidate_6_3->record_form_template:JL-6.3-01,质量负责人/技术负责人/文件管理员,closed,stage2_structured_review_workbench/05-人工复核意见回填模板.csv,填写 proposed_human_decision 和 review_comment，确认链接保留、修订或移除。,确认候选记录模板字段、触发时机、责任岗位和保存要求适用于本条款。,no,yes
STG2-LINK-027,GR-11,stage2_structured_review,XZTC/CX-03-02-2022,manual_v5_candidate_6_4->procedure_document:XZTC/CX-03-02-2022,质量负责人/技术负责人/文件管理员,closed,stage2_structured_review_workbench/05-人工复核意见回填模板.csv,填写 proposed_human_decision 和 review_comment，确认链接保留、修订或移除。,确认该程序确实支撑本手册条款，且仍为 LIMS 当前 2022 现行程序。,no,yes
STG2-LINK-028,GR-11,stage2_structured_review,XZTC/CX-03-2022,manual_v5_candidate_6_4->procedure_document:XZTC/CX-03-2022,质量负责人/技术负责人/文件管理员,closed,stage2_structured_review_workbench/05-人工复核意见回填模板.csv,填写 proposed_human_decision 和 review_comment，确认链接保留、修订或移除。,确认该程序确实支撑本手册条款，且仍为 LIMS 当前 2022 现行程序。,no,yes
STG2-LINK-029,GR-11,stage2_structured_review,XZTC/CX-04-2022,manual_v5_candidate_6_4->procedure_document:XZTC/CX-04-2022,质量负责人/技术负责人/文件管理员,closed,stage2_structured_review_workbench/05-人工复核意见回填模板.csv,填写 proposed_human_decision 和 review_comment，确认链接保留、修订或移除。,确认该程序确实支撑本手册条款，且仍为 LIMS 当前 2022 现行程序。,no,yes
STG2-LINK-030,GR-11,stage2_structured_review,XZTC/CX-05-02-2022,manual_v5_candidate_6_4->attachment_form_document:XZTC/CX-05-02-2022,质量负责人/技术负责人/文件管理员,closed,stage2_structured_review_workbench/05-人工复核意见回填模板.csv,填写 proposed_human_decision 和 review_comment，确认链接保留、修订或移除。,确认该编号附件/表单的归属、保存方式和后续是否纳入记录模板。,no,yes
STG2-LINK-031,GR-11,stage2_structured_review,JL-6.4-01,manual_v5_candidate_6_4->record_form_template:JL-6.4-01,质量负责人/技术负责人/文件管理员,closed,stage2_structured_review_workbench/05-人工复核意见回填模板.csv,填写 proposed_human_decision 和 review_comment，确认链接保留、修订或移除。,确认候选记录模板字段、触发时机、责任岗位和保存要求适用于本条款。,no,yes
STG2-LINK-032,GR-11,stage2_structured_review,XZTC/CX-03-02-2022,manual_v5_candidate_6_5->procedure_document:XZTC/CX-03-02-2022,质量负责人/技术负责人/文件管理员,closed,stage2_structured_review_workbench/05-人工复核意见回填模板.csv,填写 proposed_human_decision 和 review_comment，确认链接保留、修订或移除。,确认该程序确实支撑本手册条款，且仍为 LIMS 当前 2022 现行程序。,no,yes
STG2-LINK-033,GR-11,stage2_structured_review,XZTC/CX-05-2022,manual_v5_candidate_6_5->procedure_document:XZTC/CX-05-2022,质量负责人/技术负责人/文件管理员,closed,stage2_structured_review_workbench/05-人工复核意见回填模板.csv,填写 proposed_human_decision 和 review_comment，确认链接保留、修订或移除。,确认该程序确实支撑本手册条款，且仍为 LIMS 当前 2022 现行程序。,no,yes
STG2-LINK-034,GR-11,stage2_structured_review,XZTC/CX-05-02-2022,manual_v5_candidate_6_5->attachment_form_document:XZTC/CX-05-02-2022,质量负责人/技术负责人/文件管理员,closed,stage2_structured_review_workbench/05-人工复核意见回填模板.csv,填写 proposed_human_decision 和 review_comment，确认链接保留、修订或移除。,确认该编号附件/表单的归属、保存方式和后续是否纳入记录模板。,no,yes
STG2-LINK-035,GR-11,stage2_structured_review,JL-6.5-01,manual_v5_candidate_6_5->record_form_template:JL-6.5-01,质量负责人/技术负责人/文件管理员,closed,stage2_structured_review_workbench/05-人工复核意见回填模板.csv,填写 proposed_human_decision 和 review_comment，确认链接保留、修订或移除。,确认候选记录模板字段、触发时机、责任岗位和保存要求适用于本条款。,no,yes
STG2-LINK-036,GR-11,stage2_structured_review,XZTC/CX-11-2022,manual_v5_candidate_6_6->procedure_document:XZTC/CX-11-2022,质量负责人/技术负责人/文件管理员,closed,stage2_structured_review_workbench/05-人工复核意见回填模板.csv,填写 proposed_human_decision 和 review_comment，确认链接保留、修订或移除。,确认该程序确实支撑本手册条款，且仍为 LIMS 当前 2022 现行程序。,no,yes
STG2-LINK-037,GR-11,stage2_structured_review,XZTC/CX-19-2022,manual_v5_candidate_6_6->procedure_document:XZTC/CX-19-2022,质量负责人/技术负责人/文件管理员,closed,stage2_structured_review_workbench/05-人工复核意见回填模板.csv,填写 proposed_human_decision 和 review_comment，确认链接保留、修订或移除。,确认该程序确实支撑本手册条款，且仍为 LIMS 当前 2022 现行程序。,no,yes
STG2-LINK-038,GR-11,stage2_structured_review,XZTC/CX-32-2022,manual_v5_candidate_6_6->procedure_document:XZTC/CX-32-2022,质量负责人/技术负责人/文件管理员,closed,stage2_structured_review_workbench/05-人工复核意见回填模板.csv,填写 proposed_human_decision 和 review_comment，确认链接保留、修订或移除。,确认该程序确实支撑本手册条款，且仍为 LIMS 当前 2022 现行程序。,no,yes
STG2-LINK-039,GR-11,stage2_structured_review,JL-6.6-01,manual_v5_candidate_6_6->record_form_template:JL-6.6-01,质量负责人/技术负责人/文件管理员,closed,stage2_structured_review_workbench/05-人工复核意见回填模板.csv,填写 proposed_human_decision 和 review_comment，确认链接保留、修订或移除。,确认候选记录模板字段、触发时机、责任岗位和保存要求适用于本条款。,no,yes
STG2-LINK-040,GR-11,stage2_structured_review,XZTC/CX-08-2022,manual_v5_candidate_7_1->procedure_document:XZTC/CX-08-2022,质量负责人/技术负责人/文件管理员,closed,stage2_structured_review_workbench/05-人工复核意见回填模板.csv,填写 proposed_human_decision 和 review_comment，确认链接保留、修订或移除。,确认该程序确实支撑本手册条款，且仍为 LIMS 当前 2022 现行程序。,no,yes
STG2-LINK-041,GR-11,stage2_structured_review,XZTC/CX-09-2022,manual_v5_candidate_7_1->procedure_document:XZTC/CX-09-2022,质量负责人/技术负责人/文件管理员,closed,stage2_structured_review_workbench/05-人工复核意见回填模板.csv,填写 proposed_human_decision 和 review_comment，确认链接保留、修订或移除。,确认该程序确实支撑本手册条款，且仍为 LIMS 当前 2022 现行程序。,no,yes
STG2-LINK-042,GR-11,stage2_structured_review,XZTC/CX-12-2022,manual_v5_candidate_7_1->procedure_document:XZTC/CX-12-2022,质量负责人/技术负责人/文件管理员,closed,stage2_structured_review_workbench/05-人工复核意见回填模板.csv,填写 proposed_human_decision 和 review_comment，确认链接保留、修订或移除。,确认该程序确实支撑本手册条款，且仍为 LIMS 当前 2022 现行程序。,no,yes
STG2-LINK-043,GR-11,stage2_structured_review,JL-7.1-01,manual_v5_candidate_7_1->record_form_template:JL-7.1-01,质量负责人/技术负责人/文件管理员,closed,stage2_structured_review_workbench/05-人工复核意见回填模板.csv,填写 proposed_human_decision 和 review_comment，确认链接保留、修订或移除。,确认候选记录模板字段、触发时机、责任岗位和保存要求适用于本条款。,no,yes
STG2-LINK-044,GR-11,stage2_structured_review,XZTC/CX-22-2022,manual_v5_candidate_7_2->procedure_document:XZTC/CX-22-2022,质量负责人/技术负责人/文件管理员,closed,stage2_structured_review_workbench/05-人工复核意见回填模板.csv,填写 proposed_human_decision 和 review_comment，确认链接保留、修订或移除。,确认该程序确实支撑本手册条款，且仍为 LIMS 当前 2022 现行程序。,no,yes
STG2-LINK-045,GR-11,stage2_structured_review,XZTC/CX-23-2022,manual_v5_candidate_7_2->procedure_document:XZTC/CX-23-2022,质量负责人/技术负责人/文件管理员,closed,stage2_structured_review_workbench/05-人工复核意见回填模板.csv,填写 proposed_human_decision 和 review_comment，确认链接保留、修订或移除。,确认该程序确实支撑本手册条款，且仍为 LIMS 当前 2022 现行程序。,no,yes
STG2-LINK-046,GR-11,stage2_structured_review,XZTC/CX-24-2022,manual_v5_candidate_7_2->procedure_document:XZTC/CX-24-2022,质量负责人/技术负责人/文件管理员,closed,stage2_structured_review_workbench/05-人工复核意见回填模板.csv,填写 proposed_human_decision 和 review_comment，确认链接保留、修订或移除。,确认该程序确实支撑本手册条款，且仍为 LIMS 当前 2022 现行程序。,no,yes
STG2-LINK-047,GR-11,stage2_structured_review,XZTC/CX-27-2022,manual_v5_candidate_7_2->procedure_document:XZTC/CX-27-2022,质量负责人/技术负责人/文件管理员,closed,stage2_structured_review_workbench/05-人工复核意见回填模板.csv,填写 proposed_human_decision 和 review_comment，确认链接保留、修订或移除。,确认该程序确实支撑本手册条款，且仍为 LIMS 当前 2022 现行程序。,no,yes
STG2-LINK-048,GR-11,stage2_structured_review,JL-7.2-01,manual_v5_candidate_7_2->record_form_template:JL-7.2-01,质量负责人/技术负责人/文件管理员,closed,stage2_structured_review_workbench/05-人工复核意见回填模板.csv,填写 proposed_human_decision 和 review_comment，确认链接保留、修订或移除。,确认候选记录模板字段、触发时机、责任岗位和保存要求适用于本条款。,no,yes
STG2-LINK-049,GR-11,stage2_structured_review,XZTC/CX-09-2022,manual_v5_candidate_7_3->procedure_document:XZTC/CX-09-2022,质量负责人/技术负责人/文件管理员,closed,stage2_structured_review_workbench/05-人工复核意见回填模板.csv,填写 proposed_human_decision 和 review_comment，确认链接保留、修订或移除。,确认该程序确实支撑本手册条款，且仍为 LIMS 当前 2022 现行程序。,no,yes
STG2-LINK-050,GR-11,stage2_structured_review,XZTC/CX-28-2022,manual_v5_candidate_7_3->procedure_document:XZTC/CX-28-2022,质量负责人/技术负责人/文件管理员,closed,stage2_structured_review_workbench/05-人工复核意见回填模板.csv,填写 proposed_human_decision 和 review_comment，确认链接保留、修订或移除。,确认该程序确实支撑本手册条款，且仍为 LIMS 当前 2022 现行程序。,no,yes
STG2-LINK-051,GR-11,stage2_structured_review,XZTC/CX-35-2022,manual_v5_candidate_7_3->procedure_document:XZTC/CX-35-2022,质量负责人/技术负责人/文件管理员,closed,stage2_structured_review_workbench/05-人工复核意见回填模板.csv,填写 proposed_human_decision 和 review_comment，确认链接保留、修订或移除。,确认该程序确实支撑本手册条款，且仍为 LIMS 当前 2022 现行程序。,no,yes
STG2-LINK-052,GR-11,stage2_structured_review,JL-7.3-01,manual_v5_candidate_7_3->record_form_template:JL-7.3-01,质量负责人/技术负责人/文件管理员,closed,stage2_structured_review_workbench/05-人工复核意见回填模板.csv,填写 proposed_human_decision 和 review_comment，确认链接保留、修订或移除。,确认候选记录模板字段、触发时机、责任岗位和保存要求适用于本条款。,no,yes
STG2-LINK-053,GR-11,stage2_structured_review,XZTC/CX-06-2022,manual_v5_candidate_7_4->procedure_document:XZTC/CX-06-2022,质量负责人/技术负责人/文件管理员,closed,stage2_structured_review_workbench/05-人工复核意见回填模板.csv,填写 proposed_human_decision 和 review_comment，确认链接保留、修订或移除。,确认该程序确实支撑本手册条款，且仍为 LIMS 当前 2022 现行程序。,no,yes
STG2-LINK-054,GR-11,stage2_structured_review,XZTC/CX-25-2022,manual_v5_candidate_7_4->procedure_document:XZTC/CX-25-2022,质量负责人/技术负责人/文件管理员,closed,stage2_structured_review_workbench/05-人工复核意见回填模板.csv,填写 proposed_human_decision 和 review_comment，确认链接保留、修订或移除。,确认该程序确实支撑本手册条款，且仍为 LIMS 当前 2022 现行程序。,no,yes
STG2-LINK-055,GR-11,stage2_structured_review,XZTC/CX-28-2022,manual_v5_candidate_7_4->procedure_document:XZTC/CX-28-2022,质量负责人/技术负责人/文件管理员,closed,stage2_structured_review_workbench/05-人工复核意见回填模板.csv,填写 proposed_human_decision 和 review_comment，确认链接保留、修订或移除。,确认该程序确实支撑本手册条款，且仍为 LIMS 当前 2022 现行程序。,no,yes
STG2-LINK-056,GR-11,stage2_structured_review,JL-7.4-01,manual_v5_candidate_7_4->record_form_template:JL-7.4-01,质量负责人/技术负责人/文件管理员,closed,stage2_structured_review_workbench/05-人工复核意见回填模板.csv,填写 proposed_human_decision 和 review_comment，确认链接保留、修订或移除。,确认候选记录模板字段、触发时机、责任岗位和保存要求适用于本条款。,no,yes
STG2-LINK-057,GR-11,stage2_structured_review,XZTC/CX-19-2022,manual_v5_candidate_7_5->procedure_document:XZTC/CX-19-2022,质量负责人/技术负责人/文件管理员,closed,stage2_structured_review_workbench/05-人工复核意见回填模板.csv,填写 proposed_human_decision 和 review_comment，确认链接保留、修订或移除。,确认该程序确实支撑本手册条款，且仍为 LIMS 当前 2022 现行程序。,no,yes
STG2-LINK-058,GR-11,stage2_structured_review,XZTC/CX-25-2022,manual_v5_candidate_7_5->procedure_document:XZTC/CX-25-2022,质量负责人/技术负责人/文件管理员,closed,stage2_structured_review_workbench/05-人工复核意见回填模板.csv,填写 proposed_human_decision 和 review_comment，确认链接保留、修订或移除。,确认该程序确实支撑本手册条款，且仍为 LIMS 当前 2022 现行程序。,no,yes
STG2-LINK-059,GR-11,stage2_structured_review,XZTC/CX-26-2022,manual_v5_candidate_7_5->procedure_document:XZTC/CX-26-2022,质量负责人/技术负责人/文件管理员,closed,stage2_structured_review_workbench/05-人工复核意见回填模板.csv,填写 proposed_human_decision 和 review_comment，确认链接保留、修订或移除。,确认该程序确实支撑本手册条款，且仍为 LIMS 当前 2022 现行程序。,no,yes
STG2-LINK-060,GR-11,stage2_structured_review,JL-7.5-01,manual_v5_candidate_7_5->record_form_template:JL-7.5-01,质量负责人/技术负责人/文件管理员,closed,stage2_structured_review_workbench/05-人工复核意见回填模板.csv,填写 proposed_human_decision 和 review_comment，确认链接保留、修订或移除。,确认候选记录模板字段、触发时机、责任岗位和保存要求适用于本条款。,no,yes
STG2-LINK-061,GR-11,stage2_structured_review,XZTC/CX-22-2022,manual_v5_candidate_7_6->procedure_document:XZTC/CX-22-2022,质量负责人/技术负责人/文件管理员,closed,stage2_structured_review_workbench/05-人工复核意见回填模板.csv,填写 proposed_human_decision 和 review_comment，确认链接保留、修订或移除。,确认该程序确实支撑本手册条款，且仍为 LIMS 当前 2022 现行程序。,no,yes
STG2-LINK-062,GR-11,stage2_structured_review,XZTC/CX-27-2022,manual_v5_candidate_7_6->procedure_document:XZTC/CX-27-2022,质量负责人/技术负责人/文件管理员,closed,stage2_structured_review_workbench/05-人工复核意见回填模板.csv,填写 proposed_human_decision 和 review_comment，确认链接保留、修订或移除。,确认该程序确实支撑本手册条款，且仍为 LIMS 当前 2022 现行程序。,no,yes
STG2-LINK-063,GR-11,stage2_structured_review,XZTC/CX-30-2022,manual_v5_candidate_7_6->procedure_document:XZTC/CX-30-2022,质量负责人/技术负责人/文件管理员,closed,stage2_structured_review_workbench/05-人工复核意见回填模板.csv,填写 proposed_human_decision 和 review_comment，确认链接保留、修订或移除。,确认该程序确实支撑本手册条款，且仍为 LIMS 当前 2022 现行程序。,no,yes
STG2-LINK-064,GR-11,stage2_structured_review,JL-7.6-01,manual_v5_candidate_7_6->record_form_template:JL-7.6-01,质量负责人/技术负责人/文件管理员,closed,stage2_structured_review_workbench/05-人工复核意见回填模板.csv,填写 proposed_human_decision 和 review_comment，确认链接保留、修订或移除。,确认候选记录模板字段、触发时机、责任岗位和保存要求适用于本条款。,no,yes
STG2-LINK-065,GR-11,stage2_structured_review,XZTC/CX-15-2022,manual_v5_candidate_7_7->procedure_document:XZTC/CX-15-2022,质量负责人/技术负责人/文件管理员,closed,stage2_structured_review_workbench/05-人工复核意见回填模板.csv,填写 proposed_human_decision 和 review_comment，确认链接保留、修订或移除。,确认该程序确实支撑本手册条款，且仍为 LIMS 当前 2022 现行程序。,no,yes
STG2-LINK-066,GR-11,stage2_structured_review,XZTC/CX-16-2022,manual_v5_candidate_7_7->procedure_document:XZTC/CX-16-2022,质量负责人/技术负责人/文件管理员,closed,stage2_structured_review_workbench/05-人工复核意见回填模板.csv,填写 proposed_human_decision 和 review_comment，确认链接保留、修订或移除。,确认该程序确实支撑本手册条款，且仍为 LIMS 当前 2022 现行程序。,no,yes
STG2-LINK-067,GR-11,stage2_structured_review,XZTC/CX-30-2022,manual_v5_candidate_7_7->procedure_document:XZTC/CX-30-2022,质量负责人/技术负责人/文件管理员,closed,stage2_structured_review_workbench/05-人工复核意见回填模板.csv,填写 proposed_human_decision 和 review_comment，确认链接保留、修订或移除。,确认该程序确实支撑本手册条款，且仍为 LIMS 当前 2022 现行程序。,no,yes
STG2-LINK-068,GR-11,stage2_structured_review,XZTC/CX-34-2022,manual_v5_candidate_7_7->procedure_document:XZTC/CX-34-2022,质量负责人/技术负责人/文件管理员,closed,stage2_structured_review_workbench/05-人工复核意见回填模板.csv,填写 proposed_human_decision 和 review_comment，确认链接保留、修订或移除。,确认该程序确实支撑本手册条款，且仍为 LIMS 当前 2022 现行程序。,no,yes
STG2-LINK-069,GR-11,stage2_structured_review,JL-7.7-01,manual_v5_candidate_7_7->record_form_template:JL-7.7-01,质量负责人/技术负责人/文件管理员,closed,stage2_structured_review_workbench/05-人工复核意见回填模板.csv,填写 proposed_human_decision 和 review_comment，确认链接保留、修订或移除。,确认候选记录模板字段、触发时机、责任岗位和保存要求适用于本条款。,no,yes
STG2-LINK-070,GR-11,stage2_structured_review,XZTC/CX-06-2022,manual_v5_candidate_7_8->procedure_document:XZTC/CX-06-2022,质量负责人/技术负责人/文件管理员,closed,stage2_structured_review_workbench/05-人工复核意见回填模板.csv,填写 proposed_human_decision 和 review_comment，确认链接保留、修订或移除。,确认该程序确实支撑本手册条款，且仍为 LIMS 当前 2022 现行程序。,no,yes
STG2-LINK-071,GR-11,stage2_structured_review,XZTC/CX-26-2022,manual_v5_candidate_7_8->procedure_document:XZTC/CX-26-2022,质量负责人/技术负责人/文件管理员,closed,stage2_structured_review_workbench/05-人工复核意见回填模板.csv,填写 proposed_human_decision 和 review_comment，确认链接保留、修订或移除。,确认该程序确实支撑本手册条款，且仍为 LIMS 当前 2022 现行程序。,no,yes
STG2-LINK-072,GR-11,stage2_structured_review,XZTC/CX-29-2022,manual_v5_candidate_7_8->procedure_document:XZTC/CX-29-2022,质量负责人/技术负责人/文件管理员,closed,stage2_structured_review_workbench/05-人工复核意见回填模板.csv,填写 proposed_human_decision 和 review_comment，确认链接保留、修订或移除。,确认该程序确实支撑本手册条款，且仍为 LIMS 当前 2022 现行程序。,no,yes
STG2-LINK-073,GR-11,stage2_structured_review,JL-7.8-01,manual_v5_candidate_7_8->record_form_template:JL-7.8-01,质量负责人/技术负责人/文件管理员,closed,stage2_structured_review_workbench/05-人工复核意见回填模板.csv,填写 proposed_human_decision 和 review_comment，确认链接保留、修订或移除。,确认候选记录模板字段、触发时机、责任岗位和保存要求适用于本条款。,no,yes
STG2-LINK-074,GR-11,stage2_structured_review,XZTC/CX-14-2022,manual_v5_candidate_7_9->procedure_document:XZTC/CX-14-2022,质量负责人/技术负责人/文件管理员,closed,stage2_structured_review_workbench/05-人工复核意见回填模板.csv,填写 proposed_human_decision 和 review_comment，确认链接保留、修订或移除。,确认该程序确实支撑本手册条款，且仍为 LIMS 当前 2022 现行程序。,no,yes
STG2-LINK-075,GR-11,stage2_structured_review,XZTC/CX-15-2022,manual_v5_candidate_7_9->procedure_document:XZTC/CX-15-2022,质量负责人/技术负责人/文件管理员,closed,stage2_structured_review_workbench/05-人工复核意见回填模板.csv,填写 proposed_human_decision 和 review_comment，确认链接保留、修订或移除。,确认该程序确实支撑本手册条款，且仍为 LIMS 当前 2022 现行程序。,no,yes
STG2-LINK-076,GR-11,stage2_structured_review,XZTC/CX-16-2022,manual_v5_candidate_7_9->procedure_document:XZTC/CX-16-2022,质量负责人/技术负责人/文件管理员,closed,stage2_structured_review_workbench/05-人工复核意见回填模板.csv,填写 proposed_human_decision 和 review_comment，确认链接保留、修订或移除。,确认该程序确实支撑本手册条款，且仍为 LIMS 当前 2022 现行程序。,no,yes
STG2-LINK-077,GR-11,stage2_structured_review,JL-7.9-01,manual_v5_candidate_7_9->record_form_template:JL-7.9-01,质量负责人/技术负责人/文件管理员,closed,stage2_structured_review_workbench/05-人工复核意见回填模板.csv,填写 proposed_human_decision 和 review_comment，确认链接保留、修订或移除。,确认候选记录模板字段、触发时机、责任岗位和保存要求适用于本条款。,no,yes
STG2-LINK-078,GR-11,stage2_structured_review,XZTC/CX-15-2022,manual_v5_candidate_7_10->procedure_document:XZTC/CX-15-2022,质量负责人/技术负责人/文件管理员,closed,stage2_structured_review_workbench/05-人工复核意见回填模板.csv,填写 proposed_human_decision 和 review_comment，确认链接保留、修订或移除。,确认该程序确实支撑本手册条款，且仍为 LIMS 当前 2022 现行程序。,no,yes
STG2-LINK-079,GR-11,stage2_structured_review,XZTC/CX-16-2022,manual_v5_candidate_7_10->procedure_document:XZTC/CX-16-2022,质量负责人/技术负责人/文件管理员,closed,stage2_structured_review_workbench/05-人工复核意见回填模板.csv,填写 proposed_human_decision 和 review_comment，确认链接保留、修订或移除。,确认该程序确实支撑本手册条款，且仍为 LIMS 当前 2022 现行程序。,no,yes
STG2-LINK-080,GR-11,stage2_structured_review,XZTC/CX-32-2022,manual_v5_candidate_7_10->procedure_document:XZTC/CX-32-2022,质量负责人/技术负责人/文件管理员,closed,stage2_structured_review_workbench/05-人工复核意见回填模板.csv,填写 proposed_human_decision 和 review_comment，确认链接保留、修订或移除。,确认该程序确实支撑本手册条款，且仍为 LIMS 当前 2022 现行程序。,no,yes
STG2-LINK-081,GR-11,stage2_structured_review,JL-7.10-01,manual_v5_candidate_7_10->record_form_template:JL-7.10-01,质量负责人/技术负责人/文件管理员,closed,stage2_structured_review_workbench/05-人工复核意见回填模板.csv,填写 proposed_human_decision 和 review_comment，确认链接保留、修订或移除。,确认候选记录模板字段、触发时机、责任岗位和保存要求适用于本条款。,no,yes
STG2-LINK-082,GR-11,stage2_structured_review,XZTC/CX-08-2022,manual_v5_candidate_7_11->procedure_document:XZTC/CX-08-2022,质量负责人/技术负责人/文件管理员,closed,stage2_structured_review_workbench/05-人工复核意见回填模板.csv,填写 proposed_human_decision 和 review_comment，确认链接保留、修订或移除。,确认该程序确实支撑本手册条款，且仍为 LIMS 当前 2022 现行程序。,no,yes
STG2-LINK-083,GR-11,stage2_structured_review,XZTC/CX-19-2022,manual_v5_candidate_7_11->procedure_document:XZTC/CX-19-2022,质量负责人/技术负责人/文件管理员,closed,stage2_structured_review_workbench/05-人工复核意见回填模板.csv,填写 proposed_human_decision 和 review_comment，确认链接保留、修订或移除。,确认该程序确实支撑本手册条款，且仍为 LIMS 当前 2022 现行程序。,no,yes
STG2-LINK-084,GR-11,stage2_structured_review,XZTC/CX-26-2022,manual_v5_candidate_7_11->procedure_document:XZTC/CX-26-2022,质量负责人/技术负责人/文件管理员,closed,stage2_structured_review_workbench/05-人工复核意见回填模板.csv,填写 proposed_human_decision 和 review_comment，确认链接保留、修订或移除。,确认该程序确实支撑本手册条款，且仍为 LIMS 当前 2022 现行程序。,no,yes
STG2-LINK-085,GR-11,stage2_structured_review,JL-7.11-01,manual_v5_candidate_7_11->record_form_template:JL-7.11-01,质量负责人/技术负责人/文件管理员,closed,stage2_structured_review_workbench/05-人工复核意见回填模板.csv,填写 proposed_human_decision 和 review_comment，确认链接保留、修订或移除。,确认候选记录模板字段、触发时机、责任岗位和保存要求适用于本条款。,no,yes
STG2-LINK-086,GR-11,stage2_structured_review,XZTC/CX-08-2022,manual_v5_candidate_8_1->procedure_document:XZTC/CX-08-2022,质量负责人/技术负责人/文件管理员,closed,stage2_structured_review_workbench/05-人工复核意见回填模板.csv,填写 proposed_human_decision 和 review_comment，确认链接保留、修订或移除。,确认该程序确实支撑本手册条款，且仍为 LIMS 当前 2022 现行程序。,no,yes
STG2-LINK-087,GR-11,stage2_structured_review,XZTC/CX-19-2022,manual_v5_candidate_8_1->procedure_document:XZTC/CX-19-2022,质量负责人/技术负责人/文件管理员,closed,stage2_structured_review_workbench/05-人工复核意见回填模板.csv,填写 proposed_human_decision 和 review_comment，确认链接保留、修订或移除。,确认该程序确实支撑本手册条款，且仍为 LIMS 当前 2022 现行程序。,no,yes
STG2-LINK-088,GR-11,stage2_structured_review,XZTC/CX-20-2022,manual_v5_candidate_8_1->procedure_document:XZTC/CX-20-2022,质量负责人/技术负责人/文件管理员,closed,stage2_structured_review_workbench/05-人工复核意见回填模板.csv,填写 proposed_human_decision 和 review_comment，确认链接保留、修订或移除。,确认该程序确实支撑本手册条款，且仍为 LIMS 当前 2022 现行程序。,no,yes
STG2-LINK-089,GR-11,stage2_structured_review,XZTC/CX-21-2022,manual_v5_candidate_8_1->procedure_document:XZTC/CX-21-2022,质量负责人/技术负责人/文件管理员,closed,stage2_structured_review_workbench/05-人工复核意见回填模板.csv,填写 proposed_human_decision 和 review_comment，确认链接保留、修订或移除。,确认该程序确实支撑本手册条款，且仍为 LIMS 当前 2022 现行程序。,no,yes
STG2-LINK-090,GR-11,stage2_structured_review,JL-8.8-01,manual_v5_candidate_8_1->record_form_template:JL-8.8-01,质量负责人/技术负责人/文件管理员,closed,stage2_structured_review_workbench/05-人工复核意见回填模板.csv,填写 proposed_human_decision 和 review_comment，确认链接保留、修订或移除。,确认候选记录模板字段、触发时机、责任岗位和保存要求适用于本条款。,no,yes
STG2-LINK-091,GR-11,stage2_structured_review,JL-8.9-01,manual_v5_candidate_8_1->record_form_template:JL-8.9-01,质量负责人/技术负责人/文件管理员,closed,stage2_structured_review_workbench/05-人工复核意见回填模板.csv,填写 proposed_human_decision 和 review_comment，确认链接保留、修订或移除。,确认候选记录模板字段、触发时机、责任岗位和保存要求适用于本条款。,no,yes
STG2-LINK-092,GR-11,stage2_structured_review,XZTC/CX-08-2022,manual_v5_candidate_8_2->procedure_document:XZTC/CX-08-2022,质量负责人/技术负责人/文件管理员,closed,stage2_structured_review_workbench/05-人工复核意见回填模板.csv,填写 proposed_human_decision 和 review_comment，确认链接保留、修订或移除。,确认该程序确实支撑本手册条款，且仍为 LIMS 当前 2022 现行程序。,no,yes
STG2-LINK-093,GR-11,stage2_structured_review,XZTC/CX-13-2022,manual_v5_candidate_8_2->procedure_document:XZTC/CX-13-2022,质量负责人/技术负责人/文件管理员,closed,stage2_structured_review_workbench/05-人工复核意见回填模板.csv,填写 proposed_human_decision 和 review_comment，确认链接保留、修订或移除。,确认该程序确实支撑本手册条款，且仍为 LIMS 当前 2022 现行程序。,no,yes
STG2-LINK-094,GR-11,stage2_structured_review,XZTC/CX-19-2022,manual_v5_candidate_8_2->procedure_document:XZTC/CX-19-2022,质量负责人/技术负责人/文件管理员,closed,stage2_structured_review_workbench/05-人工复核意见回填模板.csv,填写 proposed_human_decision 和 review_comment，确认链接保留、修订或移除。,确认该程序确实支撑本手册条款，且仍为 LIMS 当前 2022 现行程序。,no,yes
STG2-LINK-095,GR-11,stage2_structured_review,JL-8.3-01,manual_v5_candidate_8_2->record_form_template:JL-8.3-01,质量负责人/技术负责人/文件管理员,closed,stage2_structured_review_workbench/05-人工复核意见回填模板.csv,填写 proposed_human_decision 和 review_comment，确认链接保留、修订或移除。,确认候选记录模板字段、触发时机、责任岗位和保存要求适用于本条款。,no,yes
STG2-LINK-096,GR-11,stage2_structured_review,XZTC/CX-08-2022,manual_v5_candidate_8_3->procedure_document:XZTC/CX-08-2022,质量负责人/技术负责人/文件管理员,closed,stage2_structured_review_workbench/05-人工复核意见回填模板.csv,填写 proposed_human_decision 和 review_comment，确认链接保留、修订或移除。,确认该程序确实支撑本手册条款，且仍为 LIMS 当前 2022 现行程序。,no,yes
STG2-LINK-097,GR-11,stage2_structured_review,XZTC/CX-26-2022,manual_v5_candidate_8_3->procedure_document:XZTC/CX-26-2022,质量负责人/技术负责人/文件管理员,closed,stage2_structured_review_workbench/05-人工复核意见回填模板.csv,填写 proposed_human_decision 和 review_comment，确认链接保留、修订或移除。,确认该程序确实支撑本手册条款，且仍为 LIMS 当前 2022 现行程序。,no,yes
STG2-LINK-098,GR-11,stage2_structured_review,JL-8.3-01,manual_v5_candidate_8_3->record_form_template:JL-8.3-01,质量负责人/技术负责人/文件管理员,closed,stage2_structured_review_workbench/05-人工复核意见回填模板.csv,填写 proposed_human_decision 和 review_comment，确认链接保留、修订或移除。,确认候选记录模板字段、触发时机、责任岗位和保存要求适用于本条款。,no,yes
STG2-LINK-099,GR-11,stage2_structured_review,XZTC/CX-06-2022,manual_v5_candidate_8_4->procedure_document:XZTC/CX-06-2022,质量负责人/技术负责人/文件管理员,closed,stage2_structured_review_workbench/05-人工复核意见回填模板.csv,填写 proposed_human_decision 和 review_comment，确认链接保留、修订或移除。,确认该程序确实支撑本手册条款，且仍为 LIMS 当前 2022 现行程序。,no,yes
STG2-LINK-100,GR-11,stage2_structured_review,XZTC/CX-19-2022,manual_v5_candidate_8_4->procedure_document:XZTC/CX-19-2022,质量负责人/技术负责人/文件管理员,closed,stage2_structured_review_workbench/05-人工复核意见回填模板.csv,填写 proposed_human_decision 和 review_comment，确认链接保留、修订或移除。,确认该程序确实支撑本手册条款，且仍为 LIMS 当前 2022 现行程序。,no,yes
STG2-LINK-101,GR-11,stage2_structured_review,XZTC/CX-26-2022,manual_v5_candidate_8_4->procedure_document:XZTC/CX-26-2022,质量负责人/技术负责人/文件管理员,closed,stage2_structured_review_workbench/05-人工复核意见回填模板.csv,填写 proposed_human_decision 和 review_comment，确认链接保留、修订或移除。,确认该程序确实支撑本手册条款，且仍为 LIMS 当前 2022 现行程序。,no,yes
STG2-LINK-102,GR-11,stage2_structured_review,JL-8.4-01,manual_v5_candidate_8_4->record_form_template:JL-8.4-01,质量负责人/技术负责人/文件管理员,closed,stage2_structured_review_workbench/05-人工复核意见回填模板.csv,填写 proposed_human_decision 和 review_comment，确认链接保留、修订或移除。,确认候选记录模板字段、触发时机、责任岗位和保存要求适用于本条款。,no,yes
STG2-LINK-103,GR-11,stage2_structured_review,XZTC/CX-17-2022,manual_v5_candidate_8_5->procedure_document:XZTC/CX-17-2022,质量负责人/技术负责人/文件管理员,closed,stage2_structured_review_workbench/05-人工复核意见回填模板.csv,填写 proposed_human_decision 和 review_comment，确认链接保留、修订或移除。,确认该程序确实支撑本手册条款，且仍为 LIMS 当前 2022 现行程序。,no,yes
STG2-LINK-104,GR-11,stage2_structured_review,XZTC/CX-18-2022,manual_v5_candidate_8_5->procedure_document:XZTC/CX-18-2022,质量负责人/技术负责人/文件管理员,closed,stage2_structured_review_workbench/05-人工复核意见回填模板.csv,填写 proposed_human_decision 和 review_comment，确认链接保留、修订或移除。,确认该程序确实支撑本手册条款，且仍为 LIMS 当前 2022 现行程序。,no,yes
STG2-LINK-105,GR-11,stage2_structured_review,XZTC/CX-32-2022,manual_v5_candidate_8_5->procedure_document:XZTC/CX-32-2022,质量负责人/技术负责人/文件管理员,closed,stage2_structured_review_workbench/05-人工复核意见回填模板.csv,填写 proposed_human_decision 和 review_comment，确认链接保留、修订或移除。,确认该程序确实支撑本手册条款，且仍为 LIMS 当前 2022 现行程序。,no,yes
STG2-LINK-106,GR-11,stage2_structured_review,JL-8.5-01,manual_v5_candidate_8_5->record_form_template:JL-8.5-01,质量负责人/技术负责人/文件管理员,closed,stage2_structured_review_workbench/05-人工复核意见回填模板.csv,填写 proposed_human_decision 和 review_comment，确认链接保留、修订或移除。,确认候选记录模板字段、触发时机、责任岗位和保存要求适用于本条款。,no,yes
STG2-LINK-107,GR-11,stage2_structured_review,XZTC/CX-12-2022,manual_v5_candidate_8_6->procedure_document:XZTC/CX-12-2022,质量负责人/技术负责人/文件管理员,closed,stage2_structured_review_workbench/05-人工复核意见回填模板.csv,填写 proposed_human_decision 和 review_comment，确认链接保留、修订或移除。,确认该程序确实支撑本手册条款，且仍为 LIMS 当前 2022 现行程序。,no,yes
STG2-LINK-108,GR-11,stage2_structured_review,XZTC/CX-18-2022,manual_v5_candidate_8_6->procedure_document:XZTC/CX-18-2022,质量负责人/技术负责人/文件管理员,closed,stage2_structured_review_workbench/05-人工复核意见回填模板.csv,填写 proposed_human_decision 和 review_comment，确认链接保留、修订或移除。,确认该程序确实支撑本手册条款，且仍为 LIMS 当前 2022 现行程序。,no,yes
STG2-LINK-109,GR-11,stage2_structured_review,XZTC/CX-20-2022,manual_v5_candidate_8_6->procedure_document:XZTC/CX-20-2022,质量负责人/技术负责人/文件管理员,closed,stage2_structured_review_workbench/05-人工复核意见回填模板.csv,填写 proposed_human_decision 和 review_comment，确认链接保留、修订或移除。,确认该程序确实支撑本手册条款，且仍为 LIMS 当前 2022 现行程序。,no,yes
STG2-LINK-110,GR-11,stage2_structured_review,XZTC/CX-21-2022,manual_v5_candidate_8_6->procedure_document:XZTC/CX-21-2022,质量负责人/技术负责人/文件管理员,closed,stage2_structured_review_workbench/05-人工复核意见回填模板.csv,填写 proposed_human_decision 和 review_comment，确认链接保留、修订或移除。,确认该程序确实支撑本手册条款，且仍为 LIMS 当前 2022 现行程序。,no,yes
STG2-LINK-111,GR-11,stage2_structured_review,JL-8.6-01,manual_v5_candidate_8_6->record_form_template:JL-8.6-01,质量负责人/技术负责人/文件管理员,closed,stage2_structured_review_workbench/05-人工复核意见回填模板.csv,填写 proposed_human_decision 和 review_comment，确认链接保留、修订或移除。,确认候选记录模板字段、触发时机、责任岗位和保存要求适用于本条款。,no,yes
STG2-LINK-112,GR-11,stage2_structured_review,XZTC/CX-15-2022,manual_v5_candidate_8_7->procedure_document:XZTC/CX-15-2022,质量负责人/技术负责人/文件管理员,closed,stage2_structured_review_workbench/05-人工复核意见回填模板.csv,填写 proposed_human_decision 和 review_comment，确认链接保留、修订或移除。,确认该程序确实支撑本手册条款，且仍为 LIMS 当前 2022 现行程序。,no,yes
STG2-LINK-113,GR-11,stage2_structured_review,XZTC/CX-16-2022,manual_v5_candidate_8_7->procedure_document:XZTC/CX-16-2022,质量负责人/技术负责人/文件管理员,closed,stage2_structured_review_workbench/05-人工复核意见回填模板.csv,填写 proposed_human_decision 和 review_comment，确认链接保留、修订或移除。,确认该程序确实支撑本手册条款，且仍为 LIMS 当前 2022 现行程序。,no,yes
STG2-LINK-114,GR-11,stage2_structured_review,XZTC/CX-20-2022,manual_v5_candidate_8_7->procedure_document:XZTC/CX-20-2022,质量负责人/技术负责人/文件管理员,closed,stage2_structured_review_workbench/05-人工复核意见回填模板.csv,填写 proposed_human_decision 和 review_comment，确认链接保留、修订或移除。,确认该程序确实支撑本手册条款，且仍为 LIMS 当前 2022 现行程序。,no,yes
STG2-LINK-115,GR-11,stage2_structured_review,JL-8.7-01,manual_v5_candidate_8_7->record_form_template:JL-8.7-01,质量负责人/技术负责人/文件管理员,closed,stage2_structured_review_workbench/05-人工复核意见回填模板.csv,填写 proposed_human_decision 和 review_comment，确认链接保留、修订或移除。,确认候选记录模板字段、触发时机、责任岗位和保存要求适用于本条款。,no,yes
STG2-LINK-116,GR-11,stage2_structured_review,XZTC/CX-15-2022,manual_v5_candidate_8_8->procedure_document:XZTC/CX-15-2022,质量负责人/技术负责人/文件管理员,closed,stage2_structured_review_workbench/05-人工复核意见回填模板.csv,填写 proposed_human_decision 和 review_comment，确认链接保留、修订或移除。,确认该程序确实支撑本手册条款，且仍为 LIMS 当前 2022 现行程序。,no,yes
STG2-LINK-117,GR-11,stage2_structured_review,XZTC/CX-16-2022,manual_v5_candidate_8_8->procedure_document:XZTC/CX-16-2022,质量负责人/技术负责人/文件管理员,closed,stage2_structured_review_workbench/05-人工复核意见回填模板.csv,填写 proposed_human_decision 和 review_comment，确认链接保留、修订或移除。,确认该程序确实支撑本手册条款，且仍为 LIMS 当前 2022 现行程序。,no,yes
STG2-LINK-118,GR-11,stage2_structured_review,XZTC/CX-19-2022,manual_v5_candidate_8_8->procedure_document:XZTC/CX-19-2022,质量负责人/技术负责人/文件管理员,closed,stage2_structured_review_workbench/05-人工复核意见回填模板.csv,填写 proposed_human_decision 和 review_comment，确认链接保留、修订或移除。,确认该程序确实支撑本手册条款，且仍为 LIMS 当前 2022 现行程序。,no,yes
STG2-LINK-119,GR-11,stage2_structured_review,XZTC/CX-20-2022,manual_v5_candidate_8_8->procedure_document:XZTC/CX-20-2022,质量负责人/技术负责人/文件管理员,closed,stage2_structured_review_workbench/05-人工复核意见回填模板.csv,填写 proposed_human_decision 和 review_comment，确认链接保留、修订或移除。,确认该程序确实支撑本手册条款，且仍为 LIMS 当前 2022 现行程序。,no,yes
STG2-LINK-120,GR-11,stage2_structured_review,JL-8.8-01,manual_v5_candidate_8_8->record_form_template:JL-8.8-01,质量负责人/技术负责人/文件管理员,closed,stage2_structured_review_workbench/05-人工复核意见回填模板.csv,填写 proposed_human_decision 和 review_comment，确认链接保留、修订或移除。,确认候选记录模板字段、触发时机、责任岗位和保存要求适用于本条款。,no,yes
STG2-LINK-121,GR-11,stage2_structured_review,XZTC/CX-16-2022,manual_v5_candidate_8_9->procedure_document:XZTC/CX-16-2022,质量负责人/技术负责人/文件管理员,closed,stage2_structured_review_workbench/05-人工复核意见回填模板.csv,填写 proposed_human_decision 和 review_comment，确认链接保留、修订或移除。,确认该程序确实支撑本手册条款，且仍为 LIMS 当前 2022 现行程序。,no,yes
STG2-LINK-122,GR-11,stage2_structured_review,XZTC/CX-19-2022,manual_v5_candidate_8_9->procedure_document:XZTC/CX-19-2022,质量负责人/技术负责人/文件管理员,closed,stage2_structured_review_workbench/05-人工复核意见回填模板.csv,填写 proposed_human_decision 和 review_comment，确认链接保留、修订或移除。,确认该程序确实支撑本手册条款，且仍为 LIMS 当前 2022 现行程序。,no,yes
STG2-LINK-123,GR-11,stage2_structured_review,XZTC/CX-20-2022,manual_v5_candidate_8_9->procedure_document:XZTC/CX-20-2022,质量负责人/技术负责人/文件管理员,closed,stage2_structured_review_workbench/05-人工复核意见回填模板.csv,填写 proposed_human_decision 和 review_comment，确认链接保留、修订或移除。,确认该程序确实支撑本手册条款，且仍为 LIMS 当前 2022 现行程序。,no,yes
STG2-LINK-124,GR-11,stage2_structured_review,XZTC/CX-21-2022,manual_v5_candidate_8_9->procedure_document:XZTC/CX-21-2022,质量负责人/技术负责人/文件管理员,closed,stage2_structured_review_workbench/05-人工复核意见回填模板.csv,填写 proposed_human_decision 和 review_comment，确认链接保留、修订或移除。,确认该程序确实支撑本手册条款，且仍为 LIMS 当前 2022 现行程序。,no,yes
STG2-LINK-125,GR-11,stage2_structured_review,JL-8.9-01,manual_v5_candidate_8_9->record_form_template:JL-8.9-01,质量负责人/技术负责人/文件管理员,closed,stage2_structured_review_workbench/05-人工复核意见回填模板.csv,填写 proposed_human_decision 和 review_comment，确认链接保留、修订或移除。,确认候选记录模板字段、触发时机、责任岗位和保存要求适用于本条款。,no,yes
USER-APPLY-AUTHORIZATION,GR-13,user_authorization,apply,正式 LIMS apply 授权,用户/总控,closed,.team/任务板.md,确认是否允许进入正式 apply；未确认前不得写生产库。,完整人审、手册修订、人员学习、发布执行、二阶段复核和命令报告,no,yes
