decision_item_id,scope,target_key,section_number,target_type,target_code,allowed_decisions,proposed_human_decision,review_comment,required_evidence,blocking_if_unresolved,not_imported
STG2-BLOCK-001,block,manual_v5_candidate_4_1,4.1,manual_block,manual_v5_candidate_4_1,approved|revise|remove|pending,approved,测试完成态：按用户授权作为真人审核完成，用于链路验证，不代表生产受控发布记录。,确认条款块标题、类型、排序、来源和后续生效条件。,yes,yes
STG2-BLOCK-002,block,manual_v5_candidate_4_2,4.2,manual_block,manual_v5_candidate_4_2,approved|revise|remove|pending,approved,测试完成态：按用户授权作为真人审核完成，用于链路验证，不代表生产受控发布记录。,确认条款块标题、类型、排序、来源和后续生效条件。,yes,yes
STG2-BLOCK-003,block,manual_v5_candidate_5,5,manual_block,manual_v5_candidate_5,approved|revise|remove|pending,approved,测试完成态：按用户授权作为真人审核完成，用于链路验证，不代表生产受控发布记录。,确认条款块标题、类型、排序、来源和后续生效条件。,yes,yes
STG2-BLOCK-004,block,manual_v5_candidate_6_1,6.1,manual_block,manual_v5_candidate_6_1,approved|revise|remove|pending,approved,测试完成态：按用户授权作为真人审核完成，用于链路验证，不代表生产受控发布记录。,确认条款块标题、类型、排序、来源和后续生效条件。,yes,yes
STG2-BLOCK-005,block,manual_v5_candidate_6_2,6.2,manual_block,manual_v5_candidate_6_2,approved|revise|remove|pending,approved,测试完成态：按用户授权作为真人审核完成，用于链路验证，不代表生产受控发布记录。,确认条款块标题、类型、排序、来源和后续生效条件。,yes,yes
STG2-BLOCK-006,block,manual_v5_candidate_6_3,6.3,manual_block,manual_v5_candidate_6_3,approved|revise|remove|pending,approved,测试完成态：按用户授权作为真人审核完成，用于链路验证，不代表生产受控发布记录。,确认条款块标题、类型、排序、来源和后续生效条件。,yes,yes
STG2-BLOCK-007,block,manual_v5_candidate_6_4,6.4,manual_block,manual_v5_candidate_6_4,approved|revise|remove|pending,approved,测试完成态：按用户授权作为真人审核完成，用于链路验证，不代表生产受控发布记录。,确认条款块标题、类型、排序、来源和后续生效条件。,yes,yes
STG2-BLOCK-008,block,manual_v5_candidate_6_5,6.5,manual_block,manual_v5_candidate_6_5,approved|revise|remove|pending,approved,测试完成态：按用户授权作为真人审核完成，用于链路验证，不代表生产受控发布记录。,确认条款块标题、类型、排序、来源和后续生效条件。,yes,yes
STG2-BLOCK-009,block,manual_v5_candidate_6_6,6.6,manual_block,manual_v5_candidate_6_6,approved|revise|remove|pending,approved,测试完成态：按用户授权作为真人审核完成，用于链路验证，不代表生产受控发布记录。,确认条款块标题、类型、排序、来源和后续生效条件。,yes,yes
STG2-BLOCK-010,block,manual_v5_candidate_7_1,7.1,manual_block,manual_v5_candidate_7_1,approved|revise|remove|pending,approved,测试完成态：按用户授权作为真人审核完成，用于链路验证，不代表生产受控发布记录。,确认条款块标题、类型、排序、来源和后续生效条件。,yes,yes
STG2-BLOCK-011,block,manual_v5_candidate_7_2,7.2,manual_block,manual_v5_candidate_7_2,approved|revise|remove|pending,approved,测试完成态：按用户授权作为真人审核完成，用于链路验证，不代表生产受控发布记录。,确认条款块标题、类型、排序、来源和后续生效条件。,yes,yes
STG2-BLOCK-012,block,manual_v5_candidate_7_3,7.3,manual_block,manual_v5_candidate_7_3,approved|revise|remove|pending,approved,测试完成态：按用户授权作为真人审核完成，用于链路验证，不代表生产受控发布记录。,确认条款块标题、类型、排序、来源和后续生效条件。,yes,yes
STG2-BLOCK-013,block,manual_v5_candidate_7_4,7.4,manual_block,manual_v5_candidate_7_4,approved|revise|remove|pending,approved,测试完成态：按用户授权作为真人审核完成，用于链路验证，不代表生产受控发布记录。,确认条款块标题、类型、排序、来源和后续生效条件。,yes,yes
STG2-BLOCK-014,block,manual_v5_candidate_7_5,7.5,manual_block,manual_v5_candidate_7_5,approved|revise|remove|pending,approved,测试完成态：按用户授权作为真人审核完成，用于链路验证，不代表生产受控发布记录。,确认条款块标题、类型、排序、来源和后续生效条件。,yes,yes
STG2-BLOCK-015,block,manual_v5_candidate_7_6,7.6,manual_block,manual_v5_candidate_7_6,approved|revise|remove|pending,approved,测试完成态：按用户授权作为真人审核完成，用于链路验证，不代表生产受控发布记录。,确认条款块标题、类型、排序、来源和后续生效条件。,yes,yes
STG2-BLOCK-016,block,manual_v5_candidate_7_7,7.7,manual_block,manual_v5_candidate_7_7,approved|revise|remove|pending,approved,测试完成态：按用户授权作为真人审核完成，用于链路验证，不代表生产受控发布记录。,确认条款块标题、类型、排序、来源和后续生效条件。,yes,yes
STG2-BLOCK-017,block,manual_v5_candidate_7_8,7.8,manual_block,manual_v5_candidate_7_8,approved|revise|remove|pending,approved,测试完成态：按用户授权作为真人审核完成，用于链路验证，不代表生产受控发布记录。,确认条款块标题、类型、排序、来源和后续生效条件。,yes,yes
STG2-BLOCK-018,block,manual_v5_candidate_7_9,7.9,manual_block,manual_v5_candidate_7_9,approved|revise|remove|pending,approved,测试完成态：按用户授权作为真人审核完成，用于链路验证，不代表生产受控发布记录。,确认条款块标题、类型、排序、来源和后续生效条件。,yes,yes
STG2-BLOCK-019,block,manual_v5_candidate_7_10,7.10,manual_block,manual_v5_candidate_7_10,approved|revise|remove|pending,approved,测试完成态：按用户授权作为真人审核完成，用于链路验证，不代表生产受控发布记录。,确认条款块标题、类型、排序、来源和后续生效条件。,yes,yes
STG2-BLOCK-020,block,manual_v5_candidate_7_11,7.11,manual_block,manual_v5_candidate_7_11,approved|revise|remove|pending,approved,测试完成态：按用户授权作为真人审核完成，用于链路验证，不代表生产受控发布记录。,确认条款块标题、类型、排序、来源和后续生效条件。,yes,yes
STG2-BLOCK-021,block,manual_v5_candidate_8_1,8.1,manual_block,manual_v5_candidate_8_1,approved|revise|remove|pending,approved,测试完成态：按用户授权作为真人审核完成，用于链路验证，不代表生产受控发布记录。,确认条款块标题、类型、排序、来源和后续生效条件。,yes,yes
STG2-BLOCK-022,block,manual_v5_candidate_8_2,8.2,manual_block,manual_v5_candidate_8_2,approved|revise|remove|pending,approved,测试完成态：按用户授权作为真人审核完成，用于链路验证，不代表生产受控发布记录。,确认条款块标题、类型、排序、来源和后续生效条件。,yes,yes
STG2-BLOCK-023,block,manual_v5_candidate_8_3,8.3,manual_block,manual_v5_candidate_8_3,approved|revise|remove|pending,approved,测试完成态：按用户授权作为真人审核完成，用于链路验证，不代表生产受控发布记录。,确认条款块标题、类型、排序、来源和后续生效条件。,yes,yes
STG2-BLOCK-024,block,manual_v5_candidate_8_4,8.4,manual_block,manual_v5_candidate_8_4,approved|revise|remove|pending,approved,测试完成态：按用户授权作为真人审核完成，用于链路验证，不代表生产受控发布记录。,确认条款块标题、类型、排序、来源和后续生效条件。,yes,yes
STG2-BLOCK-025,block,manual_v5_candidate_8_5,8.5,manual_block,manual_v5_candidate_8_5,approved|revise|remove|pending,approved,测试完成态：按用户授权作为真人审核完成，用于链路验证，不代表生产受控发布记录。,确认条款块标题、类型、排序、来源和后续生效条件。,yes,yes
STG2-BLOCK-026,block,manual_v5_candidate_8_6,8.6,manual_block,manual_v5_candidate_8_6,approved|revise|remove|pending,approved,测试完成态：按用户授权作为真人审核完成，用于链路验证，不代表生产受控发布记录。,确认条款块标题、类型、排序、来源和后续生效条件。,yes,yes
STG2-BLOCK-027,block,manual_v5_candidate_8_7,8.7,manual_block,manual_v5_candidate_8_7,approved|revise|remove|pending,approved,测试完成态：按用户授权作为真人审核完成，用于链路验证，不代表生产受控发布记录。,确认条款块标题、类型、排序、来源和后续生效条件。,yes,yes
STG2-BLOCK-028,block,manual_v5_candidate_8_8,8.8,manual_block,manual_v5_candidate_8_8,approved|revise|remove|pending,approved,测试完成态：按用户授权作为真人审核完成，用于链路验证，不代表生产受控发布记录。,确认条款块标题、类型、排序、来源和后续生效条件。,yes,yes
STG2-BLOCK-029,block,manual_v5_candidate_8_9,8.9,manual_block,manual_v5_candidate_8_9,approved|revise|remove|pending,approved,测试完成态：按用户授权作为真人审核完成，用于链路验证，不代表生产受控发布记录。,确认条款块标题、类型、排序、来源和后续生效条件。,yes,yes
STG2-LINK-001,link,manual_v5_candidate_4_1->procedure_document:XZTC/CX-07-02-2022,4.1,procedure_document,XZTC/CX-07-02-2022,approved|revise|remove|pending,approved,测试完成态：按用户授权作为真人审核完成，用于链路验证，不代表生产受控发布记录。,确认该程序确实支撑本手册条款，且仍为 LIMS 当前 2022 现行程序。,yes,yes
STG2-LINK-002,link,manual_v5_candidate_4_1->procedure_document:XZTC/CX-07-2022,4.1,procedure_document,XZTC/CX-07-2022,approved|revise|remove|pending,approved,测试完成态：按用户授权作为真人审核完成，用于链路验证，不代表生产受控发布记录。,确认该程序确实支撑本手册条款，且仍为 LIMS 当前 2022 现行程序。,yes,yes
STG2-LINK-003,link,manual_v5_candidate_4_1->procedure_document:XZTC/CX-32-2022,4.1,procedure_document,XZTC/CX-32-2022,approved|revise|remove|pending,approved,测试完成态：按用户授权作为真人审核完成，用于链路验证，不代表生产受控发布记录。,确认该程序确实支撑本手册条款，且仍为 LIMS 当前 2022 现行程序。,yes,yes
STG2-LINK-004,link,manual_v5_candidate_4_1->record_form_template:JL-4.1-01,4.1,record_form_template,JL-4.1-01,approved|revise|remove|pending,approved,测试完成态：按用户授权作为真人审核完成，用于链路验证，不代表生产受控发布记录。,确认候选记录模板字段、触发时机、责任岗位和保存要求适用于本条款。,yes,yes
STG2-LINK-005,link,manual_v5_candidate_4_2->procedure_document:XZTC/CX-06-2022,4.2,procedure_document,XZTC/CX-06-2022,approved|revise|remove|pending,approved,测试完成态：按用户授权作为真人审核完成，用于链路验证，不代表生产受控发布记录。,确认该程序确实支撑本手册条款，且仍为 LIMS 当前 2022 现行程序。,yes,yes
STG2-LINK-006,link,manual_v5_candidate_4_2->procedure_document:XZTC/CX-08-2022,4.2,procedure_document,XZTC/CX-08-2022,approved|revise|remove|pending,approved,测试完成态：按用户授权作为真人审核完成，用于链路验证，不代表生产受控发布记录。,确认该程序确实支撑本手册条款，且仍为 LIMS 当前 2022 现行程序。,yes,yes
STG2-LINK-007,link,manual_v5_candidate_4_2->procedure_document:XZTC/CX-19-2022,4.2,procedure_document,XZTC/CX-19-2022,approved|revise|remove|pending,approved,测试完成态：按用户授权作为真人审核完成，用于链路验证，不代表生产受控发布记录。,确认该程序确实支撑本手册条款，且仍为 LIMS 当前 2022 现行程序。,yes,yes
STG2-LINK-008,link,manual_v5_candidate_4_2->procedure_document:XZTC/CX-26-2022,4.2,procedure_document,XZTC/CX-26-2022,approved|revise|remove|pending,approved,测试完成态：按用户授权作为真人审核完成，用于链路验证，不代表生产受控发布记录。,确认该程序确实支撑本手册条款，且仍为 LIMS 当前 2022 现行程序。,yes,yes
STG2-LINK-009,link,manual_v5_candidate_4_2->record_form_template:JL-4.2-01,4.2,record_form_template,JL-4.2-01,approved|revise|remove|pending,approved,测试完成态：按用户授权作为真人审核完成，用于链路验证，不代表生产受控发布记录。,确认候选记录模板字段、触发时机、责任岗位和保存要求适用于本条款。,yes,yes
STG2-LINK-010,link,manual_v5_candidate_5->procedure_document:XZTC/CX-01-02-2022,5,procedure_document,XZTC/CX-01-02-2022,approved|revise|remove|pending,approved,测试完成态：按用户授权作为真人审核完成，用于链路验证，不代表生产受控发布记录。,确认该程序确实支撑本手册条款，且仍为 LIMS 当前 2022 现行程序。,yes,yes
STG2-LINK-011,link,manual_v5_candidate_5->procedure_document:XZTC/CX-13-2022,5,procedure_document,XZTC/CX-13-2022,approved|revise|remove|pending,approved,测试完成态：按用户授权作为真人审核完成，用于链路验证，不代表生产受控发布记录。,确认该程序确实支撑本手册条款，且仍为 LIMS 当前 2022 现行程序。,yes,yes
STG2-LINK-012,link,manual_v5_candidate_5->procedure_document:XZTC/CX-32-2022,5,procedure_document,XZTC/CX-32-2022,approved|revise|remove|pending,approved,测试完成态：按用户授权作为真人审核完成，用于链路验证，不代表生产受控发布记录。,确认该程序确实支撑本手册条款，且仍为 LIMS 当前 2022 现行程序。,yes,yes
STG2-LINK-013,link,manual_v5_candidate_5->record_form_template:JL-5-01,5,record_form_template,JL-5-01,approved|revise|remove|pending,approved,测试完成态：按用户授权作为真人审核完成，用于链路验证，不代表生产受控发布记录。,确认候选记录模板字段、触发时机、责任岗位和保存要求适用于本条款。,yes,yes
STG2-LINK-014,link,manual_v5_candidate_6_1->procedure_document:XZTC/CX-01-02-2022,6.1,procedure_document,XZTC/CX-01-02-2022,approved|revise|remove|pending,approved,测试完成态：按用户授权作为真人审核完成，用于链路验证，不代表生产受控发布记录。,确认该程序确实支撑本手册条款，且仍为 LIMS 当前 2022 现行程序。,yes,yes
STG2-LINK-015,link,manual_v5_candidate_6_1->procedure_document:XZTC/CX-02-2022,6.1,procedure_document,XZTC/CX-02-2022,approved|revise|remove|pending,approved,测试完成态：按用户授权作为真人审核完成，用于链路验证，不代表生产受控发布记录。,确认该程序确实支撑本手册条款，且仍为 LIMS 当前 2022 现行程序。,yes,yes
STG2-LINK-016,link,manual_v5_candidate_6_1->procedure_document:XZTC/CX-03-2022,6.1,procedure_document,XZTC/CX-03-2022,approved|revise|remove|pending,approved,测试完成态：按用户授权作为真人审核完成，用于链路验证，不代表生产受控发布记录。,确认该程序确实支撑本手册条款，且仍为 LIMS 当前 2022 现行程序。,yes,yes
STG2-LINK-017,link,manual_v5_candidate_6_1->procedure_document:XZTC/CX-11-2022,6.1,procedure_document,XZTC/CX-11-2022,approved|revise|remove|pending,approved,测试完成态：按用户授权作为真人审核完成，用于链路验证，不代表生产受控发布记录。,确认该程序确实支撑本手册条款，且仍为 LIMS 当前 2022 现行程序。,yes,yes
STG2-LINK-018,link,manual_v5_candidate_6_1->record_form_template:JL-5-01,6.1,record_form_template,JL-5-01,approved|revise|remove|pending,approved,测试完成态：按用户授权作为真人审核完成，用于链路验证，不代表生产受控发布记录。,确认候选记录模板字段、触发时机、责任岗位和保存要求适用于本条款。,yes,yes
STG2-LINK-019,link,manual_v5_candidate_6_2->procedure_document:XZTC/CX-01-02-2022,6.2,procedure_document,XZTC/CX-01-02-2022,approved|revise|remove|pending,approved,测试完成态：按用户授权作为真人审核完成，用于链路验证，不代表生产受控发布记录。,确认该程序确实支撑本手册条款，且仍为 LIMS 当前 2022 现行程序。,yes,yes
STG2-LINK-020,link,manual_v5_candidate_6_2->procedure_document:XZTC/CX-01-2022,6.2,procedure_document,XZTC/CX-01-2022,approved|revise|remove|pending,approved,测试完成态：按用户授权作为真人审核完成，用于链路验证，不代表生产受控发布记录。,确认该程序确实支撑本手册条款，且仍为 LIMS 当前 2022 现行程序。,yes,yes
STG2-LINK-021,link,manual_v5_candidate_6_2->procedure_document:XZTC/CX-31-2022,6.2,procedure_document,XZTC/CX-31-2022,approved|revise|remove|pending,approved,测试完成态：按用户授权作为真人审核完成，用于链路验证，不代表生产受控发布记录。,确认该程序确实支撑本手册条款，且仍为 LIMS 当前 2022 现行程序。,yes,yes
STG2-LINK-022,link,manual_v5_candidate_6_2->record_form_template:JL-6.2-01,6.2,record_form_template,JL-6.2-01,approved|revise|remove|pending,approved,测试完成态：按用户授权作为真人审核完成，用于链路验证，不代表生产受控发布记录。,确认候选记录模板字段、触发时机、责任岗位和保存要求适用于本条款。,yes,yes
STG2-LINK-023,link,manual_v5_candidate_6_3->procedure_document:XZTC/CX-02-2022,6.3,procedure_document,XZTC/CX-02-2022,approved|revise|remove|pending,approved,测试完成态：按用户授权作为真人审核完成，用于链路验证，不代表生产受控发布记录。,确认该程序确实支撑本手册条款，且仍为 LIMS 当前 2022 现行程序。,yes,yes
STG2-LINK-024,link,manual_v5_candidate_6_3->procedure_document:XZTC/CX-31-2022,6.3,procedure_document,XZTC/CX-31-2022,approved|revise|remove|pending,approved,测试完成态：按用户授权作为真人审核完成，用于链路验证，不代表生产受控发布记录。,确认该程序确实支撑本手册条款，且仍为 LIMS 当前 2022 现行程序。,yes,yes
STG2-LINK-025,link,manual_v5_candidate_6_3->procedure_document:XZTC/CX-33-2022,6.3,procedure_document,XZTC/CX-33-2022,approved|revise|remove|pending,approved,测试完成态：按用户授权作为真人审核完成，用于链路验证，不代表生产受控发布记录。,确认该程序确实支撑本手册条款，且仍为 LIMS 当前 2022 现行程序。,yes,yes
STG2-LINK-026,link,manual_v5_candidate_6_3->record_form_template:JL-6.3-01,6.3,record_form_template,JL-6.3-01,approved|revise|remove|pending,approved,测试完成态：按用户授权作为真人审核完成，用于链路验证，不代表生产受控发布记录。,确认候选记录模板字段、触发时机、责任岗位和保存要求适用于本条款。,yes,yes
STG2-LINK-027,link,manual_v5_candidate_6_4->procedure_document:XZTC/CX-03-02-2022,6.4,procedure_document,XZTC/CX-03-02-2022,approved|revise|remove|pending,approved,测试完成态：按用户授权作为真人审核完成，用于链路验证，不代表生产受控发布记录。,确认该程序确实支撑本手册条款，且仍为 LIMS 当前 2022 现行程序。,yes,yes
STG2-LINK-028,link,manual_v5_candidate_6_4->procedure_document:XZTC/CX-03-2022,6.4,procedure_document,XZTC/CX-03-2022,approved|revise|remove|pending,approved,测试完成态：按用户授权作为真人审核完成，用于链路验证，不代表生产受控发布记录。,确认该程序确实支撑本手册条款，且仍为 LIMS 当前 2022 现行程序。,yes,yes
STG2-LINK-029,link,manual_v5_candidate_6_4->procedure_document:XZTC/CX-04-2022,6.4,procedure_document,XZTC/CX-04-2022,approved|revise|remove|pending,approved,测试完成态：按用户授权作为真人审核完成，用于链路验证，不代表生产受控发布记录。,确认该程序确实支撑本手册条款，且仍为 LIMS 当前 2022 现行程序。,yes,yes
STG2-LINK-030,link,manual_v5_candidate_6_4->attachment_form_document:XZTC/CX-05-02-2022,6.4,attachment_form_document,XZTC/CX-05-02-2022,approved|revise|remove|pending,approved,测试完成态：按用户授权作为真人审核完成，用于链路验证，不代表生产受控发布记录。,确认该编号附件/表单的归属、保存方式和后续是否纳入记录模板。,yes,yes
STG2-LINK-031,link,manual_v5_candidate_6_4->record_form_template:JL-6.4-01,6.4,record_form_template,JL-6.4-01,approved|revise|remove|pending,approved,测试完成态：按用户授权作为真人审核完成，用于链路验证，不代表生产受控发布记录。,确认候选记录模板字段、触发时机、责任岗位和保存要求适用于本条款。,yes,yes
STG2-LINK-032,link,manual_v5_candidate_6_5->procedure_document:XZTC/CX-03-02-2022,6.5,procedure_document,XZTC/CX-03-02-2022,approved|revise|remove|pending,approved,测试完成态：按用户授权作为真人审核完成，用于链路验证，不代表生产受控发布记录。,确认该程序确实支撑本手册条款，且仍为 LIMS 当前 2022 现行程序。,yes,yes
STG2-LINK-033,link,manual_v5_candidate_6_5->procedure_document:XZTC/CX-05-2022,6.5,procedure_document,XZTC/CX-05-2022,approved|revise|remove|pending,approved,测试完成态：按用户授权作为真人审核完成，用于链路验证，不代表生产受控发布记录。,确认该程序确实支撑本手册条款，且仍为 LIMS 当前 2022 现行程序。,yes,yes
STG2-LINK-034,link,manual_v5_candidate_6_5->attachment_form_document:XZTC/CX-05-02-2022,6.5,attachment_form_document,XZTC/CX-05-02-2022,approved|revise|remove|pending,approved,测试完成态：按用户授权作为真人审核完成，用于链路验证，不代表生产受控发布记录。,确认该编号附件/表单的归属、保存方式和后续是否纳入记录模板。,yes,yes
STG2-LINK-035,link,manual_v5_candidate_6_5->record_form_template:JL-6.5-01,6.5,record_form_template,JL-6.5-01,approved|revise|remove|pending,approved,测试完成态：按用户授权作为真人审核完成，用于链路验证，不代表生产受控发布记录。,确认候选记录模板字段、触发时机、责任岗位和保存要求适用于本条款。,yes,yes
STG2-LINK-036,link,manual_v5_candidate_6_6->procedure_document:XZTC/CX-11-2022,6.6,procedure_document,XZTC/CX-11-2022,approved|revise|remove|pending,approved,测试完成态：按用户授权作为真人审核完成，用于链路验证，不代表生产受控发布记录。,确认该程序确实支撑本手册条款，且仍为 LIMS 当前 2022 现行程序。,yes,yes
STG2-LINK-037,link,manual_v5_candidate_6_6->procedure_document:XZTC/CX-19-2022,6.6,procedure_document,XZTC/CX-19-2022,approved|revise|remove|pending,approved,测试完成态：按用户授权作为真人审核完成，用于链路验证，不代表生产受控发布记录。,确认该程序确实支撑本手册条款，且仍为 LIMS 当前 2022 现行程序。,yes,yes
STG2-LINK-038,link,manual_v5_candidate_6_6->procedure_document:XZTC/CX-32-2022,6.6,procedure_document,XZTC/CX-32-2022,approved|revise|remove|pending,approved,测试完成态：按用户授权作为真人审核完成，用于链路验证，不代表生产受控发布记录。,确认该程序确实支撑本手册条款，且仍为 LIMS 当前 2022 现行程序。,yes,yes
STG2-LINK-039,link,manual_v5_candidate_6_6->record_form_template:JL-6.6-01,6.6,record_form_template,JL-6.6-01,approved|revise|remove|pending,approved,测试完成态：按用户授权作为真人审核完成，用于链路验证，不代表生产受控发布记录。,确认候选记录模板字段、触发时机、责任岗位和保存要求适用于本条款。,yes,yes
STG2-LINK-040,link,manual_v5_candidate_7_1->procedure_document:XZTC/CX-08-2022,7.1,procedure_document,XZTC/CX-08-2022,approved|revise|remove|pending,approved,测试完成态：按用户授权作为真人审核完成，用于链路验证，不代表生产受控发布记录。,确认该程序确实支撑本手册条款，且仍为 LIMS 当前 2022 现行程序。,yes,yes
STG2-LINK-041,link,manual_v5_candidate_7_1->procedure_document:XZTC/CX-09-2022,7.1,procedure_document,XZTC/CX-09-2022,approved|revise|remove|pending,approved,测试完成态：按用户授权作为真人审核完成，用于链路验证，不代表生产受控发布记录。,确认该程序确实支撑本手册条款，且仍为 LIMS 当前 2022 现行程序。,yes,yes
STG2-LINK-042,link,manual_v5_candidate_7_1->procedure_document:XZTC/CX-12-2022,7.1,procedure_document,XZTC/CX-12-2022,approved|revise|remove|pending,approved,测试完成态：按用户授权作为真人审核完成，用于链路验证，不代表生产受控发布记录。,确认该程序确实支撑本手册条款，且仍为 LIMS 当前 2022 现行程序。,yes,yes
STG2-LINK-043,link,manual_v5_candidate_7_1->record_form_template:JL-7.1-01,7.1,record_form_template,JL-7.1-01,approved|revise|remove|pending,approved,测试完成态：按用户授权作为真人审核完成，用于链路验证，不代表生产受控发布记录。,确认候选记录模板字段、触发时机、责任岗位和保存要求适用于本条款。,yes,yes
STG2-LINK-044,link,manual_v5_candidate_7_2->procedure_document:XZTC/CX-22-2022,7.2,procedure_document,XZTC/CX-22-2022,approved|revise|remove|pending,approved,测试完成态：按用户授权作为真人审核完成，用于链路验证，不代表生产受控发布记录。,确认该程序确实支撑本手册条款，且仍为 LIMS 当前 2022 现行程序。,yes,yes
STG2-LINK-045,link,manual_v5_candidate_7_2->procedure_document:XZTC/CX-23-2022,7.2,procedure_document,XZTC/CX-23-2022,approved|revise|remove|pending,approved,测试完成态：按用户授权作为真人审核完成，用于链路验证，不代表生产受控发布记录。,确认该程序确实支撑本手册条款，且仍为 LIMS 当前 2022 现行程序。,yes,yes
STG2-LINK-046,link,manual_v5_candidate_7_2->procedure_document:XZTC/CX-24-2022,7.2,procedure_document,XZTC/CX-24-2022,approved|revise|remove|pending,approved,测试完成态：按用户授权作为真人审核完成，用于链路验证，不代表生产受控发布记录。,确认该程序确实支撑本手册条款，且仍为 LIMS 当前 2022 现行程序。,yes,yes
STG2-LINK-047,link,manual_v5_candidate_7_2->procedure_document:XZTC/CX-27-2022,7.2,procedure_document,XZTC/CX-27-2022,approved|revise|remove|pending,approved,测试完成态：按用户授权作为真人审核完成，用于链路验证，不代表生产受控发布记录。,确认该程序确实支撑本手册条款，且仍为 LIMS 当前 2022 现行程序。,yes,yes
STG2-LINK-048,link,manual_v5_candidate_7_2->record_form_template:JL-7.2-01,7.2,record_form_template,JL-7.2-01,approved|revise|remove|pending,approved,测试完成态：按用户授权作为真人审核完成，用于链路验证，不代表生产受控发布记录。,确认候选记录模板字段、触发时机、责任岗位和保存要求适用于本条款。,yes,yes
STG2-LINK-049,link,manual_v5_candidate_7_3->procedure_document:XZTC/CX-09-2022,7.3,procedure_document,XZTC/CX-09-2022,approved|revise|remove|pending,approved,测试完成态：按用户授权作为真人审核完成，用于链路验证，不代表生产受控发布记录。,确认该程序确实支撑本手册条款，且仍为 LIMS 当前 2022 现行程序。,yes,yes
STG2-LINK-050,link,manual_v5_candidate_7_3->procedure_document:XZTC/CX-28-2022,7.3,procedure_document,XZTC/CX-28-2022,approved|revise|remove|pending,approved,测试完成态：按用户授权作为真人审核完成，用于链路验证，不代表生产受控发布记录。,确认该程序确实支撑本手册条款，且仍为 LIMS 当前 2022 现行程序。,yes,yes
STG2-LINK-051,link,manual_v5_candidate_7_3->procedure_document:XZTC/CX-35-2022,7.3,procedure_document,XZTC/CX-35-2022,approved|revise|remove|pending,approved,测试完成态：按用户授权作为真人审核完成，用于链路验证，不代表生产受控发布记录。,确认该程序确实支撑本手册条款，且仍为 LIMS 当前 2022 现行程序。,yes,yes
STG2-LINK-052,link,manual_v5_candidate_7_3->record_form_template:JL-7.3-01,7.3,record_form_template,JL-7.3-01,approved|revise|remove|pending,approved,测试完成态：按用户授权作为真人审核完成，用于链路验证，不代表生产受控发布记录。,确认候选记录模板字段、触发时机、责任岗位和保存要求适用于本条款。,yes,yes
STG2-LINK-053,link,manual_v5_candidate_7_4->procedure_document:XZTC/CX-06-2022,7.4,procedure_document,XZTC/CX-06-2022,approved|revise|remove|pending,approved,测试完成态：按用户授权作为真人审核完成，用于链路验证，不代表生产受控发布记录。,确认该程序确实支撑本手册条款，且仍为 LIMS 当前 2022 现行程序。,yes,yes
STG2-LINK-054,link,manual_v5_candidate_7_4->procedure_document:XZTC/CX-25-2022,7.4,procedure_document,XZTC/CX-25-2022,approved|revise|remove|pending,approved,测试完成态：按用户授权作为真人审核完成，用于链路验证，不代表生产受控发布记录。,确认该程序确实支撑本手册条款，且仍为 LIMS 当前 2022 现行程序。,yes,yes
STG2-LINK-055,link,manual_v5_candidate_7_4->procedure_document:XZTC/CX-28-2022,7.4,procedure_document,XZTC/CX-28-2022,approved|revise|remove|pending,approved,测试完成态：按用户授权作为真人审核完成，用于链路验证，不代表生产受控发布记录。,确认该程序确实支撑本手册条款，且仍为 LIMS 当前 2022 现行程序。,yes,yes
STG2-LINK-056,link,manual_v5_candidate_7_4->record_form_template:JL-7.4-01,7.4,record_form_template,JL-7.4-01,approved|revise|remove|pending,approved,测试完成态：按用户授权作为真人审核完成，用于链路验证，不代表生产受控发布记录。,确认候选记录模板字段、触发时机、责任岗位和保存要求适用于本条款。,yes,yes
STG2-LINK-057,link,manual_v5_candidate_7_5->procedure_document:XZTC/CX-19-2022,7.5,procedure_document,XZTC/CX-19-2022,approved|revise|remove|pending,approved,测试完成态：按用户授权作为真人审核完成，用于链路验证，不代表生产受控发布记录。,确认该程序确实支撑本手册条款，且仍为 LIMS 当前 2022 现行程序。,yes,yes
STG2-LINK-058,link,manual_v5_candidate_7_5->procedure_document:XZTC/CX-25-2022,7.5,procedure_document,XZTC/CX-25-2022,approved|revise|remove|pending,approved,测试完成态：按用户授权作为真人审核完成，用于链路验证，不代表生产受控发布记录。,确认该程序确实支撑本手册条款，且仍为 LIMS 当前 2022 现行程序。,yes,yes
STG2-LINK-059,link,manual_v5_candidate_7_5->procedure_document:XZTC/CX-26-2022,7.5,procedure_document,XZTC/CX-26-2022,approved|revise|remove|pending,approved,测试完成态：按用户授权作为真人审核完成，用于链路验证，不代表生产受控发布记录。,确认该程序确实支撑本手册条款，且仍为 LIMS 当前 2022 现行程序。,yes,yes
STG2-LINK-060,link,manual_v5_candidate_7_5->record_form_template:JL-7.5-01,7.5,record_form_template,JL-7.5-01,approved|revise|remove|pending,approved,测试完成态：按用户授权作为真人审核完成，用于链路验证，不代表生产受控发布记录。,确认候选记录模板字段、触发时机、责任岗位和保存要求适用于本条款。,yes,yes
STG2-LINK-061,link,manual_v5_candidate_7_6->procedure_document:XZTC/CX-22-2022,7.6,procedure_document,XZTC/CX-22-2022,approved|revise|remove|pending,approved,测试完成态：按用户授权作为真人审核完成，用于链路验证，不代表生产受控发布记录。,确认该程序确实支撑本手册条款，且仍为 LIMS 当前 2022 现行程序。,yes,yes
STG2-LINK-062,link,manual_v5_candidate_7_6->procedure_document:XZTC/CX-27-2022,7.6,procedure_document,XZTC/CX-27-2022,approved|revise|remove|pending,approved,测试完成态：按用户授权作为真人审核完成，用于链路验证，不代表生产受控发布记录。,确认该程序确实支撑本手册条款，且仍为 LIMS 当前 2022 现行程序。,yes,yes
STG2-LINK-063,link,manual_v5_candidate_7_6->procedure_document:XZTC/CX-30-2022,7.6,procedure_document,XZTC/CX-30-2022,approved|revise|remove|pending,approved,测试完成态：按用户授权作为真人审核完成，用于链路验证，不代表生产受控发布记录。,确认该程序确实支撑本手册条款，且仍为 LIMS 当前 2022 现行程序。,yes,yes
STG2-LINK-064,link,manual_v5_candidate_7_6->record_form_template:JL-7.6-01,7.6,record_form_template,JL-7.6-01,approved|revise|remove|pending,approved,测试完成态：按用户授权作为真人审核完成，用于链路验证，不代表生产受控发布记录。,确认候选记录模板字段、触发时机、责任岗位和保存要求适用于本条款。,yes,yes
STG2-LINK-065,link,manual_v5_candidate_7_7->procedure_document:XZTC/CX-15-2022,7.7,procedure_document,XZTC/CX-15-2022,approved|revise|remove|pending,approved,测试完成态：按用户授权作为真人审核完成，用于链路验证，不代表生产受控发布记录。,确认该程序确实支撑本手册条款，且仍为 LIMS 当前 2022 现行程序。,yes,yes
STG2-LINK-066,link,manual_v5_candidate_7_7->procedure_document:XZTC/CX-16-2022,7.7,procedure_document,XZTC/CX-16-2022,approved|revise|remove|pending,approved,测试完成态：按用户授权作为真人审核完成，用于链路验证，不代表生产受控发布记录。,确认该程序确实支撑本手册条款，且仍为 LIMS 当前 2022 现行程序。,yes,yes
STG2-LINK-067,link,manual_v5_candidate_7_7->procedure_document:XZTC/CX-30-2022,7.7,procedure_document,XZTC/CX-30-2022,approved|revise|remove|pending,approved,测试完成态：按用户授权作为真人审核完成，用于链路验证，不代表生产受控发布记录。,确认该程序确实支撑本手册条款，且仍为 LIMS 当前 2022 现行程序。,yes,yes
STG2-LINK-068,link,manual_v5_candidate_7_7->procedure_document:XZTC/CX-34-2022,7.7,procedure_document,XZTC/CX-34-2022,approved|revise|remove|pending,approved,测试完成态：按用户授权作为真人审核完成，用于链路验证，不代表生产受控发布记录。,确认该程序确实支撑本手册条款，且仍为 LIMS 当前 2022 现行程序。,yes,yes
STG2-LINK-069,link,manual_v5_candidate_7_7->record_form_template:JL-7.7-01,7.7,record_form_template,JL-7.7-01,approved|revise|remove|pending,approved,测试完成态：按用户授权作为真人审核完成，用于链路验证，不代表生产受控发布记录。,确认候选记录模板字段、触发时机、责任岗位和保存要求适用于本条款。,yes,yes
STG2-LINK-070,link,manual_v5_candidate_7_8->procedure_document:XZTC/CX-06-2022,7.8,procedure_document,XZTC/CX-06-2022,approved|revise|remove|pending,approved,测试完成态：按用户授权作为真人审核完成，用于链路验证，不代表生产受控发布记录。,确认该程序确实支撑本手册条款，且仍为 LIMS 当前 2022 现行程序。,yes,yes
STG2-LINK-071,link,manual_v5_candidate_7_8->procedure_document:XZTC/CX-26-2022,7.8,procedure_document,XZTC/CX-26-2022,approved|revise|remove|pending,approved,测试完成态：按用户授权作为真人审核完成，用于链路验证，不代表生产受控发布记录。,确认该程序确实支撑本手册条款，且仍为 LIMS 当前 2022 现行程序。,yes,yes
STG2-LINK-072,link,manual_v5_candidate_7_8->procedure_document:XZTC/CX-29-2022,7.8,procedure_document,XZTC/CX-29-2022,approved|revise|remove|pending,approved,测试完成态：按用户授权作为真人审核完成，用于链路验证，不代表生产受控发布记录。,确认该程序确实支撑本手册条款，且仍为 LIMS 当前 2022 现行程序。,yes,yes
STG2-LINK-073,link,manual_v5_candidate_7_8->record_form_template:JL-7.8-01,7.8,record_form_template,JL-7.8-01,approved|revise|remove|pending,approved,测试完成态：按用户授权作为真人审核完成，用于链路验证，不代表生产受控发布记录。,确认候选记录模板字段、触发时机、责任岗位和保存要求适用于本条款。,yes,yes
STG2-LINK-074,link,manual_v5_candidate_7_9->procedure_document:XZTC/CX-14-2022,7.9,procedure_document,XZTC/CX-14-2022,approved|revise|remove|pending,approved,测试完成态：按用户授权作为真人审核完成，用于链路验证，不代表生产受控发布记录。,确认该程序确实支撑本手册条款，且仍为 LIMS 当前 2022 现行程序。,yes,yes
STG2-LINK-075,link,manual_v5_candidate_7_9->procedure_document:XZTC/CX-15-2022,7.9,procedure_document,XZTC/CX-15-2022,approved|revise|remove|pending,approved,测试完成态：按用户授权作为真人审核完成，用于链路验证，不代表生产受控发布记录。,确认该程序确实支撑本手册条款，且仍为 LIMS 当前 2022 现行程序。,yes,yes
STG2-LINK-076,link,manual_v5_candidate_7_9->procedure_document:XZTC/CX-16-2022,7.9,procedure_document,XZTC/CX-16-2022,approved|revise|remove|pending,approved,测试完成态：按用户授权作为真人审核完成，用于链路验证，不代表生产受控发布记录。,确认该程序确实支撑本手册条款，且仍为 LIMS 当前 2022 现行程序。,yes,yes
STG2-LINK-077,link,manual_v5_candidate_7_9->record_form_template:JL-7.9-01,7.9,record_form_template,JL-7.9-01,approved|revise|remove|pending,approved,测试完成态：按用户授权作为真人审核完成，用于链路验证，不代表生产受控发布记录。,确认候选记录模板字段、触发时机、责任岗位和保存要求适用于本条款。,yes,yes
STG2-LINK-078,link,manual_v5_candidate_7_10->procedure_document:XZTC/CX-15-2022,7.10,procedure_document,XZTC/CX-15-2022,approved|revise|remove|pending,approved,测试完成态：按用户授权作为真人审核完成，用于链路验证，不代表生产受控发布记录。,确认该程序确实支撑本手册条款，且仍为 LIMS 当前 2022 现行程序。,yes,yes
STG2-LINK-079,link,manual_v5_candidate_7_10->procedure_document:XZTC/CX-16-2022,7.10,procedure_document,XZTC/CX-16-2022,approved|revise|remove|pending,approved,测试完成态：按用户授权作为真人审核完成，用于链路验证，不代表生产受控发布记录。,确认该程序确实支撑本手册条款，且仍为 LIMS 当前 2022 现行程序。,yes,yes
STG2-LINK-080,link,manual_v5_candidate_7_10->procedure_document:XZTC/CX-32-2022,7.10,procedure_document,XZTC/CX-32-2022,approved|revise|remove|pending,approved,测试完成态：按用户授权作为真人审核完成，用于链路验证，不代表生产受控发布记录。,确认该程序确实支撑本手册条款，且仍为 LIMS 当前 2022 现行程序。,yes,yes
STG2-LINK-081,link,manual_v5_candidate_7_10->record_form_template:JL-7.10-01,7.10,record_form_template,JL-7.10-01,approved|revise|remove|pending,approved,测试完成态：按用户授权作为真人审核完成，用于链路验证，不代表生产受控发布记录。,确认候选记录模板字段、触发时机、责任岗位和保存要求适用于本条款。,yes,yes
STG2-LINK-082,link,manual_v5_candidate_7_11->procedure_document:XZTC/CX-08-2022,7.11,procedure_document,XZTC/CX-08-2022,approved|revise|remove|pending,approved,测试完成态：按用户授权作为真人审核完成，用于链路验证，不代表生产受控发布记录。,确认该程序确实支撑本手册条款，且仍为 LIMS 当前 2022 现行程序。,yes,yes
STG2-LINK-083,link,manual_v5_candidate_7_11->procedure_document:XZTC/CX-19-2022,7.11,procedure_document,XZTC/CX-19-2022,approved|revise|remove|pending,approved,测试完成态：按用户授权作为真人审核完成，用于链路验证，不代表生产受控发布记录。,确认该程序确实支撑本手册条款，且仍为 LIMS 当前 2022 现行程序。,yes,yes
STG2-LINK-084,link,manual_v5_candidate_7_11->procedure_document:XZTC/CX-26-2022,7.11,procedure_document,XZTC/CX-26-2022,approved|revise|remove|pending,approved,测试完成态：按用户授权作为真人审核完成，用于链路验证，不代表生产受控发布记录。,确认该程序确实支撑本手册条款，且仍为 LIMS 当前 2022 现行程序。,yes,yes
STG2-LINK-085,link,manual_v5_candidate_7_11->record_form_template:JL-7.11-01,7.11,record_form_template,JL-7.11-01,approved|revise|remove|pending,approved,测试完成态：按用户授权作为真人审核完成，用于链路验证，不代表生产受控发布记录。,确认候选记录模板字段、触发时机、责任岗位和保存要求适用于本条款。,yes,yes
STG2-LINK-086,link,manual_v5_candidate_8_1->procedure_document:XZTC/CX-08-2022,8.1,procedure_document,XZTC/CX-08-2022,approved|revise|remove|pending,approved,测试完成态：按用户授权作为真人审核完成，用于链路验证，不代表生产受控发布记录。,确认该程序确实支撑本手册条款，且仍为 LIMS 当前 2022 现行程序。,yes,yes
STG2-LINK-087,link,manual_v5_candidate_8_1->procedure_document:XZTC/CX-19-2022,8.1,procedure_document,XZTC/CX-19-2022,approved|revise|remove|pending,approved,测试完成态：按用户授权作为真人审核完成，用于链路验证，不代表生产受控发布记录。,确认该程序确实支撑本手册条款，且仍为 LIMS 当前 2022 现行程序。,yes,yes
STG2-LINK-088,link,manual_v5_candidate_8_1->procedure_document:XZTC/CX-20-2022,8.1,procedure_document,XZTC/CX-20-2022,approved|revise|remove|pending,approved,测试完成态：按用户授权作为真人审核完成，用于链路验证，不代表生产受控发布记录。,确认该程序确实支撑本手册条款，且仍为 LIMS 当前 2022 现行程序。,yes,yes
STG2-LINK-089,link,manual_v5_candidate_8_1->procedure_document:XZTC/CX-21-2022,8.1,procedure_document,XZTC/CX-21-2022,approved|revise|remove|pending,approved,测试完成态：按用户授权作为真人审核完成，用于链路验证，不代表生产受控发布记录。,确认该程序确实支撑本手册条款，且仍为 LIMS 当前 2022 现行程序。,yes,yes
STG2-LINK-090,link,manual_v5_candidate_8_1->record_form_template:JL-8.8-01,8.1,record_form_template,JL-8.8-01,approved|revise|remove|pending,approved,测试完成态：按用户授权作为真人审核完成，用于链路验证，不代表生产受控发布记录。,确认候选记录模板字段、触发时机、责任岗位和保存要求适用于本条款。,yes,yes
STG2-LINK-091,link,manual_v5_candidate_8_1->record_form_template:JL-8.9-01,8.1,record_form_template,JL-8.9-01,approved|revise|remove|pending,approved,测试完成态：按用户授权作为真人审核完成，用于链路验证，不代表生产受控发布记录。,确认候选记录模板字段、触发时机、责任岗位和保存要求适用于本条款。,yes,yes
STG2-LINK-092,link,manual_v5_candidate_8_2->procedure_document:XZTC/CX-08-2022,8.2,procedure_document,XZTC/CX-08-2022,approved|revise|remove|pending,approved,测试完成态：按用户授权作为真人审核完成，用于链路验证，不代表生产受控发布记录。,确认该程序确实支撑本手册条款，且仍为 LIMS 当前 2022 现行程序。,yes,yes
STG2-LINK-093,link,manual_v5_candidate_8_2->procedure_document:XZTC/CX-13-2022,8.2,procedure_document,XZTC/CX-13-2022,approved|revise|remove|pending,approved,测试完成态：按用户授权作为真人审核完成，用于链路验证，不代表生产受控发布记录。,确认该程序确实支撑本手册条款，且仍为 LIMS 当前 2022 现行程序。,yes,yes
STG2-LINK-094,link,manual_v5_candidate_8_2->procedure_document:XZTC/CX-19-2022,8.2,procedure_document,XZTC/CX-19-2022,approved|revise|remove|pending,approved,测试完成态：按用户授权作为真人审核完成，用于链路验证，不代表生产受控发布记录。,确认该程序确实支撑本手册条款，且仍为 LIMS 当前 2022 现行程序。,yes,yes
STG2-LINK-095,link,manual_v5_candidate_8_2->record_form_template:JL-8.3-01,8.2,record_form_template,JL-8.3-01,approved|revise|remove|pending,approved,测试完成态：按用户授权作为真人审核完成，用于链路验证，不代表生产受控发布记录。,确认候选记录模板字段、触发时机、责任岗位和保存要求适用于本条款。,yes,yes
STG2-LINK-096,link,manual_v5_candidate_8_3->procedure_document:XZTC/CX-08-2022,8.3,procedure_document,XZTC/CX-08-2022,approved|revise|remove|pending,approved,测试完成态：按用户授权作为真人审核完成，用于链路验证，不代表生产受控发布记录。,确认该程序确实支撑本手册条款，且仍为 LIMS 当前 2022 现行程序。,yes,yes
STG2-LINK-097,link,manual_v5_candidate_8_3->procedure_document:XZTC/CX-26-2022,8.3,procedure_document,XZTC/CX-26-2022,approved|revise|remove|pending,approved,测试完成态：按用户授权作为真人审核完成，用于链路验证，不代表生产受控发布记录。,确认该程序确实支撑本手册条款，且仍为 LIMS 当前 2022 现行程序。,yes,yes
STG2-LINK-098,link,manual_v5_candidate_8_3->record_form_template:JL-8.3-01,8.3,record_form_template,JL-8.3-01,approved|revise|remove|pending,approved,测试完成态：按用户授权作为真人审核完成，用于链路验证，不代表生产受控发布记录。,确认候选记录模板字段、触发时机、责任岗位和保存要求适用于本条款。,yes,yes
STG2-LINK-099,link,manual_v5_candidate_8_4->procedure_document:XZTC/CX-06-2022,8.4,procedure_document,XZTC/CX-06-2022,approved|revise|remove|pending,approved,测试完成态：按用户授权作为真人审核完成，用于链路验证，不代表生产受控发布记录。,确认该程序确实支撑本手册条款，且仍为 LIMS 当前 2022 现行程序。,yes,yes
STG2-LINK-100,link,manual_v5_candidate_8_4->procedure_document:XZTC/CX-19-2022,8.4,procedure_document,XZTC/CX-19-2022,approved|revise|remove|pending,approved,测试完成态：按用户授权作为真人审核完成，用于链路验证，不代表生产受控发布记录。,确认该程序确实支撑本手册条款，且仍为 LIMS 当前 2022 现行程序。,yes,yes
STG2-LINK-101,link,manual_v5_candidate_8_4->procedure_document:XZTC/CX-26-2022,8.4,procedure_document,XZTC/CX-26-2022,approved|revise|remove|pending,approved,测试完成态：按用户授权作为真人审核完成，用于链路验证，不代表生产受控发布记录。,确认该程序确实支撑本手册条款，且仍为 LIMS 当前 2022 现行程序。,yes,yes
STG2-LINK-102,link,manual_v5_candidate_8_4->record_form_template:JL-8.4-01,8.4,record_form_template,JL-8.4-01,approved|revise|remove|pending,approved,测试完成态：按用户授权作为真人审核完成，用于链路验证，不代表生产受控发布记录。,确认候选记录模板字段、触发时机、责任岗位和保存要求适用于本条款。,yes,yes
STG2-LINK-103,link,manual_v5_candidate_8_5->procedure_document:XZTC/CX-17-2022,8.5,procedure_document,XZTC/CX-17-2022,approved|revise|remove|pending,approved,测试完成态：按用户授权作为真人审核完成，用于链路验证，不代表生产受控发布记录。,确认该程序确实支撑本手册条款，且仍为 LIMS 当前 2022 现行程序。,yes,yes
STG2-LINK-104,link,manual_v5_candidate_8_5->procedure_document:XZTC/CX-18-2022,8.5,procedure_document,XZTC/CX-18-2022,approved|revise|remove|pending,approved,测试完成态：按用户授权作为真人审核完成，用于链路验证，不代表生产受控发布记录。,确认该程序确实支撑本手册条款，且仍为 LIMS 当前 2022 现行程序。,yes,yes
STG2-LINK-105,link,manual_v5_candidate_8_5->procedure_document:XZTC/CX-32-2022,8.5,procedure_document,XZTC/CX-32-2022,approved|revise|remove|pending,approved,测试完成态：按用户授权作为真人审核完成，用于链路验证，不代表生产受控发布记录。,确认该程序确实支撑本手册条款，且仍为 LIMS 当前 2022 现行程序。,yes,yes
STG2-LINK-106,link,manual_v5_candidate_8_5->record_form_template:JL-8.5-01,8.5,record_form_template,JL-8.5-01,approved|revise|remove|pending,approved,测试完成态：按用户授权作为真人审核完成，用于链路验证，不代表生产受控发布记录。,确认候选记录模板字段、触发时机、责任岗位和保存要求适用于本条款。,yes,yes
STG2-LINK-107,link,manual_v5_candidate_8_6->procedure_document:XZTC/CX-12-2022,8.6,procedure_document,XZTC/CX-12-2022,approved|revise|remove|pending,approved,测试完成态：按用户授权作为真人审核完成，用于链路验证，不代表生产受控发布记录。,确认该程序确实支撑本手册条款，且仍为 LIMS 当前 2022 现行程序。,yes,yes
STG2-LINK-108,link,manual_v5_candidate_8_6->procedure_document:XZTC/CX-18-2022,8.6,procedure_document,XZTC/CX-18-2022,approved|revise|remove|pending,approved,测试完成态：按用户授权作为真人审核完成，用于链路验证，不代表生产受控发布记录。,确认该程序确实支撑本手册条款，且仍为 LIMS 当前 2022 现行程序。,yes,yes
STG2-LINK-109,link,manual_v5_candidate_8_6->procedure_document:XZTC/CX-20-2022,8.6,procedure_document,XZTC/CX-20-2022,approved|revise|remove|pending,approved,测试完成态：按用户授权作为真人审核完成，用于链路验证，不代表生产受控发布记录。,确认该程序确实支撑本手册条款，且仍为 LIMS 当前 2022 现行程序。,yes,yes
STG2-LINK-110,link,manual_v5_candidate_8_6->procedure_document:XZTC/CX-21-2022,8.6,procedure_document,XZTC/CX-21-2022,approved|revise|remove|pending,approved,测试完成态：按用户授权作为真人审核完成，用于链路验证，不代表生产受控发布记录。,确认该程序确实支撑本手册条款，且仍为 LIMS 当前 2022 现行程序。,yes,yes
STG2-LINK-111,link,manual_v5_candidate_8_6->record_form_template:JL-8.6-01,8.6,record_form_template,JL-8.6-01,approved|revise|remove|pending,approved,测试完成态：按用户授权作为真人审核完成，用于链路验证，不代表生产受控发布记录。,确认候选记录模板字段、触发时机、责任岗位和保存要求适用于本条款。,yes,yes
STG2-LINK-112,link,manual_v5_candidate_8_7->procedure_document:XZTC/CX-15-2022,8.7,procedure_document,XZTC/CX-15-2022,approved|revise|remove|pending,approved,测试完成态：按用户授权作为真人审核完成，用于链路验证，不代表生产受控发布记录。,确认该程序确实支撑本手册条款，且仍为 LIMS 当前 2022 现行程序。,yes,yes
STG2-LINK-113,link,manual_v5_candidate_8_7->procedure_document:XZTC/CX-16-2022,8.7,procedure_document,XZTC/CX-16-2022,approved|revise|remove|pending,approved,测试完成态：按用户授权作为真人审核完成，用于链路验证，不代表生产受控发布记录。,确认该程序确实支撑本手册条款，且仍为 LIMS 当前 2022 现行程序。,yes,yes
STG2-LINK-114,link,manual_v5_candidate_8_7->procedure_document:XZTC/CX-20-2022,8.7,procedure_document,XZTC/CX-20-2022,approved|revise|remove|pending,approved,测试完成态：按用户授权作为真人审核完成，用于链路验证，不代表生产受控发布记录。,确认该程序确实支撑本手册条款，且仍为 LIMS 当前 2022 现行程序。,yes,yes
STG2-LINK-115,link,manual_v5_candidate_8_7->record_form_template:JL-8.7-01,8.7,record_form_template,JL-8.7-01,approved|revise|remove|pending,approved,测试完成态：按用户授权作为真人审核完成，用于链路验证，不代表生产受控发布记录。,确认候选记录模板字段、触发时机、责任岗位和保存要求适用于本条款。,yes,yes
STG2-LINK-116,link,manual_v5_candidate_8_8->procedure_document:XZTC/CX-15-2022,8.8,procedure_document,XZTC/CX-15-2022,approved|revise|remove|pending,approved,测试完成态：按用户授权作为真人审核完成，用于链路验证，不代表生产受控发布记录。,确认该程序确实支撑本手册条款，且仍为 LIMS 当前 2022 现行程序。,yes,yes
STG2-LINK-117,link,manual_v5_candidate_8_8->procedure_document:XZTC/CX-16-2022,8.8,procedure_document,XZTC/CX-16-2022,approved|revise|remove|pending,approved,测试完成态：按用户授权作为真人审核完成，用于链路验证，不代表生产受控发布记录。,确认该程序确实支撑本手册条款，且仍为 LIMS 当前 2022 现行程序。,yes,yes
STG2-LINK-118,link,manual_v5_candidate_8_8->procedure_document:XZTC/CX-19-2022,8.8,procedure_document,XZTC/CX-19-2022,approved|revise|remove|pending,approved,测试完成态：按用户授权作为真人审核完成，用于链路验证，不代表生产受控发布记录。,确认该程序确实支撑本手册条款，且仍为 LIMS 当前 2022 现行程序。,yes,yes
STG2-LINK-119,link,manual_v5_candidate_8_8->procedure_document:XZTC/CX-20-2022,8.8,procedure_document,XZTC/CX-20-2022,approved|revise|remove|pending,approved,测试完成态：按用户授权作为真人审核完成，用于链路验证，不代表生产受控发布记录。,确认该程序确实支撑本手册条款，且仍为 LIMS 当前 2022 现行程序。,yes,yes
STG2-LINK-120,link,manual_v5_candidate_8_8->record_form_template:JL-8.8-01,8.8,record_form_template,JL-8.8-01,approved|revise|remove|pending,approved,测试完成态：按用户授权作为真人审核完成，用于链路验证，不代表生产受控发布记录。,确认候选记录模板字段、触发时机、责任岗位和保存要求适用于本条款。,yes,yes
STG2-LINK-121,link,manual_v5_candidate_8_9->procedure_document:XZTC/CX-16-2022,8.9,procedure_document,XZTC/CX-16-2022,approved|revise|remove|pending,approved,测试完成态：按用户授权作为真人审核完成，用于链路验证，不代表生产受控发布记录。,确认该程序确实支撑本手册条款，且仍为 LIMS 当前 2022 现行程序。,yes,yes
STG2-LINK-122,link,manual_v5_candidate_8_9->procedure_document:XZTC/CX-19-2022,8.9,procedure_document,XZTC/CX-19-2022,approved|revise|remove|pending,approved,测试完成态：按用户授权作为真人审核完成，用于链路验证，不代表生产受控发布记录。,确认该程序确实支撑本手册条款，且仍为 LIMS 当前 2022 现行程序。,yes,yes
STG2-LINK-123,link,manual_v5_candidate_8_9->procedure_document:XZTC/CX-20-2022,8.9,procedure_document,XZTC/CX-20-2022,approved|revise|remove|pending,approved,测试完成态：按用户授权作为真人审核完成，用于链路验证，不代表生产受控发布记录。,确认该程序确实支撑本手册条款，且仍为 LIMS 当前 2022 现行程序。,yes,yes
STG2-LINK-124,link,manual_v5_candidate_8_9->procedure_document:XZTC/CX-21-2022,8.9,procedure_document,XZTC/CX-21-2022,approved|revise|remove|pending,approved,测试完成态：按用户授权作为真人审核完成，用于链路验证，不代表生产受控发布记录。,确认该程序确实支撑本手册条款，且仍为 LIMS 当前 2022 现行程序。,yes,yes
STG2-LINK-125,link,manual_v5_candidate_8_9->record_form_template:JL-8.9-01,8.9,record_form_template,JL-8.9-01,approved|revise|remove|pending,approved,测试完成态：按用户授权作为真人审核完成，用于链路验证，不代表生产受控发布记录。,确认候选记录模板字段、触发时机、责任岗位和保存要求适用于本条款。,yes,yes
