table	source_checksum	preview_checksum	result
documents	1694863191	1694863191	OK
employees	1044102722	1044102722	OK
sites	2830211670	2830211670	OK
qms_positions	1145827218	1145827218	OK
qms_responsibility_chain_versions	3930810315	3930810315	OK
qms_responsibility_assignments	493003807	493003807	OK
qms_external_change_events	0	0	OK
qms_structured_documents	4177122509	4177122509	OK
record_form_templates	2127144235	2127144235	OK
record_form_instances	733116589	733116589	OK
users	607786532	607786532	OK
