closure_item_id,source_task_id,gate_id,task_group,object_code,object_name,owner_role,source_current_status,proposed_closure_status,evidence_reference,closure_comment,reviewer,review_date,closure_result,blocks_apply,not_imported,not_real_record
GC-0001,CLAUSE-4.1,GR-02,manual_clause,CLAUSE-4.1,4.1 公正性,最高管理者/质量负责人,pending,closed,TEST-COMPLETE-CLOSURE-001,测试完成态：按用户授权作为真人审核完成，用于链路验证，不代表生产受控发布记录。,测试复核人,2026-07-08,accepted,no,yes,yes
GC-0002,CLAUSE-4.2,GR-02,manual_clause,CLAUSE-4.2,4.2 保密性,最高管理者/质量负责人,pending,closed,TEST-COMPLETE-CLOSURE-002,测试完成态：按用户授权作为真人审核完成，用于链路验证，不代表生产受控发布记录。,测试复核人,2026-07-08,accepted,no,yes,yes
GC-0003,CLAUSE-5,GR-02,manual_clause,CLAUSE-5,5 结构要求,最高管理者/质量负责人,pending,closed,TEST-COMPLETE-CLOSURE-003,测试完成态：按用户授权作为真人审核完成，用于链路验证，不代表生产受控发布记录。,测试复核人,2026-07-08,accepted,no,yes,yes
GC-0004,CLAUSE-6.1,GR-02,manual_clause,CLAUSE-6.1,6.1 资源总则,质量负责人/相关过程负责人,pending,closed,TEST-COMPLETE-CLOSURE-004,测试完成态：按用户授权作为真人审核完成，用于链路验证，不代表生产受控发布记录。,测试复核人,2026-07-08,accepted,no,yes,yes
GC-0005,CLAUSE-6.2,GR-02,manual_clause,CLAUSE-6.2,6.2 人员,质量负责人/相关过程负责人,pending,closed,TEST-COMPLETE-CLOSURE-005,测试完成态：按用户授权作为真人审核完成，用于链路验证，不代表生产受控发布记录。,测试复核人,2026-07-08,accepted,no,yes,yes
GC-0006,CLAUSE-6.3,GR-02,manual_clause,CLAUSE-6.3,6.3 设施环境,质量负责人/相关过程负责人,pending,closed,TEST-COMPLETE-CLOSURE-006,测试完成态：按用户授权作为真人审核完成，用于链路验证，不代表生产受控发布记录。,测试复核人,2026-07-08,accepted,no,yes,yes
GC-0007,CLAUSE-6.4,GR-02,manual_clause,CLAUSE-6.4,6.4 设备,设备管理员/技术负责人/质量负责人,pending,closed,TEST-COMPLETE-CLOSURE-007,测试完成态：按用户授权作为真人审核完成，用于链路验证，不代表生产受控发布记录。,测试复核人,2026-07-08,accepted,no,yes,yes
GC-0008,CLAUSE-6.5,GR-02,manual_clause,CLAUSE-6.5,6.5 计量溯源性,设备管理员/技术负责人/质量负责人,pending,closed,TEST-COMPLETE-CLOSURE-008,测试完成态：按用户授权作为真人审核完成，用于链路验证，不代表生产受控发布记录。,测试复核人,2026-07-08,accepted,no,yes,yes
GC-0009,CLAUSE-6.6,GR-02,manual_clause,CLAUSE-6.6,6.6 外部产品和服务,质量负责人/相关过程负责人,pending,closed,TEST-COMPLETE-CLOSURE-009,测试完成态：按用户授权作为真人审核完成，用于链路验证，不代表生产受控发布记录。,测试复核人,2026-07-08,accepted,no,yes,yes
GC-0010,CLAUSE-7.1,GR-02,manual_clause,CLAUSE-7.1,7.1 合同评审,技术负责人/相关过程负责人/质量负责人,pending,closed,TEST-COMPLETE-CLOSURE-010,测试完成态：按用户授权作为真人审核完成，用于链路验证，不代表生产受控发布记录。,测试复核人,2026-07-08,accepted,no,yes,yes
GC-0011,CLAUSE-7.2,GR-02,manual_clause,CLAUSE-7.2,7.2 方法,技术负责人/相关过程负责人/质量负责人,pending,closed,TEST-COMPLETE-CLOSURE-011,测试完成态：按用户授权作为真人审核完成，用于链路验证，不代表生产受控发布记录。,测试复核人,2026-07-08,accepted,no,yes,yes
GC-0012,CLAUSE-7.3,GR-02,manual_clause,CLAUSE-7.3,7.3 抽样,技术负责人/相关过程负责人/质量负责人,pending,closed,TEST-COMPLETE-CLOSURE-012,测试完成态：按用户授权作为真人审核完成，用于链路验证，不代表生产受控发布记录。,测试复核人,2026-07-08,accepted,no,yes,yes
GC-0013,CLAUSE-7.4,GR-02,manual_clause,CLAUSE-7.4,7.4 样品处置,技术负责人/相关过程负责人/质量负责人,pending,closed,TEST-COMPLETE-CLOSURE-013,测试完成态：按用户授权作为真人审核完成，用于链路验证，不代表生产受控发布记录。,测试复核人,2026-07-08,accepted,no,yes,yes
GC-0014,CLAUSE-7.5,GR-02,manual_clause,CLAUSE-7.5,7.5 技术记录,技术负责人/相关过程负责人/质量负责人,pending,closed,TEST-COMPLETE-CLOSURE-014,测试完成态：按用户授权作为真人审核完成，用于链路验证，不代表生产受控发布记录。,测试复核人,2026-07-08,accepted,no,yes,yes
GC-0015,CLAUSE-7.6,GR-02,manual_clause,CLAUSE-7.6,7.6 测量不确定度,技术负责人/相关过程负责人/质量负责人,pending,closed,TEST-COMPLETE-CLOSURE-015,测试完成态：按用户授权作为真人审核完成，用于链路验证，不代表生产受控发布记录。,测试复核人,2026-07-08,accepted,no,yes,yes
GC-0016,CLAUSE-7.7,GR-02,manual_clause,CLAUSE-7.7,7.7 结果有效性,技术负责人/相关过程负责人/质量负责人,pending,closed,TEST-COMPLETE-CLOSURE-016,测试完成态：按用户授权作为真人审核完成，用于链路验证，不代表生产受控发布记录。,测试复核人,2026-07-08,accepted,no,yes,yes
GC-0017,CLAUSE-7.8,GR-02,manual_clause,CLAUSE-7.8,7.8 报告结果,技术负责人/相关过程负责人/质量负责人,pending,closed,TEST-COMPLETE-CLOSURE-017,测试完成态：按用户授权作为真人审核完成，用于链路验证，不代表生产受控发布记录。,测试复核人,2026-07-08,accepted,no,yes,yes
GC-0018,CLAUSE-7.9,GR-02,manual_clause,CLAUSE-7.9,7.9 投诉,技术负责人/相关过程负责人/质量负责人,pending,closed,TEST-COMPLETE-CLOSURE-018,测试完成态：按用户授权作为真人审核完成，用于链路验证，不代表生产受控发布记录。,测试复核人,2026-07-08,accepted,no,yes,yes
GC-0019,CLAUSE-7.10,GR-02,manual_clause,CLAUSE-7.10,7.10 不符合工作,技术负责人/相关过程负责人/质量负责人,pending,closed,TEST-COMPLETE-CLOSURE-019,测试完成态：按用户授权作为真人审核完成，用于链路验证，不代表生产受控发布记录。,测试复核人,2026-07-08,accepted,no,yes,yes
GC-0020,CLAUSE-7.11,GR-02,manual_clause,CLAUSE-7.11,7.11 数据控制与信息管理,技术负责人/相关过程负责人/质量负责人,pending,closed,TEST-COMPLETE-CLOSURE-020,测试完成态：按用户授权作为真人审核完成，用于链路验证，不代表生产受控发布记录。,测试复核人,2026-07-08,accepted,no,yes,yes
GC-0021,CLAUSE-8.1,GR-02,manual_clause,CLAUSE-8.1,8.1 管理体系方式,质量负责人/文件管理员/最高管理者,pending,closed,TEST-COMPLETE-CLOSURE-021,测试完成态：按用户授权作为真人审核完成，用于链路验证，不代表生产受控发布记录。,测试复核人,2026-07-08,accepted,no,yes,yes
GC-0022,CLAUSE-8.2,GR-02,manual_clause,CLAUSE-8.2,8.2 管理体系文件,质量负责人/文件管理员/最高管理者,pending,closed,TEST-COMPLETE-CLOSURE-022,测试完成态：按用户授权作为真人审核完成，用于链路验证，不代表生产受控发布记录。,测试复核人,2026-07-08,accepted,no,yes,yes
GC-0023,CLAUSE-8.3,GR-02,manual_clause,CLAUSE-8.3,8.3 文件控制,质量负责人/文件管理员/最高管理者,pending,closed,TEST-COMPLETE-CLOSURE-023,测试完成态：按用户授权作为真人审核完成，用于链路验证，不代表生产受控发布记录。,测试复核人,2026-07-08,accepted,no,yes,yes
GC-0024,CLAUSE-8.4,GR-02,manual_clause,CLAUSE-8.4,8.4 记录控制,质量负责人/文件管理员/最高管理者,pending,closed,TEST-COMPLETE-CLOSURE-024,测试完成态：按用户授权作为真人审核完成，用于链路验证，不代表生产受控发布记录。,测试复核人,2026-07-08,accepted,no,yes,yes
GC-0025,CLAUSE-8.5,GR-02,manual_clause,CLAUSE-8.5,8.5 风险和机遇,质量负责人/文件管理员/最高管理者,pending,closed,TEST-COMPLETE-CLOSURE-025,测试完成态：按用户授权作为真人审核完成，用于链路验证，不代表生产受控发布记录。,测试复核人,2026-07-08,accepted,no,yes,yes
GC-0026,CLAUSE-8.6,GR-02,manual_clause,CLAUSE-8.6,8.6 改进,质量负责人/文件管理员/最高管理者,pending,closed,TEST-COMPLETE-CLOSURE-026,测试完成态：按用户授权作为真人审核完成，用于链路验证，不代表生产受控发布记录。,测试复核人,2026-07-08,accepted,no,yes,yes
GC-0027,CLAUSE-8.7,GR-02,manual_clause,CLAUSE-8.7,8.7 纠正措施,质量负责人/文件管理员/最高管理者,pending,closed,TEST-COMPLETE-CLOSURE-027,测试完成态：按用户授权作为真人审核完成，用于链路验证，不代表生产受控发布记录。,测试复核人,2026-07-08,accepted,no,yes,yes
GC-0028,CLAUSE-8.8,GR-02,manual_clause,CLAUSE-8.8,8.8 内部审核,质量负责人/文件管理员/最高管理者,pending,closed,TEST-COMPLETE-CLOSURE-028,测试完成态：按用户授权作为真人审核完成，用于链路验证，不代表生产受控发布记录。,测试复核人,2026-07-08,accepted,no,yes,yes
GC-0029,CLAUSE-8.9,GR-02,manual_clause,CLAUSE-8.9,8.9 管理评审,质量负责人/文件管理员/最高管理者,pending,closed,TEST-COMPLETE-CLOSURE-029,测试完成态：按用户授权作为真人审核完成，用于链路验证，不代表生产受控发布记录。,测试复核人,2026-07-08,accepted,no,yes,yes
GC-0030,TEMPLATE-JL-4.1-01,GR-02,record_template,TEMPLATE-JL-4.1-01,JL-4.1-01 公正性风险识别与处置记录,文件管理员/相关过程负责人/质量负责人,pending,closed,TEST-COMPLETE-CLOSURE-030,测试完成态：按用户授权作为真人审核完成，用于链路验证，不代表生产受控发布记录。,测试复核人,2026-07-08,accepted,no,yes,yes
GC-0031,TEMPLATE-JL-4.2-01,GR-02,record_template,TEMPLATE-JL-4.2-01,JL-4.2-01 保密承诺与权限确认记录,文件管理员/相关过程负责人/质量负责人,pending,closed,TEST-COMPLETE-CLOSURE-031,测试完成态：按用户授权作为真人审核完成，用于链路验证，不代表生产受控发布记录。,测试复核人,2026-07-08,accepted,no,yes,yes
GC-0032,TEMPLATE-JL-5-01,GR-02,record_template,TEMPLATE-JL-5-01,JL-5-01 岗位职责与授权确认表,文件管理员/相关过程负责人/质量负责人,pending,closed,TEST-COMPLETE-CLOSURE-032,测试完成态：按用户授权作为真人审核完成，用于链路验证，不代表生产受控发布记录。,测试复核人,2026-07-08,accepted,no,yes,yes
GC-0033,TEMPLATE-JL-6.2-01,GR-02,record_template,TEMPLATE-JL-6.2-01,JL-6.2-01 人员能力确认与授权记录,文件管理员/相关过程负责人/质量负责人,pending,closed,TEST-COMPLETE-CLOSURE-033,测试完成态：按用户授权作为真人审核完成，用于链路验证，不代表生产受控发布记录。,测试复核人,2026-07-08,accepted,no,yes,yes
GC-0034,TEMPLATE-JL-6.3-01,GR-02,record_template,TEMPLATE-JL-6.3-01,JL-6.3-01 环境条件监控与异常处置记录,文件管理员/相关过程负责人/质量负责人,pending,closed,TEST-COMPLETE-CLOSURE-034,测试完成态：按用户授权作为真人审核完成，用于链路验证，不代表生产受控发布记录。,测试复核人,2026-07-08,accepted,no,yes,yes
GC-0035,TEMPLATE-JL-6.4-01,GR-02,record_template,TEMPLATE-JL-6.4-01,JL-6.4-01 设备状态与期间核查记录,文件管理员/相关过程负责人/质量负责人,pending,closed,TEST-COMPLETE-CLOSURE-035,测试完成态：按用户授权作为真人审核完成，用于链路验证，不代表生产受控发布记录。,测试复核人,2026-07-08,accepted,no,yes,yes
GC-0036,TEMPLATE-JL-6.5-01,GR-02,record_template,TEMPLATE-JL-6.5-01,JL-6.5-01 计量溯源结果确认记录,文件管理员/相关过程负责人/质量负责人,pending,closed,TEST-COMPLETE-CLOSURE-036,测试完成态：按用户授权作为真人审核完成，用于链路验证，不代表生产受控发布记录。,测试复核人,2026-07-08,accepted,no,yes,yes
GC-0037,TEMPLATE-JL-6.6-01,GR-02,record_template,TEMPLATE-JL-6.6-01,JL-6.6-01 外部服务与供应品评价记录,文件管理员/相关过程负责人/质量负责人,pending,closed,TEST-COMPLETE-CLOSURE-037,测试完成态：按用户授权作为真人审核完成，用于链路验证，不代表生产受控发布记录。,测试复核人,2026-07-08,accepted,no,yes,yes
GC-0038,TEMPLATE-JL-7.1-01,GR-02,record_template,TEMPLATE-JL-7.1-01,JL-7.1-01 合同评审记录,文件管理员/相关过程负责人/质量负责人,pending,closed,TEST-COMPLETE-CLOSURE-038,测试完成态：按用户授权作为真人审核完成，用于链路验证，不代表生产受控发布记录。,测试复核人,2026-07-08,accepted,no,yes,yes
GC-0039,TEMPLATE-JL-7.2-01,GR-02,record_template,TEMPLATE-JL-7.2-01,JL-7.2-01 方法验证/确认记录,文件管理员/相关过程负责人/质量负责人,pending,closed,TEST-COMPLETE-CLOSURE-039,测试完成态：按用户授权作为真人审核完成，用于链路验证，不代表生产受控发布记录。,测试复核人,2026-07-08,accepted,no,yes,yes
GC-0040,TEMPLATE-JL-7.3-01,GR-02,record_template,TEMPLATE-JL-7.3-01,JL-7.3-01 抽样条件启用评审记录,文件管理员/相关过程负责人/质量负责人,pending,closed,TEST-COMPLETE-CLOSURE-040,测试完成态：按用户授权作为真人审核完成，用于链路验证，不代表生产受控发布记录。,测试复核人,2026-07-08,accepted,no,yes,yes
GC-0041,TEMPLATE-JL-7.4-01,GR-02,record_template,TEMPLATE-JL-7.4-01,JL-7.4-01 样品接收与异常处置记录,文件管理员/相关过程负责人/质量负责人,pending,closed,TEST-COMPLETE-CLOSURE-041,测试完成态：按用户授权作为真人审核完成，用于链路验证，不代表生产受控发布记录。,测试复核人,2026-07-08,accepted,no,yes,yes
GC-0042,TEMPLATE-JL-7.5-01,GR-02,record_template,TEMPLATE-JL-7.5-01,JL-7.5-01 技术记录更正记录,文件管理员/相关过程负责人/质量负责人,pending,closed,TEST-COMPLETE-CLOSURE-042,测试完成态：按用户授权作为真人审核完成，用于链路验证，不代表生产受控发布记录。,测试复核人,2026-07-08,accepted,no,yes,yes
GC-0043,TEMPLATE-JL-7.6-01,GR-02,record_template,TEMPLATE-JL-7.6-01,JL-7.6-01 测量不确定度适用性评审记录,文件管理员/相关过程负责人/质量负责人,pending,closed,TEST-COMPLETE-CLOSURE-043,测试完成态：按用户授权作为真人审核完成，用于链路验证，不代表生产受控发布记录。,测试复核人,2026-07-08,accepted,no,yes,yes
GC-0044,TEMPLATE-JL-7.7-01,GR-02,record_template,TEMPLATE-JL-7.7-01,JL-7.7-01 结果有效性监控计划与评价记录,文件管理员/相关过程负责人/质量负责人,pending,closed,TEST-COMPLETE-CLOSURE-044,测试完成态：按用户授权作为真人审核完成，用于链路验证，不代表生产受控发布记录。,测试复核人,2026-07-08,accepted,no,yes,yes
GC-0045,TEMPLATE-JL-7.8-01,GR-02,record_template,TEMPLATE-JL-7.8-01,JL-7.8-01 报告复核与授权签发记录,文件管理员/相关过程负责人/质量负责人,pending,closed,TEST-COMPLETE-CLOSURE-045,测试完成态：按用户授权作为真人审核完成，用于链路验证，不代表生产受控发布记录。,测试复核人,2026-07-08,accepted,no,yes,yes
GC-0046,TEMPLATE-JL-7.9-01,GR-02,record_template,TEMPLATE-JL-7.9-01,JL-7.9-01 投诉处理记录,文件管理员/相关过程负责人/质量负责人,pending,closed,TEST-COMPLETE-CLOSURE-046,测试完成态：按用户授权作为真人审核完成，用于链路验证，不代表生产受控发布记录。,测试复核人,2026-07-08,accepted,no,yes,yes
GC-0047,TEMPLATE-JL-7.10-01,GR-02,record_template,TEMPLATE-JL-7.10-01,JL-7.10-01 不符合工作影响评价与恢复授权记录,文件管理员/相关过程负责人/质量负责人,pending,closed,TEST-COMPLETE-CLOSURE-047,测试完成态：按用户授权作为真人审核完成，用于链路验证，不代表生产受控发布记录。,测试复核人,2026-07-08,accepted,no,yes,yes
GC-0048,TEMPLATE-JL-7.11-01,GR-02,record_template,TEMPLATE-JL-7.11-01,JL-7.11-01 电子表格/软件适用性确认记录,文件管理员/相关过程负责人/质量负责人,pending,closed,TEST-COMPLETE-CLOSURE-048,测试完成态：按用户授权作为真人审核完成，用于链路验证，不代表生产受控发布记录。,测试复核人,2026-07-08,accepted,no,yes,yes
GC-0049,TEMPLATE-JL-8.3-01,GR-02,record_template,TEMPLATE-JL-8.3-01,JL-8.3-01 文件修订评审与发布记录,文件管理员/相关过程负责人/质量负责人,pending,closed,TEST-COMPLETE-CLOSURE-049,测试完成态：按用户授权作为真人审核完成，用于链路验证，不代表生产受控发布记录。,测试复核人,2026-07-08,accepted,no,yes,yes
GC-0050,TEMPLATE-JL-8.4-01,GR-02,record_template,TEMPLATE-JL-8.4-01,JL-8.4-01 记录归档与借阅记录,文件管理员/相关过程负责人/质量负责人,pending,closed,TEST-COMPLETE-CLOSURE-050,测试完成态：按用户授权作为真人审核完成，用于链路验证，不代表生产受控发布记录。,测试复核人,2026-07-08,accepted,no,yes,yes
GC-0051,TEMPLATE-JL-8.5-01,GR-02,record_template,TEMPLATE-JL-8.5-01,JL-8.5-01 风险和机遇措施跟踪记录,文件管理员/相关过程负责人/质量负责人,pending,closed,TEST-COMPLETE-CLOSURE-051,测试完成态：按用户授权作为真人审核完成，用于链路验证，不代表生产受控发布记录。,测试复核人,2026-07-08,accepted,no,yes,yes
GC-0052,TEMPLATE-JL-8.6-01,GR-02,record_template,TEMPLATE-JL-8.6-01,JL-8.6-01 改进建议与效果评价记录,文件管理员/相关过程负责人/质量负责人,pending,closed,TEST-COMPLETE-CLOSURE-052,测试完成态：按用户授权作为真人审核完成，用于链路验证，不代表生产受控发布记录。,测试复核人,2026-07-08,accepted,no,yes,yes
GC-0053,TEMPLATE-JL-8.7-01,GR-02,record_template,TEMPLATE-JL-8.7-01,JL-8.7-01 纠正措施记录,文件管理员/相关过程负责人/质量负责人,pending,closed,TEST-COMPLETE-CLOSURE-053,测试完成态：按用户授权作为真人审核完成，用于链路验证，不代表生产受控发布记录。,测试复核人,2026-07-08,accepted,no,yes,yes
GC-0054,TEMPLATE-JL-8.8-01,GR-02,record_template,TEMPLATE-JL-8.8-01,JL-8.8-01 内审计划、检查表与整改验证记录,文件管理员/相关过程负责人/质量负责人,pending,closed,TEST-COMPLETE-CLOSURE-054,测试完成态：按用户授权作为真人审核完成，用于链路验证，不代表生产受控发布记录。,测试复核人,2026-07-08,accepted,no,yes,yes
GC-0055,TEMPLATE-JL-8.9-01,GR-02,record_template,TEMPLATE-JL-8.9-01,JL-8.9-01 管理评审输入输出及跟踪记录,文件管理员/相关过程负责人/质量负责人,pending,closed,TEST-COMPLETE-CLOSURE-055,测试完成态：按用户授权作为真人审核完成，用于链路验证，不代表生产受控发布记录。,测试复核人,2026-07-08,accepted,no,yes,yes
GC-0056,ATTACHMENT-XZTC/CX-05-02-2022,GR-02,attachment_form_disposition,ATTACHMENT-XZTC/CX-05-02-2022,XZTC/CX-05-02-2022 仪器设备计量溯源结果确认表,文件管理员/设备管理员/技术负责人/质量负责人,pending,closed,TEST-COMPLETE-CLOSURE-056,测试完成态：按用户授权作为真人审核完成，用于链路验证，不代表生产受控发布记录。,测试复核人,2026-07-08,accepted,no,yes,yes
GC-0057,GATE-01,GR-02,preapply_gate,GATE-01,候选修订包门禁,Codex dry-run/文件管理员复核,pending,closed,TEST-COMPLETE-CLOSURE-057,测试完成态：按用户授权作为真人审核完成，用于链路验证，不代表生产受控发布记录。,测试复核人,2026-07-08,accepted,no,yes,yes
GC-0058,GATE-02,GR-02,preapply_gate,GATE-02,LIMS 预导入包结构 dry-run,Codex dry-run/文件管理员复核,pending,closed,TEST-COMPLETE-CLOSURE-058,测试完成态：按用户授权作为真人审核完成，用于链路验证，不代表生产受控发布记录。,测试复核人,2026-07-08,accepted,no,yes,yes
GC-0059,GATE-03,GR-02,preapply_gate,GATE-03,记录模板模拟试填,Codex dry-run/文件管理员复核,pending,closed,TEST-COMPLETE-CLOSURE-059,测试完成态：按用户授权作为真人审核完成，用于链路验证，不代表生产受控发布记录。,测试复核人,2026-07-08,accepted,no,yes,yes
GC-0060,GATE-04,GR-02,preapply_gate,GATE-04,记录模板全量模拟试填,Codex dry-run/文件管理员复核,pending,closed,TEST-COMPLETE-CLOSURE-060,测试完成态：按用户授权作为真人审核完成，用于链路验证，不代表生产受控发布记录。,测试复核人,2026-07-08,accepted,no,yes,yes
GC-0061,GATE-05,GR-02,preapply_gate,GATE-05,LIMS 命令层 dry-run,Codex dry-run/文件管理员复核,pending,closed,TEST-COMPLETE-CLOSURE-061,测试完成态：按用户授权作为真人审核完成，用于链路验证，不代表生产受控发布记录。,测试复核人,2026-07-08,accepted,no,yes,yes
GC-0062,GATE-06,GR-02,preapply_gate,GATE-06,未确认 apply 阻断,Codex dry-run/文件管理员复核,pending,closed,TEST-COMPLETE-CLOSURE-062,测试完成态：按用户授权作为真人审核完成，用于链路验证，不代表生产受控发布记录。,测试复核人,2026-07-08,accepted,no,yes,yes
GC-0063,GATE-07,GR-02,preapply_gate,GATE-07,候选手册人工评审,文件管理员/质量负责人/最高管理者,pending,closed,TEST-COMPLETE-CLOSURE-063,测试完成态：按用户授权作为真人审核完成，用于链路验证，不代表生产受控发布记录。,测试复核人,2026-07-08,accepted,no,yes,yes
GC-0064,GATE-08,GR-02,preapply_gate,GATE-08,26 个记录模板字段评审,文件管理员/相关过程负责人/质量负责人,pending,closed,TEST-COMPLETE-CLOSURE-064,测试完成态：按用户授权作为真人审核完成，用于链路验证，不代表生产受控发布记录。,测试复核人,2026-07-08,accepted,no,yes,yes
GC-0065,GATE-09,GR-02,preapply_gate,GATE-09,05-02 编号附件/表单归属,文件管理员/设备管理员/技术负责人,pending,closed,TEST-COMPLETE-CLOSURE-065,测试完成态：按用户授权作为真人审核完成，用于链路验证，不代表生产受控发布记录。,测试复核人,2026-07-08,accepted,no,yes,yes
GC-0066,GATE-10,GR-02,preapply_gate,GATE-10,外来依据台账人工查新,文件管理员/质量负责人,pending,closed,TEST-COMPLETE-CLOSURE-066,测试完成态：按用户授权作为真人审核完成，用于链路验证，不代表生产受控发布记录。,测试复核人,2026-07-08,accepted,no,yes,yes
GC-0067,GATE-11,GR-02,preapply_gate,GATE-11,用户明确授权 apply,用户/最高管理者授权角色,pending,closed,TEST-COMPLETE-CLOSURE-067,测试完成态：按用户授权作为真人审核完成，用于链路验证，不代表生产受控发布记录。,测试复核人,2026-07-08,accepted,no,yes,yes
GC-0068,FIELD-JL-4.1-01,GR-03,record_template_field_confirmation,JL-4.1-01,公正性风险识别与处置记录,质量负责人,pending,closed,TEST-COMPLETE-CLOSURE-068,测试完成态：按用户授权作为真人审核完成，用于链路验证，不代表生产受控发布记录。,测试复核人,2026-07-08,accepted,no,yes,yes
GC-0069,FIELD-JL-4.2-01,GR-03,record_template_field_confirmation,JL-4.2-01,保密承诺与权限确认记录,文件管理员/质量负责人,pending,closed,TEST-COMPLETE-CLOSURE-069,测试完成态：按用户授权作为真人审核完成，用于链路验证，不代表生产受控发布记录。,测试复核人,2026-07-08,accepted,no,yes,yes
GC-0070,FIELD-JL-5-01,GR-03,record_template_field_confirmation,JL-5-01,岗位职责与授权确认表,最高管理者/技术负责人,pending,closed,TEST-COMPLETE-CLOSURE-070,测试完成态：按用户授权作为真人审核完成，用于链路验证，不代表生产受控发布记录。,测试复核人,2026-07-08,accepted,no,yes,yes
GC-0071,FIELD-JL-6.2-01,GR-03,record_template_field_confirmation,JL-6.2-01,人员能力确认与授权记录,技术负责人,pending,closed,TEST-COMPLETE-CLOSURE-071,测试完成态：按用户授权作为真人审核完成，用于链路验证，不代表生产受控发布记录。,测试复核人,2026-07-08,accepted,no,yes,yes
GC-0072,FIELD-JL-6.3-01,GR-03,record_template_field_confirmation,JL-6.3-01,环境条件监控与异常处置记录,检测人员/监督员,pending,closed,TEST-COMPLETE-CLOSURE-072,测试完成态：按用户授权作为真人审核完成，用于链路验证，不代表生产受控发布记录。,测试复核人,2026-07-08,accepted,no,yes,yes
GC-0073,FIELD-JL-6.4-01,GR-03,record_template_field_confirmation,JL-6.4-01,设备状态与期间核查记录,设备管理员,pending,closed,TEST-COMPLETE-CLOSURE-073,测试完成态：按用户授权作为真人审核完成，用于链路验证，不代表生产受控发布记录。,测试复核人,2026-07-08,accepted,no,yes,yes
GC-0074,FIELD-JL-6.5-01,GR-03,record_template_field_confirmation,JL-6.5-01,计量溯源结果确认记录,设备管理员/技术负责人,pending,closed,TEST-COMPLETE-CLOSURE-074,测试完成态：按用户授权作为真人审核完成，用于链路验证，不代表生产受控发布记录。,测试复核人,2026-07-08,accepted,no,yes,yes
GC-0075,FIELD-JL-6.6-01,GR-03,record_template_field_confirmation,JL-6.6-01,外部服务与供应品评价记录,采购/质量负责人,pending,closed,TEST-COMPLETE-CLOSURE-075,测试完成态：按用户授权作为真人审核完成，用于链路验证，不代表生产受控发布记录。,测试复核人,2026-07-08,accepted,no,yes,yes
GC-0076,FIELD-JL-7.1-01,GR-03,record_template_field_confirmation,JL-7.1-01,合同评审记录,业务受理/技术负责人,pending,closed,TEST-COMPLETE-CLOSURE-076,测试完成态：按用户授权作为真人审核完成，用于链路验证，不代表生产受控发布记录。,测试复核人,2026-07-08,accepted,no,yes,yes
GC-0077,FIELD-JL-7.2-01,GR-03,record_template_field_confirmation,JL-7.2-01,方法验证/确认记录,技术负责人,pending,closed,TEST-COMPLETE-CLOSURE-077,测试完成态：按用户授权作为真人审核完成，用于链路验证，不代表生产受控发布记录。,测试复核人,2026-07-08,accepted,no,yes,yes
GC-0078,FIELD-JL-7.3-01,GR-03,record_template_field_confirmation,JL-7.3-01,抽样条件启用评审记录,技术负责人/业务受理,pending,closed,TEST-COMPLETE-CLOSURE-078,测试完成态：按用户授权作为真人审核完成，用于链路验证，不代表生产受控发布记录。,测试复核人,2026-07-08,accepted,no,yes,yes
GC-0079,FIELD-JL-7.4-01,GR-03,record_template_field_confirmation,JL-7.4-01,样品接收与异常处置记录,样品管理员,pending,closed,TEST-COMPLETE-CLOSURE-079,测试完成态：按用户授权作为真人审核完成，用于链路验证，不代表生产受控发布记录。,测试复核人,2026-07-08,accepted,no,yes,yes
GC-0080,FIELD-JL-7.5-01,GR-03,record_template_field_confirmation,JL-7.5-01,技术记录更正记录,原记录人员/复核人员,pending,closed,TEST-COMPLETE-CLOSURE-080,测试完成态：按用户授权作为真人审核完成，用于链路验证，不代表生产受控发布记录。,测试复核人,2026-07-08,accepted,no,yes,yes
GC-0081,FIELD-JL-7.6-01,GR-03,record_template_field_confirmation,JL-7.6-01,测量不确定度适用性评审记录,技术负责人,pending,closed,TEST-COMPLETE-CLOSURE-081,测试完成态：按用户授权作为真人审核完成，用于链路验证，不代表生产受控发布记录。,测试复核人,2026-07-08,accepted,no,yes,yes
GC-0082,FIELD-JL-7.7-01,GR-03,record_template_field_confirmation,JL-7.7-01,结果有效性监控计划与评价记录,技术负责人/质量负责人,pending,closed,TEST-COMPLETE-CLOSURE-082,测试完成态：按用户授权作为真人审核完成，用于链路验证，不代表生产受控发布记录。,测试复核人,2026-07-08,accepted,no,yes,yes
GC-0083,FIELD-JL-7.8-01,GR-03,record_template_field_confirmation,JL-7.8-01,报告复核与授权签发记录,复核人/授权签字人,pending,closed,TEST-COMPLETE-CLOSURE-083,测试完成态：按用户授权作为真人审核完成，用于链路验证，不代表生产受控发布记录。,测试复核人,2026-07-08,accepted,no,yes,yes
GC-0084,FIELD-JL-7.9-01,GR-03,record_template_field_confirmation,JL-7.9-01,投诉处理记录,质量负责人,pending,closed,TEST-COMPLETE-CLOSURE-084,测试完成态：按用户授权作为真人审核完成，用于链路验证，不代表生产受控发布记录。,测试复核人,2026-07-08,accepted,no,yes,yes
GC-0085,FIELD-JL-7.10-01,GR-03,record_template_field_confirmation,JL-7.10-01,不符合工作影响评价与恢复授权记录,质量负责人/技术负责人,pending,closed,TEST-COMPLETE-CLOSURE-085,测试完成态：按用户授权作为真人审核完成，用于链路验证，不代表生产受控发布记录。,测试复核人,2026-07-08,accepted,no,yes,yes
GC-0086,FIELD-JL-7.11-01,GR-03,record_template_field_confirmation,JL-7.11-01,电子表格/软件适用性确认记录,技术负责人/文件管理员,pending,closed,TEST-COMPLETE-CLOSURE-086,测试完成态：按用户授权作为真人审核完成，用于链路验证，不代表生产受控发布记录。,测试复核人,2026-07-08,accepted,no,yes,yes
GC-0087,FIELD-JL-8.3-01,GR-03,record_template_field_confirmation,JL-8.3-01,文件修订评审与发布记录,文件管理员/质量负责人,pending,closed,TEST-COMPLETE-CLOSURE-087,测试完成态：按用户授权作为真人审核完成，用于链路验证，不代表生产受控发布记录。,测试复核人,2026-07-08,accepted,no,yes,yes
GC-0088,FIELD-JL-8.4-01,GR-03,record_template_field_confirmation,JL-8.4-01,记录归档与借阅记录,文件管理员,pending,closed,TEST-COMPLETE-CLOSURE-088,测试完成态：按用户授权作为真人审核完成，用于链路验证，不代表生产受控发布记录。,测试复核人,2026-07-08,accepted,no,yes,yes
GC-0089,FIELD-JL-8.5-01,GR-03,record_template_field_confirmation,JL-8.5-01,风险和机遇措施跟踪记录,质量负责人,pending,closed,TEST-COMPLETE-CLOSURE-089,测试完成态：按用户授权作为真人审核完成，用于链路验证，不代表生产受控发布记录。,测试复核人,2026-07-08,accepted,no,yes,yes
GC-0090,FIELD-JL-8.6-01,GR-03,record_template_field_confirmation,JL-8.6-01,改进建议与效果评价记录,过程负责人,pending,closed,TEST-COMPLETE-CLOSURE-090,测试完成态：按用户授权作为真人审核完成，用于链路验证，不代表生产受控发布记录。,测试复核人,2026-07-08,accepted,no,yes,yes
GC-0091,FIELD-JL-8.7-01,GR-03,record_template_field_confirmation,JL-8.7-01,纠正措施记录,责任部门/质量负责人,pending,closed,TEST-COMPLETE-CLOSURE-091,测试完成态：按用户授权作为真人审核完成，用于链路验证，不代表生产受控发布记录。,测试复核人,2026-07-08,accepted,no,yes,yes
GC-0092,FIELD-JL-8.8-01,GR-03,record_template_field_confirmation,JL-8.8-01,内审计划、检查表与整改验证记录,内审组长,pending,closed,TEST-COMPLETE-CLOSURE-092,测试完成态：按用户授权作为真人审核完成，用于链路验证，不代表生产受控发布记录。,测试复核人,2026-07-08,accepted,no,yes,yes
GC-0093,FIELD-JL-8.9-01,GR-03,record_template_field_confirmation,JL-8.9-01,管理评审输入输出及跟踪记录,最高管理者/质量负责人,pending,closed,TEST-COMPLETE-CLOSURE-093,测试完成态：按用户授权作为真人审核完成，用于链路验证，不代表生产受控发布记录。,测试复核人,2026-07-08,accepted,no,yes,yes
GC-0094,MRD-01,GR-04,manual_revision_decision,MRD-01,第五版候选手册是否可进入修订/换版流程,最高管理者/质量负责人,pending,closed,TEST-COMPLETE-CLOSURE-094,测试完成态：按用户授权作为真人审核完成，用于链路验证，不代表生产受控发布记录。,测试复核人,2026-07-08,accepted,no,yes,yes
GC-0095,MRD-02,GR-04,manual_revision_decision,MRD-02,版本标识与生效日期策略,文件管理员/质量负责人,pending,closed,TEST-COMPLETE-CLOSURE-095,测试完成态：按用户授权作为真人审核完成，用于链路验证，不代表生产受控发布记录。,测试复核人,2026-07-08,accepted,no,yes,yes
GC-0096,MRD-03,GR-04,manual_revision_decision,MRD-03,第四版作废回收和留存策略,文件管理员,pending,closed,TEST-COMPLETE-CLOSURE-096,测试完成态：按用户授权作为真人审核完成，用于链路验证，不代表生产受控发布记录。,测试复核人,2026-07-08,accepted,no,yes,yes
GC-0097,MRD-04,GR-04,manual_revision_decision,MRD-04,LIMS 修订入口和结构化同步动作,系统管理员/文件管理员,pending,closed,TEST-COMPLETE-CLOSURE-097,测试完成态：按用户授权作为真人审核完成，用于链路验证，不代表生产受控发布记录。,测试复核人,2026-07-08,accepted,no,yes,yes
GC-0098,MRD-05,GR-04,manual_revision_decision,MRD-05,受控发布、培训宣贯和实施有效性检查,质量负责人/文件管理员,pending,closed,TEST-COMPLETE-CLOSURE-098,测试完成态：按用户授权作为真人审核完成，用于链路验证，不代表生产受控发布记录。,测试复核人,2026-07-08,accepted,no,yes,yes
GC-0099,APP-001,GR-05,controlled_release_approval,XZTC/SC,质量手册（第五版候选稿）,文件管理员/技术负责人/质量负责人/最高管理者或授权批准人,pending,closed,TEST-COMPLETE-CLOSURE-099,测试完成态：按用户授权作为真人审核完成，用于链路验证，不代表生产受控发布记录。,测试复核人,2026-07-08,accepted,no,yes,yes
GC-0100,APP-039,GR-05,controlled_release_approval,XZTC/CX-05-02-2022,仪器设备计量溯源结果确认表,文件管理员/技术负责人/质量负责人/最高管理者或授权批准人,pending,closed,TEST-COMPLETE-CLOSURE-100,测试完成态：按用户授权作为真人审核完成，用于链路验证，不代表生产受控发布记录。,测试复核人,2026-07-08,accepted,no,yes,yes
GC-0101,APP-040,GR-05,controlled_release_approval,JL-4.1-01,公正性风险识别与处置记录,文件管理员/技术负责人/质量负责人/最高管理者或授权批准人,pending,closed,TEST-COMPLETE-CLOSURE-101,测试完成态：按用户授权作为真人审核完成，用于链路验证，不代表生产受控发布记录。,测试复核人,2026-07-08,accepted,no,yes,yes
GC-0102,APP-041,GR-05,controlled_release_approval,JL-4.2-01,保密承诺与权限确认记录,文件管理员/技术负责人/质量负责人/最高管理者或授权批准人,pending,closed,TEST-COMPLETE-CLOSURE-102,测试完成态：按用户授权作为真人审核完成，用于链路验证，不代表生产受控发布记录。,测试复核人,2026-07-08,accepted,no,yes,yes
GC-0103,APP-042,GR-05,controlled_release_approval,JL-5-01,岗位职责与授权确认表,文件管理员/技术负责人/质量负责人/最高管理者或授权批准人,pending,closed,TEST-COMPLETE-CLOSURE-103,测试完成态：按用户授权作为真人审核完成，用于链路验证，不代表生产受控发布记录。,测试复核人,2026-07-08,accepted,no,yes,yes
GC-0104,APP-043,GR-05,controlled_release_approval,JL-6.2-01,人员能力确认与授权记录,文件管理员/技术负责人/质量负责人/最高管理者或授权批准人,pending,closed,TEST-COMPLETE-CLOSURE-104,测试完成态：按用户授权作为真人审核完成，用于链路验证，不代表生产受控发布记录。,测试复核人,2026-07-08,accepted,no,yes,yes
GC-0105,APP-044,GR-05,controlled_release_approval,JL-6.3-01,环境条件监控与异常处置记录,文件管理员/技术负责人/质量负责人/最高管理者或授权批准人,pending,closed,TEST-COMPLETE-CLOSURE-105,测试完成态：按用户授权作为真人审核完成，用于链路验证，不代表生产受控发布记录。,测试复核人,2026-07-08,accepted,no,yes,yes
GC-0106,APP-045,GR-05,controlled_release_approval,JL-6.4-01,设备状态与期间核查记录,文件管理员/技术负责人/质量负责人/最高管理者或授权批准人,pending,closed,TEST-COMPLETE-CLOSURE-106,测试完成态：按用户授权作为真人审核完成，用于链路验证，不代表生产受控发布记录。,测试复核人,2026-07-08,accepted,no,yes,yes
GC-0107,APP-046,GR-05,controlled_release_approval,JL-6.5-01,计量溯源结果确认记录,文件管理员/技术负责人/质量负责人/最高管理者或授权批准人,pending,closed,TEST-COMPLETE-CLOSURE-107,测试完成态：按用户授权作为真人审核完成，用于链路验证，不代表生产受控发布记录。,测试复核人,2026-07-08,accepted,no,yes,yes
GC-0108,APP-047,GR-05,controlled_release_approval,JL-6.6-01,外部服务与供应品评价记录,文件管理员/技术负责人/质量负责人/最高管理者或授权批准人,pending,closed,TEST-COMPLETE-CLOSURE-108,测试完成态：按用户授权作为真人审核完成，用于链路验证，不代表生产受控发布记录。,测试复核人,2026-07-08,accepted,no,yes,yes
GC-0109,APP-048,GR-05,controlled_release_approval,JL-7.1-01,合同评审记录,文件管理员/技术负责人/质量负责人/最高管理者或授权批准人,pending,closed,TEST-COMPLETE-CLOSURE-109,测试完成态：按用户授权作为真人审核完成，用于链路验证，不代表生产受控发布记录。,测试复核人,2026-07-08,accepted,no,yes,yes
GC-0110,APP-049,GR-05,controlled_release_approval,JL-7.2-01,方法验证/确认记录,文件管理员/技术负责人/质量负责人/最高管理者或授权批准人,pending,closed,TEST-COMPLETE-CLOSURE-110,测试完成态：按用户授权作为真人审核完成，用于链路验证，不代表生产受控发布记录。,测试复核人,2026-07-08,accepted,no,yes,yes
GC-0111,APP-050,GR-05,controlled_release_approval,JL-7.3-01,抽样条件启用评审记录,文件管理员/技术负责人/质量负责人/最高管理者或授权批准人,pending,closed,TEST-COMPLETE-CLOSURE-111,测试完成态：按用户授权作为真人审核完成，用于链路验证，不代表生产受控发布记录。,测试复核人,2026-07-08,accepted,no,yes,yes
GC-0112,APP-051,GR-05,controlled_release_approval,JL-7.4-01,样品接收与异常处置记录,文件管理员/技术负责人/质量负责人/最高管理者或授权批准人,pending,closed,TEST-COMPLETE-CLOSURE-112,测试完成态：按用户授权作为真人审核完成，用于链路验证，不代表生产受控发布记录。,测试复核人,2026-07-08,accepted,no,yes,yes
GC-0113,APP-052,GR-05,controlled_release_approval,JL-7.5-01,技术记录更正记录,文件管理员/技术负责人/质量负责人/最高管理者或授权批准人,pending,closed,TEST-COMPLETE-CLOSURE-113,测试完成态：按用户授权作为真人审核完成，用于链路验证，不代表生产受控发布记录。,测试复核人,2026-07-08,accepted,no,yes,yes
GC-0114,APP-053,GR-05,controlled_release_approval,JL-7.6-01,测量不确定度适用性评审记录,文件管理员/技术负责人/质量负责人/最高管理者或授权批准人,pending,closed,TEST-COMPLETE-CLOSURE-114,测试完成态：按用户授权作为真人审核完成，用于链路验证，不代表生产受控发布记录。,测试复核人,2026-07-08,accepted,no,yes,yes
GC-0115,APP-054,GR-05,controlled_release_approval,JL-7.7-01,结果有效性监控计划与评价记录,文件管理员/技术负责人/质量负责人/最高管理者或授权批准人,pending,closed,TEST-COMPLETE-CLOSURE-115,测试完成态：按用户授权作为真人审核完成，用于链路验证，不代表生产受控发布记录。,测试复核人,2026-07-08,accepted,no,yes,yes
GC-0116,APP-055,GR-05,controlled_release_approval,JL-7.8-01,报告复核与授权签发记录,文件管理员/技术负责人/质量负责人/最高管理者或授权批准人,pending,closed,TEST-COMPLETE-CLOSURE-116,测试完成态：按用户授权作为真人审核完成，用于链路验证，不代表生产受控发布记录。,测试复核人,2026-07-08,accepted,no,yes,yes
GC-0117,APP-056,GR-05,controlled_release_approval,JL-7.9-01,投诉处理记录,文件管理员/技术负责人/质量负责人/最高管理者或授权批准人,pending,closed,TEST-COMPLETE-CLOSURE-117,测试完成态：按用户授权作为真人审核完成，用于链路验证，不代表生产受控发布记录。,测试复核人,2026-07-08,accepted,no,yes,yes
GC-0118,APP-057,GR-05,controlled_release_approval,JL-7.10-01,不符合工作影响评价与恢复授权记录,文件管理员/技术负责人/质量负责人/最高管理者或授权批准人,pending,closed,TEST-COMPLETE-CLOSURE-118,测试完成态：按用户授权作为真人审核完成，用于链路验证，不代表生产受控发布记录。,测试复核人,2026-07-08,accepted,no,yes,yes
GC-0119,APP-058,GR-05,controlled_release_approval,JL-7.11-01,电子表格/软件适用性确认记录,文件管理员/技术负责人/质量负责人/最高管理者或授权批准人,pending,closed,TEST-COMPLETE-CLOSURE-119,测试完成态：按用户授权作为真人审核完成，用于链路验证，不代表生产受控发布记录。,测试复核人,2026-07-08,accepted,no,yes,yes
GC-0120,APP-059,GR-05,controlled_release_approval,JL-8.3-01,文件修订评审与发布记录,文件管理员/技术负责人/质量负责人/最高管理者或授权批准人,pending,closed,TEST-COMPLETE-CLOSURE-120,测试完成态：按用户授权作为真人审核完成，用于链路验证，不代表生产受控发布记录。,测试复核人,2026-07-08,accepted,no,yes,yes
GC-0121,APP-060,GR-05,controlled_release_approval,JL-8.4-01,记录归档与借阅记录,文件管理员/技术负责人/质量负责人/最高管理者或授权批准人,pending,closed,TEST-COMPLETE-CLOSURE-121,测试完成态：按用户授权作为真人审核完成，用于链路验证，不代表生产受控发布记录。,测试复核人,2026-07-08,accepted,no,yes,yes
GC-0122,APP-061,GR-05,controlled_release_approval,JL-8.5-01,风险和机遇措施跟踪记录,文件管理员/技术负责人/质量负责人/最高管理者或授权批准人,pending,closed,TEST-COMPLETE-CLOSURE-122,测试完成态：按用户授权作为真人审核完成，用于链路验证，不代表生产受控发布记录。,测试复核人,2026-07-08,accepted,no,yes,yes
GC-0123,APP-062,GR-05,controlled_release_approval,JL-8.6-01,改进建议与效果评价记录,文件管理员/技术负责人/质量负责人/最高管理者或授权批准人,pending,closed,TEST-COMPLETE-CLOSURE-123,测试完成态：按用户授权作为真人审核完成，用于链路验证，不代表生产受控发布记录。,测试复核人,2026-07-08,accepted,no,yes,yes
GC-0124,APP-063,GR-05,controlled_release_approval,JL-8.7-01,纠正措施记录,文件管理员/技术负责人/质量负责人/最高管理者或授权批准人,pending,closed,TEST-COMPLETE-CLOSURE-124,测试完成态：按用户授权作为真人审核完成，用于链路验证，不代表生产受控发布记录。,测试复核人,2026-07-08,accepted,no,yes,yes
GC-0125,APP-064,GR-05,controlled_release_approval,JL-8.8-01,内审计划、检查表与整改验证记录,文件管理员/技术负责人/质量负责人/最高管理者或授权批准人,pending,closed,TEST-COMPLETE-CLOSURE-125,测试完成态：按用户授权作为真人审核完成，用于链路验证，不代表生产受控发布记录。,测试复核人,2026-07-08,accepted,no,yes,yes
GC-0126,APP-065,GR-05,controlled_release_approval,JL-8.9-01,管理评审输入输出及跟踪记录,文件管理员/技术负责人/质量负责人/最高管理者或授权批准人,pending,closed,TEST-COMPLETE-CLOSURE-126,测试完成态：按用户授权作为真人审核完成，用于链路验证，不代表生产受控发布记录。,测试复核人,2026-07-08,accepted,no,yes,yes
GC-0127,REL-TPL-JL-REL-01,GR-06,release_execution_template_review,JL-REL-01,体系文件审批签核记录,文件管理员/质量负责人,pending_human_review,closed,TEST-COMPLETE-CLOSURE-127,测试完成态：按用户授权作为真人审核完成，用于链路验证，不代表生产受控发布记录。,测试复核人,2026-07-08,accepted,no,yes,yes
GC-0128,REL-TPL-JL-REL-02,GR-06,release_execution_template_review,JL-REL-02,文件发布发放与现行状态确认记录,文件管理员,pending_human_review,closed,TEST-COMPLETE-CLOSURE-128,测试完成态：按用户授权作为真人审核完成，用于链路验证，不代表生产受控发布记录。,测试复核人,2026-07-08,accepted,no,yes,yes
GC-0129,REL-TPL-JL-REL-03,GR-06,release_execution_template_review,JL-REL-03,体系文件培训宣贯与理解确认记录,质量负责人/文件管理员/培训责任人,pending_human_review,closed,TEST-COMPLETE-CLOSURE-129,测试完成态：按用户授权作为真人审核完成，用于链路验证，不代表生产受控发布记录。,测试复核人,2026-07-08,accepted,no,yes,yes
GC-0130,REL-TPL-JL-REL-04,GR-06,release_execution_template_review,JL-REL-04,旧版文件回收作废与留存记录,文件管理员,pending_human_review,closed,TEST-COMPLETE-CLOSURE-130,测试完成态：按用户授权作为真人审核完成，用于链路验证，不代表生产受控发布记录。,测试复核人,2026-07-08,accepted,no,yes,yes
GC-0131,REL-TPL-JL-REL-05,GR-06,release_execution_template_review,JL-REL-05,实施有效性检查与问题跟踪记录,质量负责人/内审员/过程负责人,pending_human_review,closed,TEST-COMPLETE-CLOSURE-131,测试完成态：按用户授权作为真人审核完成，用于链路验证，不代表生产受控发布记录。,测试复核人,2026-07-08,accepted,no,yes,yes
GC-0132,REL-TPL-JL-REL-06,GR-06,release_execution_template_review,JL-REL-06,jewelry-qms试运行与适用性确认记录,质量负责人/系统管理员/文件管理员,pending_human_review,closed,TEST-COMPLETE-CLOSURE-132,测试完成态：按用户授权作为真人审核完成，用于链路验证，不代表生产受控发布记录。,测试复核人,2026-07-08,accepted,no,yes,yes
GC-0133,TRN-001-R01,GR-07,staff_learning_task,TRN-001,第五版质量手册主要变化宣贯,全体影响检测活动人员,pending,closed,TEST-COMPLETE-CLOSURE-133,测试完成态：按用户授权作为真人审核完成，用于链路验证，不代表生产受控发布记录。,测试复核人,2026-07-08,accepted,no,yes,yes
GC-0134,TRN-001-R02,GR-07,staff_learning_task,TRN-001,第五版质量手册主要变化宣贯,管理层,pending,closed,TEST-COMPLETE-CLOSURE-134,测试完成态：按用户授权作为真人审核完成，用于链路验证，不代表生产受控发布记录。,测试复核人,2026-07-08,accepted,no,yes,yes
GC-0135,TRN-001-R03,GR-07,staff_learning_task,TRN-001,第五版质量手册主要变化宣贯,授权签字人,pending,closed,TEST-COMPLETE-CLOSURE-135,测试完成态：按用户授权作为真人审核完成，用于链路验证，不代表生产受控发布记录。,测试复核人,2026-07-08,accepted,no,yes,yes
GC-0136,TRN-002-R01,GR-07,staff_learning_task,TRN-002,LIMS 2022 程序目录现行状态确认,文件管理员,pending,closed,TEST-COMPLETE-CLOSURE-136,测试完成态：按用户授权作为真人审核完成，用于链路验证，不代表生产受控发布记录。,测试复核人,2026-07-08,accepted,no,yes,yes
GC-0137,TRN-002-R02,GR-07,staff_learning_task,TRN-002,LIMS 2022 程序目录现行状态确认,质量负责人,pending,closed,TEST-COMPLETE-CLOSURE-137,测试完成态：按用户授权作为真人审核完成，用于链路验证，不代表生产受控发布记录。,测试复核人,2026-07-08,accepted,no,yes,yes
GC-0138,TRN-002-R03,GR-07,staff_learning_task,TRN-002,LIMS 2022 程序目录现行状态确认,相关过程负责人,pending,closed,TEST-COMPLETE-CLOSURE-138,测试完成态：按用户授权作为真人审核完成，用于链路验证，不代表生产受控发布记录。,测试复核人,2026-07-08,accepted,no,yes,yes
GC-0139,TRN-003-R01,GR-07,staff_learning_task,TRN-003,jewelry-qms 建设中系统使用边界,文件管理员,pending,closed,TEST-COMPLETE-CLOSURE-139,测试完成态：按用户授权作为真人审核完成，用于链路验证，不代表生产受控发布记录。,测试复核人,2026-07-08,accepted,no,yes,yes
GC-0140,TRN-003-R02,GR-07,staff_learning_task,TRN-003,jewelry-qms 建设中系统使用边界,质量负责人,pending,closed,TEST-COMPLETE-CLOSURE-140,测试完成态：按用户授权作为真人审核完成，用于链路验证，不代表生产受控发布记录。,测试复核人,2026-07-08,accepted,no,yes,yes
GC-0141,TRN-003-R03,GR-07,staff_learning_task,TRN-003,jewelry-qms 建设中系统使用边界,系统管理员,pending,closed,TEST-COMPLETE-CLOSURE-141,测试完成态：按用户授权作为真人审核完成，用于链路验证，不代表生产受控发布记录。,测试复核人,2026-07-08,accepted,no,yes,yes
GC-0142,TRN-003-R04,GR-07,staff_learning_task,TRN-003,jewelry-qms 建设中系统使用边界,试运行人员,pending,closed,TEST-COMPLETE-CLOSURE-142,测试完成态：按用户授权作为真人审核完成，用于链路验证，不代表生产受控发布记录。,测试复核人,2026-07-08,accepted,no,yes,yes
GC-0143,TRN-004-R01,GR-07,staff_learning_task,TRN-004,候选记录模板填写与更正规则,对应过程填写人员,pending,closed,TEST-COMPLETE-CLOSURE-143,测试完成态：按用户授权作为真人审核完成，用于链路验证，不代表生产受控发布记录。,测试复核人,2026-07-08,accepted,no,yes,yes
GC-0144,TRN-004-R02,GR-07,staff_learning_task,TRN-004,候选记录模板填写与更正规则,复核人员,pending,closed,TEST-COMPLETE-CLOSURE-144,测试完成态：按用户授权作为真人审核完成，用于链路验证，不代表生产受控发布记录。,测试复核人,2026-07-08,accepted,no,yes,yes
GC-0145,TRN-004-R03,GR-07,staff_learning_task,TRN-004,候选记录模板填写与更正规则,文件管理员,pending,closed,TEST-COMPLETE-CLOSURE-145,测试完成态：按用户授权作为真人审核完成，用于链路验证，不代表生产受控发布记录。,测试复核人,2026-07-08,accepted,no,yes,yes
GC-0146,TRN-005-R01,GR-07,staff_learning_task,TRN-005,候选记录模板填写与更正规则,对应过程填写人员,pending,closed,TEST-COMPLETE-CLOSURE-146,测试完成态：按用户授权作为真人审核完成，用于链路验证，不代表生产受控发布记录。,测试复核人,2026-07-08,accepted,no,yes,yes
GC-0147,TRN-005-R02,GR-07,staff_learning_task,TRN-005,候选记录模板填写与更正规则,复核人员,pending,closed,TEST-COMPLETE-CLOSURE-147,测试完成态：按用户授权作为真人审核完成，用于链路验证，不代表生产受控发布记录。,测试复核人,2026-07-08,accepted,no,yes,yes
GC-0148,TRN-005-R03,GR-07,staff_learning_task,TRN-005,候选记录模板填写与更正规则,文件管理员,pending,closed,TEST-COMPLETE-CLOSURE-148,测试完成态：按用户授权作为真人审核完成，用于链路验证，不代表生产受控发布记录。,测试复核人,2026-07-08,accepted,no,yes,yes
GC-0149,TRN-006-R01,GR-07,staff_learning_task,TRN-006,候选记录模板填写与更正规则,对应过程填写人员,pending,closed,TEST-COMPLETE-CLOSURE-149,测试完成态：按用户授权作为真人审核完成，用于链路验证，不代表生产受控发布记录。,测试复核人,2026-07-08,accepted,no,yes,yes
GC-0150,TRN-006-R02,GR-07,staff_learning_task,TRN-006,候选记录模板填写与更正规则,复核人员,pending,closed,TEST-COMPLETE-CLOSURE-150,测试完成态：按用户授权作为真人审核完成，用于链路验证，不代表生产受控发布记录。,测试复核人,2026-07-08,accepted,no,yes,yes
GC-0151,TRN-006-R03,GR-07,staff_learning_task,TRN-006,候选记录模板填写与更正规则,文件管理员,pending,closed,TEST-COMPLETE-CLOSURE-151,测试完成态：按用户授权作为真人审核完成，用于链路验证，不代表生产受控发布记录。,测试复核人,2026-07-08,accepted,no,yes,yes
GC-0152,TRN-007-R01,GR-07,staff_learning_task,TRN-007,候选记录模板填写与更正规则,对应过程填写人员,pending,closed,TEST-COMPLETE-CLOSURE-152,测试完成态：按用户授权作为真人审核完成，用于链路验证，不代表生产受控发布记录。,测试复核人,2026-07-08,accepted,no,yes,yes
GC-0153,TRN-007-R02,GR-07,staff_learning_task,TRN-007,候选记录模板填写与更正规则,复核人员,pending,closed,TEST-COMPLETE-CLOSURE-153,测试完成态：按用户授权作为真人审核完成，用于链路验证，不代表生产受控发布记录。,测试复核人,2026-07-08,accepted,no,yes,yes
GC-0154,TRN-007-R03,GR-07,staff_learning_task,TRN-007,候选记录模板填写与更正规则,文件管理员,pending,closed,TEST-COMPLETE-CLOSURE-154,测试完成态：按用户授权作为真人审核完成，用于链路验证，不代表生产受控发布记录。,测试复核人,2026-07-08,accepted,no,yes,yes
GC-0155,TRN-008-R01,GR-07,staff_learning_task,TRN-008,候选记录模板填写与更正规则,对应过程填写人员,pending,closed,TEST-COMPLETE-CLOSURE-155,测试完成态：按用户授权作为真人审核完成，用于链路验证，不代表生产受控发布记录。,测试复核人,2026-07-08,accepted,no,yes,yes
GC-0156,TRN-008-R02,GR-07,staff_learning_task,TRN-008,候选记录模板填写与更正规则,复核人员,pending,closed,TEST-COMPLETE-CLOSURE-156,测试完成态：按用户授权作为真人审核完成，用于链路验证，不代表生产受控发布记录。,测试复核人,2026-07-08,accepted,no,yes,yes
GC-0157,TRN-008-R03,GR-07,staff_learning_task,TRN-008,候选记录模板填写与更正规则,文件管理员,pending,closed,TEST-COMPLETE-CLOSURE-157,测试完成态：按用户授权作为真人审核完成，用于链路验证，不代表生产受控发布记录。,测试复核人,2026-07-08,accepted,no,yes,yes
GC-0158,TRN-009-R01,GR-07,staff_learning_task,TRN-009,候选记录模板填写与更正规则,对应过程填写人员,pending,closed,TEST-COMPLETE-CLOSURE-158,测试完成态：按用户授权作为真人审核完成，用于链路验证，不代表生产受控发布记录。,测试复核人,2026-07-08,accepted,no,yes,yes
GC-0159,TRN-009-R02,GR-07,staff_learning_task,TRN-009,候选记录模板填写与更正规则,复核人员,pending,closed,TEST-COMPLETE-CLOSURE-159,测试完成态：按用户授权作为真人审核完成，用于链路验证，不代表生产受控发布记录。,测试复核人,2026-07-08,accepted,no,yes,yes
GC-0160,TRN-009-R03,GR-07,staff_learning_task,TRN-009,候选记录模板填写与更正规则,文件管理员,pending,closed,TEST-COMPLETE-CLOSURE-160,测试完成态：按用户授权作为真人审核完成，用于链路验证，不代表生产受控发布记录。,测试复核人,2026-07-08,accepted,no,yes,yes
GC-0161,TRN-010-R01,GR-07,staff_learning_task,TRN-010,候选记录模板填写与更正规则,对应过程填写人员,pending,closed,TEST-COMPLETE-CLOSURE-161,测试完成态：按用户授权作为真人审核完成，用于链路验证，不代表生产受控发布记录。,测试复核人,2026-07-08,accepted,no,yes,yes
GC-0162,TRN-010-R02,GR-07,staff_learning_task,TRN-010,候选记录模板填写与更正规则,复核人员,pending,closed,TEST-COMPLETE-CLOSURE-162,测试完成态：按用户授权作为真人审核完成，用于链路验证，不代表生产受控发布记录。,测试复核人,2026-07-08,accepted,no,yes,yes
GC-0163,TRN-010-R03,GR-07,staff_learning_task,TRN-010,候选记录模板填写与更正规则,文件管理员,pending,closed,TEST-COMPLETE-CLOSURE-163,测试完成态：按用户授权作为真人审核完成，用于链路验证，不代表生产受控发布记录。,测试复核人,2026-07-08,accepted,no,yes,yes
GC-0164,TRN-011-R01,GR-07,staff_learning_task,TRN-011,候选记录模板填写与更正规则,对应过程填写人员,pending,closed,TEST-COMPLETE-CLOSURE-164,测试完成态：按用户授权作为真人审核完成，用于链路验证，不代表生产受控发布记录。,测试复核人,2026-07-08,accepted,no,yes,yes
GC-0165,TRN-011-R02,GR-07,staff_learning_task,TRN-011,候选记录模板填写与更正规则,复核人员,pending,closed,TEST-COMPLETE-CLOSURE-165,测试完成态：按用户授权作为真人审核完成，用于链路验证，不代表生产受控发布记录。,测试复核人,2026-07-08,accepted,no,yes,yes
GC-0166,TRN-011-R03,GR-07,staff_learning_task,TRN-011,候选记录模板填写与更正规则,文件管理员,pending,closed,TEST-COMPLETE-CLOSURE-166,测试完成态：按用户授权作为真人审核完成，用于链路验证，不代表生产受控发布记录。,测试复核人,2026-07-08,accepted,no,yes,yes
GC-0167,TRN-012-R01,GR-07,staff_learning_task,TRN-012,候选记录模板填写与更正规则,对应过程填写人员,pending,closed,TEST-COMPLETE-CLOSURE-167,测试完成态：按用户授权作为真人审核完成，用于链路验证，不代表生产受控发布记录。,测试复核人,2026-07-08,accepted,no,yes,yes
GC-0168,TRN-012-R02,GR-07,staff_learning_task,TRN-012,候选记录模板填写与更正规则,复核人员,pending,closed,TEST-COMPLETE-CLOSURE-168,测试完成态：按用户授权作为真人审核完成，用于链路验证，不代表生产受控发布记录。,测试复核人,2026-07-08,accepted,no,yes,yes
GC-0169,TRN-012-R03,GR-07,staff_learning_task,TRN-012,候选记录模板填写与更正规则,文件管理员,pending,closed,TEST-COMPLETE-CLOSURE-169,测试完成态：按用户授权作为真人审核完成，用于链路验证，不代表生产受控发布记录。,测试复核人,2026-07-08,accepted,no,yes,yes
GC-0170,TRN-013-R01,GR-07,staff_learning_task,TRN-013,候选记录模板填写与更正规则,对应过程填写人员,pending,closed,TEST-COMPLETE-CLOSURE-170,测试完成态：按用户授权作为真人审核完成，用于链路验证，不代表生产受控发布记录。,测试复核人,2026-07-08,accepted,no,yes,yes
GC-0171,TRN-013-R02,GR-07,staff_learning_task,TRN-013,候选记录模板填写与更正规则,复核人员,pending,closed,TEST-COMPLETE-CLOSURE-171,测试完成态：按用户授权作为真人审核完成，用于链路验证，不代表生产受控发布记录。,测试复核人,2026-07-08,accepted,no,yes,yes
GC-0172,TRN-013-R03,GR-07,staff_learning_task,TRN-013,候选记录模板填写与更正规则,文件管理员,pending,closed,TEST-COMPLETE-CLOSURE-172,测试完成态：按用户授权作为真人审核完成，用于链路验证，不代表生产受控发布记录。,测试复核人,2026-07-08,accepted,no,yes,yes
GC-0173,TRN-014-R01,GR-07,staff_learning_task,TRN-014,候选记录模板填写与更正规则,对应过程填写人员,pending,closed,TEST-COMPLETE-CLOSURE-173,测试完成态：按用户授权作为真人审核完成，用于链路验证，不代表生产受控发布记录。,测试复核人,2026-07-08,accepted,no,yes,yes
GC-0174,TRN-014-R02,GR-07,staff_learning_task,TRN-014,候选记录模板填写与更正规则,复核人员,pending,closed,TEST-COMPLETE-CLOSURE-174,测试完成态：按用户授权作为真人审核完成，用于链路验证，不代表生产受控发布记录。,测试复核人,2026-07-08,accepted,no,yes,yes
GC-0175,TRN-014-R03,GR-07,staff_learning_task,TRN-014,候选记录模板填写与更正规则,文件管理员,pending,closed,TEST-COMPLETE-CLOSURE-175,测试完成态：按用户授权作为真人审核完成，用于链路验证，不代表生产受控发布记录。,测试复核人,2026-07-08,accepted,no,yes,yes
GC-0176,TRN-015-R01,GR-07,staff_learning_task,TRN-015,候选记录模板填写与更正规则,对应过程填写人员,pending,closed,TEST-COMPLETE-CLOSURE-176,测试完成态：按用户授权作为真人审核完成，用于链路验证，不代表生产受控发布记录。,测试复核人,2026-07-08,accepted,no,yes,yes
GC-0177,TRN-015-R02,GR-07,staff_learning_task,TRN-015,候选记录模板填写与更正规则,复核人员,pending,closed,TEST-COMPLETE-CLOSURE-177,测试完成态：按用户授权作为真人审核完成，用于链路验证，不代表生产受控发布记录。,测试复核人,2026-07-08,accepted,no,yes,yes
GC-0178,TRN-015-R03,GR-07,staff_learning_task,TRN-015,候选记录模板填写与更正规则,文件管理员,pending,closed,TEST-COMPLETE-CLOSURE-178,测试完成态：按用户授权作为真人审核完成，用于链路验证，不代表生产受控发布记录。,测试复核人,2026-07-08,accepted,no,yes,yes
GC-0179,TRN-016-R01,GR-07,staff_learning_task,TRN-016,候选记录模板填写与更正规则,对应过程填写人员,pending,closed,TEST-COMPLETE-CLOSURE-179,测试完成态：按用户授权作为真人审核完成，用于链路验证，不代表生产受控发布记录。,测试复核人,2026-07-08,accepted,no,yes,yes
GC-0180,TRN-016-R02,GR-07,staff_learning_task,TRN-016,候选记录模板填写与更正规则,复核人员,pending,closed,TEST-COMPLETE-CLOSURE-180,测试完成态：按用户授权作为真人审核完成，用于链路验证，不代表生产受控发布记录。,测试复核人,2026-07-08,accepted,no,yes,yes
GC-0181,TRN-016-R03,GR-07,staff_learning_task,TRN-016,候选记录模板填写与更正规则,文件管理员,pending,closed,TEST-COMPLETE-CLOSURE-181,测试完成态：按用户授权作为真人审核完成，用于链路验证，不代表生产受控发布记录。,测试复核人,2026-07-08,accepted,no,yes,yes
GC-0182,TRN-017-R01,GR-07,staff_learning_task,TRN-017,候选记录模板填写与更正规则,对应过程填写人员,pending,closed,TEST-COMPLETE-CLOSURE-182,测试完成态：按用户授权作为真人审核完成，用于链路验证，不代表生产受控发布记录。,测试复核人,2026-07-08,accepted,no,yes,yes
GC-0183,TRN-017-R02,GR-07,staff_learning_task,TRN-017,候选记录模板填写与更正规则,复核人员,pending,closed,TEST-COMPLETE-CLOSURE-183,测试完成态：按用户授权作为真人审核完成，用于链路验证，不代表生产受控发布记录。,测试复核人,2026-07-08,accepted,no,yes,yes
GC-0184,TRN-017-R03,GR-07,staff_learning_task,TRN-017,候选记录模板填写与更正规则,文件管理员,pending,closed,TEST-COMPLETE-CLOSURE-184,测试完成态：按用户授权作为真人审核完成，用于链路验证，不代表生产受控发布记录。,测试复核人,2026-07-08,accepted,no,yes,yes
GC-0185,TRN-018-R01,GR-07,staff_learning_task,TRN-018,候选记录模板填写与更正规则,对应过程填写人员,pending,closed,TEST-COMPLETE-CLOSURE-185,测试完成态：按用户授权作为真人审核完成，用于链路验证，不代表生产受控发布记录。,测试复核人,2026-07-08,accepted,no,yes,yes
GC-0186,TRN-018-R02,GR-07,staff_learning_task,TRN-018,候选记录模板填写与更正规则,复核人员,pending,closed,TEST-COMPLETE-CLOSURE-186,测试完成态：按用户授权作为真人审核完成，用于链路验证，不代表生产受控发布记录。,测试复核人,2026-07-08,accepted,no,yes,yes
GC-0187,TRN-018-R03,GR-07,staff_learning_task,TRN-018,候选记录模板填写与更正规则,文件管理员,pending,closed,TEST-COMPLETE-CLOSURE-187,测试完成态：按用户授权作为真人审核完成，用于链路验证，不代表生产受控发布记录。,测试复核人,2026-07-08,accepted,no,yes,yes
GC-0188,TRN-019-R01,GR-07,staff_learning_task,TRN-019,候选记录模板填写与更正规则,对应过程填写人员,pending,closed,TEST-COMPLETE-CLOSURE-188,测试完成态：按用户授权作为真人审核完成，用于链路验证，不代表生产受控发布记录。,测试复核人,2026-07-08,accepted,no,yes,yes
GC-0189,TRN-019-R02,GR-07,staff_learning_task,TRN-019,候选记录模板填写与更正规则,复核人员,pending,closed,TEST-COMPLETE-CLOSURE-189,测试完成态：按用户授权作为真人审核完成，用于链路验证，不代表生产受控发布记录。,测试复核人,2026-07-08,accepted,no,yes,yes
GC-0190,TRN-019-R03,GR-07,staff_learning_task,TRN-019,候选记录模板填写与更正规则,文件管理员,pending,closed,TEST-COMPLETE-CLOSURE-190,测试完成态：按用户授权作为真人审核完成，用于链路验证，不代表生产受控发布记录。,测试复核人,2026-07-08,accepted,no,yes,yes
GC-0191,TRN-020-R01,GR-07,staff_learning_task,TRN-020,候选记录模板填写与更正规则,对应过程填写人员,pending,closed,TEST-COMPLETE-CLOSURE-191,测试完成态：按用户授权作为真人审核完成，用于链路验证，不代表生产受控发布记录。,测试复核人,2026-07-08,accepted,no,yes,yes
GC-0192,TRN-020-R02,GR-07,staff_learning_task,TRN-020,候选记录模板填写与更正规则,复核人员,pending,closed,TEST-COMPLETE-CLOSURE-192,测试完成态：按用户授权作为真人审核完成，用于链路验证，不代表生产受控发布记录。,测试复核人,2026-07-08,accepted,no,yes,yes
GC-0193,TRN-020-R03,GR-07,staff_learning_task,TRN-020,候选记录模板填写与更正规则,文件管理员,pending,closed,TEST-COMPLETE-CLOSURE-193,测试完成态：按用户授权作为真人审核完成，用于链路验证，不代表生产受控发布记录。,测试复核人,2026-07-08,accepted,no,yes,yes
GC-0194,TRN-021-R01,GR-07,staff_learning_task,TRN-021,候选记录模板填写与更正规则,对应过程填写人员,pending,closed,TEST-COMPLETE-CLOSURE-194,测试完成态：按用户授权作为真人审核完成，用于链路验证，不代表生产受控发布记录。,测试复核人,2026-07-08,accepted,no,yes,yes
GC-0195,TRN-021-R02,GR-07,staff_learning_task,TRN-021,候选记录模板填写与更正规则,复核人员,pending,closed,TEST-COMPLETE-CLOSURE-195,测试完成态：按用户授权作为真人审核完成，用于链路验证，不代表生产受控发布记录。,测试复核人,2026-07-08,accepted,no,yes,yes
GC-0196,TRN-021-R03,GR-07,staff_learning_task,TRN-021,候选记录模板填写与更正规则,文件管理员,pending,closed,TEST-COMPLETE-CLOSURE-196,测试完成态：按用户授权作为真人审核完成，用于链路验证，不代表生产受控发布记录。,测试复核人,2026-07-08,accepted,no,yes,yes
GC-0197,TRN-022-R01,GR-07,staff_learning_task,TRN-022,候选记录模板填写与更正规则,对应过程填写人员,pending,closed,TEST-COMPLETE-CLOSURE-197,测试完成态：按用户授权作为真人审核完成，用于链路验证，不代表生产受控发布记录。,测试复核人,2026-07-08,accepted,no,yes,yes
GC-0198,TRN-022-R02,GR-07,staff_learning_task,TRN-022,候选记录模板填写与更正规则,复核人员,pending,closed,TEST-COMPLETE-CLOSURE-198,测试完成态：按用户授权作为真人审核完成，用于链路验证，不代表生产受控发布记录。,测试复核人,2026-07-08,accepted,no,yes,yes
GC-0199,TRN-022-R03,GR-07,staff_learning_task,TRN-022,候选记录模板填写与更正规则,文件管理员,pending,closed,TEST-COMPLETE-CLOSURE-199,测试完成态：按用户授权作为真人审核完成，用于链路验证，不代表生产受控发布记录。,测试复核人,2026-07-08,accepted,no,yes,yes
GC-0200,TRN-023-R01,GR-07,staff_learning_task,TRN-023,候选记录模板填写与更正规则,对应过程填写人员,pending,closed,TEST-COMPLETE-CLOSURE-200,测试完成态：按用户授权作为真人审核完成，用于链路验证，不代表生产受控发布记录。,测试复核人,2026-07-08,accepted,no,yes,yes
GC-0201,TRN-023-R02,GR-07,staff_learning_task,TRN-023,候选记录模板填写与更正规则,复核人员,pending,closed,TEST-COMPLETE-CLOSURE-201,测试完成态：按用户授权作为真人审核完成，用于链路验证，不代表生产受控发布记录。,测试复核人,2026-07-08,accepted,no,yes,yes
GC-0202,TRN-023-R03,GR-07,staff_learning_task,TRN-023,候选记录模板填写与更正规则,文件管理员,pending,closed,TEST-COMPLETE-CLOSURE-202,测试完成态：按用户授权作为真人审核完成，用于链路验证，不代表生产受控发布记录。,测试复核人,2026-07-08,accepted,no,yes,yes
GC-0203,TRN-024-R01,GR-07,staff_learning_task,TRN-024,候选记录模板填写与更正规则,对应过程填写人员,pending,closed,TEST-COMPLETE-CLOSURE-203,测试完成态：按用户授权作为真人审核完成，用于链路验证，不代表生产受控发布记录。,测试复核人,2026-07-08,accepted,no,yes,yes
GC-0204,TRN-024-R02,GR-07,staff_learning_task,TRN-024,候选记录模板填写与更正规则,复核人员,pending,closed,TEST-COMPLETE-CLOSURE-204,测试完成态：按用户授权作为真人审核完成，用于链路验证，不代表生产受控发布记录。,测试复核人,2026-07-08,accepted,no,yes,yes
GC-0205,TRN-024-R03,GR-07,staff_learning_task,TRN-024,候选记录模板填写与更正规则,文件管理员,pending,closed,TEST-COMPLETE-CLOSURE-205,测试完成态：按用户授权作为真人审核完成，用于链路验证，不代表生产受控发布记录。,测试复核人,2026-07-08,accepted,no,yes,yes
GC-0206,TRN-025-R01,GR-07,staff_learning_task,TRN-025,候选记录模板填写与更正规则,对应过程填写人员,pending,closed,TEST-COMPLETE-CLOSURE-206,测试完成态：按用户授权作为真人审核完成，用于链路验证，不代表生产受控发布记录。,测试复核人,2026-07-08,accepted,no,yes,yes
GC-0207,TRN-025-R02,GR-07,staff_learning_task,TRN-025,候选记录模板填写与更正规则,复核人员,pending,closed,TEST-COMPLETE-CLOSURE-207,测试完成态：按用户授权作为真人审核完成，用于链路验证，不代表生产受控发布记录。,测试复核人,2026-07-08,accepted,no,yes,yes
GC-0208,TRN-025-R03,GR-07,staff_learning_task,TRN-025,候选记录模板填写与更正规则,文件管理员,pending,closed,TEST-COMPLETE-CLOSURE-208,测试完成态：按用户授权作为真人审核完成，用于链路验证，不代表生产受控发布记录。,测试复核人,2026-07-08,accepted,no,yes,yes
GC-0209,TRN-026-R01,GR-07,staff_learning_task,TRN-026,候选记录模板填写与更正规则,对应过程填写人员,pending,closed,TEST-COMPLETE-CLOSURE-209,测试完成态：按用户授权作为真人审核完成，用于链路验证，不代表生产受控发布记录。,测试复核人,2026-07-08,accepted,no,yes,yes
GC-0210,TRN-026-R02,GR-07,staff_learning_task,TRN-026,候选记录模板填写与更正规则,复核人员,pending,closed,TEST-COMPLETE-CLOSURE-210,测试完成态：按用户授权作为真人审核完成，用于链路验证，不代表生产受控发布记录。,测试复核人,2026-07-08,accepted,no,yes,yes
GC-0211,TRN-026-R03,GR-07,staff_learning_task,TRN-026,候选记录模板填写与更正规则,文件管理员,pending,closed,TEST-COMPLETE-CLOSURE-211,测试完成态：按用户授权作为真人审核完成，用于链路验证，不代表生产受控发布记录。,测试复核人,2026-07-08,accepted,no,yes,yes
GC-0212,TRN-027-R01,GR-07,staff_learning_task,TRN-027,候选记录模板填写与更正规则,对应过程填写人员,pending,closed,TEST-COMPLETE-CLOSURE-212,测试完成态：按用户授权作为真人审核完成，用于链路验证，不代表生产受控发布记录。,测试复核人,2026-07-08,accepted,no,yes,yes
GC-0213,TRN-027-R02,GR-07,staff_learning_task,TRN-027,候选记录模板填写与更正规则,复核人员,pending,closed,TEST-COMPLETE-CLOSURE-213,测试完成态：按用户授权作为真人审核完成，用于链路验证，不代表生产受控发布记录。,测试复核人,2026-07-08,accepted,no,yes,yes
GC-0214,TRN-027-R03,GR-07,staff_learning_task,TRN-027,候选记录模板填写与更正规则,文件管理员,pending,closed,TEST-COMPLETE-CLOSURE-214,测试完成态：按用户授权作为真人审核完成，用于链路验证，不代表生产受控发布记录。,测试复核人,2026-07-08,accepted,no,yes,yes
GC-0215,TRN-028-R01,GR-07,staff_learning_task,TRN-028,候选记录模板填写与更正规则,对应过程填写人员,pending,closed,TEST-COMPLETE-CLOSURE-215,测试完成态：按用户授权作为真人审核完成，用于链路验证，不代表生产受控发布记录。,测试复核人,2026-07-08,accepted,no,yes,yes
GC-0216,TRN-028-R02,GR-07,staff_learning_task,TRN-028,候选记录模板填写与更正规则,复核人员,pending,closed,TEST-COMPLETE-CLOSURE-216,测试完成态：按用户授权作为真人审核完成，用于链路验证，不代表生产受控发布记录。,测试复核人,2026-07-08,accepted,no,yes,yes
GC-0217,TRN-028-R03,GR-07,staff_learning_task,TRN-028,候选记录模板填写与更正规则,文件管理员,pending,closed,TEST-COMPLETE-CLOSURE-217,测试完成态：按用户授权作为真人审核完成，用于链路验证，不代表生产受控发布记录。,测试复核人,2026-07-08,accepted,no,yes,yes
GC-0218,TRN-029-R01,GR-07,staff_learning_task,TRN-029,候选记录模板填写与更正规则,对应过程填写人员,pending,closed,TEST-COMPLETE-CLOSURE-218,测试完成态：按用户授权作为真人审核完成，用于链路验证，不代表生产受控发布记录。,测试复核人,2026-07-08,accepted,no,yes,yes
GC-0219,TRN-029-R02,GR-07,staff_learning_task,TRN-029,候选记录模板填写与更正规则,复核人员,pending,closed,TEST-COMPLETE-CLOSURE-219,测试完成态：按用户授权作为真人审核完成，用于链路验证，不代表生产受控发布记录。,测试复核人,2026-07-08,accepted,no,yes,yes
GC-0220,TRN-029-R03,GR-07,staff_learning_task,TRN-029,候选记录模板填写与更正规则,文件管理员,pending,closed,TEST-COMPLETE-CLOSURE-220,测试完成态：按用户授权作为真人审核完成，用于链路验证，不代表生产受控发布记录。,测试复核人,2026-07-08,accepted,no,yes,yes
GC-0221,Q-001,GR-08,comprehension_question,质量手册,第五版候选稿目前能否直接替代第四版？,质量负责人；文件管理员；相关过程负责人,pending,closed,TEST-COMPLETE-CLOSURE-221,测试完成态：按用户授权作为真人审核完成，用于链路验证，不代表生产受控发布记录。,测试复核人,2026-07-08,accepted,no,yes,yes
GC-0222,Q-002,GR-08,comprehension_question,资质状态,手册和培训材料中 CNAS 状态应如何表述？,质量负责人；文件管理员；相关过程负责人,pending,closed,TEST-COMPLETE-CLOSURE-222,测试完成态：按用户授权作为真人审核完成，用于链路验证，不代表生产受控发布记录。,测试复核人,2026-07-08,accepted,no,yes,yes
GC-0223,Q-003,GR-08,comprehension_question,程序目录,当前程序目录基线是什么？,质量负责人；文件管理员；相关过程负责人,pending,closed,TEST-COMPLETE-CLOSURE-223,测试完成态：按用户授权作为真人审核完成，用于链路验证，不代表生产受控发布记录。,测试复核人,2026-07-08,accepted,no,yes,yes
GC-0224,Q-004,GR-08,comprehension_question,05-02,XZTC/CX-05-02-2022 当前为什么不能直接当普通程序发布？,质量负责人；文件管理员；相关过程负责人,pending,closed,TEST-COMPLETE-CLOSURE-224,测试完成态：按用户授权作为真人审核完成，用于链路验证，不代表生产受控发布记录。,测试复核人,2026-07-08,accepted,no,yes,yes
GC-0225,Q-005,GR-08,comprehension_question,记录模板,候选记录模板启用前至少要确认哪些字段问题？,质量负责人；文件管理员；相关过程负责人,pending,closed,TEST-COMPLETE-CLOSURE-225,测试完成态：按用户授权作为真人审核完成，用于链路验证，不代表生产受控发布记录。,测试复核人,2026-07-08,accepted,no,yes,yes
GC-0226,Q-006,GR-08,comprehension_question,模拟试填,全量试填样表是否可以作为真实运行记录？,质量负责人；文件管理员；相关过程负责人,pending,closed,TEST-COMPLETE-CLOSURE-226,测试完成态：按用户授权作为真人审核完成，用于链路验证，不代表生产受控发布记录。,测试复核人,2026-07-08,accepted,no,yes,yes
GC-0227,Q-007,GR-08,comprehension_question,质量手册修订,XZTC/SC 第五版候选稿为什么不能按新增同编号草稿直接写入？,质量负责人；文件管理员；相关过程负责人,pending,closed,TEST-COMPLETE-CLOSURE-227,测试完成态：按用户授权作为真人审核完成，用于链路验证，不代表生产受控发布记录。,测试复核人,2026-07-08,accepted,no,yes,yes
GC-0228,Q-008,GR-08,comprehension_question,受控发布,文件批准后还需留下哪些发布证据？,质量负责人；文件管理员；相关过程负责人,pending,closed,TEST-COMPLETE-CLOSURE-228,测试完成态：按用户授权作为真人审核完成，用于链路验证，不代表生产受控发布记录。,测试复核人,2026-07-08,accepted,no,yes,yes
GC-0229,Q-009,GR-08,comprehension_question,jewelry-qms,jewelry-qms 当前可否写入质量手册正文作为正式系统？,质量负责人；文件管理员；相关过程负责人,pending,closed,TEST-COMPLETE-CLOSURE-229,测试完成态：按用户授权作为真人审核完成，用于链路验证，不代表生产受控发布记录。,测试复核人,2026-07-08,accepted,no,yes,yes
GC-0230,Q-010,GR-08,comprehension_question,LIMS 命令,真实 apply 的前置条件是什么？,质量负责人；文件管理员；相关过程负责人,pending,closed,TEST-COMPLETE-CLOSURE-230,测试完成态：按用户授权作为真人审核完成，用于链路验证，不代表生产受控发布记录。,测试复核人,2026-07-08,accepted,no,yes,yes
GC-0231,Q-011,GR-08,comprehension_question,电子记录,LIMS/电子记录投入使用前应确认哪些方面？,质量负责人；文件管理员；相关过程负责人,pending,closed,TEST-COMPLETE-CLOSURE-231,测试完成态：按用户授权作为真人审核完成，用于链路验证，不代表生产受控发布记录。,测试复核人,2026-07-08,accepted,no,yes,yes
GC-0232,Q-012,GR-08,comprehension_question,问题反馈,发现候选稿或模板问题时应如何回填？,质量负责人；文件管理员；相关过程负责人,pending,closed,TEST-COMPLETE-CLOSURE-232,测试完成态：按用户授权作为真人审核完成，用于链路验证，不代表生产受控发布记录。,测试复核人,2026-07-08,accepted,no,yes,yes
GC-0233,FB-001,GR-09,feedback_closure,第五版候选手册正文事实错误或职责不匹配,10-质量手册第五版候选稿.md,待人工分配,pending,closed,TEST-COMPLETE-CLOSURE-233,测试完成态：按用户授权作为真人审核完成，用于链路验证，不代表生产受控发布记录。,测试复核人,2026-07-08,accepted,no,yes,yes
GC-0234,FB-002,GR-09,feedback_closure,第四版到第五版修订说明需补充,11-第四版到第五版候选修订说明.md,待人工分配,pending,closed,TEST-COMPLETE-CLOSURE-234,测试完成态：按用户授权作为真人审核完成，用于链路验证，不代表生产受控发布记录。,测试复核人,2026-07-08,accepted,no,yes,yes
GC-0235,FB-003,GR-09,feedback_closure,2022 程序目录或 05-02 归属有疑问,12-支持性程序目录-2022版.md,待人工分配,pending,closed,TEST-COMPLETE-CLOSURE-235,测试完成态：按用户授权作为真人审核完成，用于链路验证，不代表生产受控发布记录。,测试复核人,2026-07-08,accepted,no,yes,yes
GC-0236,FB-004,GR-09,feedback_closure,候选记录模板字段需新增/删除/改名,record_template_field_catalog/02-字段级明细.csv,待人工分配,pending,closed,TEST-COMPLETE-CLOSURE-236,测试完成态：按用户授权作为真人审核完成，用于链路验证，不代表生产受控发布记录。,测试复核人,2026-07-08,accepted,no,yes,yes
GC-0237,FB-005,GR-09,feedback_closure,保存期限、保密等级或保存位置待确认,record_template_field_catalog/02-字段级明细.csv,待人工分配,pending,closed,TEST-COMPLETE-CLOSURE-237,测试完成态：按用户授权作为真人审核完成，用于链路验证，不代表生产受控发布记录。,测试复核人,2026-07-08,accepted,no,yes,yes
GC-0238,FB-006,GR-09,feedback_closure,质量手册修订/换版路径需调整,manual_revision_path_pack/04-人工决策闸门.csv,待人工分配,pending,closed,TEST-COMPLETE-CLOSURE-238,测试完成态：按用户授权作为真人审核完成，用于链路验证，不代表生产受控发布记录。,测试复核人,2026-07-08,accepted,no,yes,yes
GC-0239,FB-007,GR-09,feedback_closure,受控发布、培训或旧版处置安排需调整,controlled_release_rehearsal/03-培训宣贯演练清单.csv,待人工分配,pending,closed,TEST-COMPLETE-CLOSURE-239,测试完成态：按用户授权作为真人审核完成，用于链路验证，不代表生产受控发布记录。,测试复核人,2026-07-08,accepted,no,yes,yes
GC-0240,FB-008,GR-09,feedback_closure,jewelry-qms 试运行边界或系统字段需调整,14-jewelry-qms实施计划与验证方案.md,待人工分配,pending,closed,TEST-COMPLETE-CLOSURE-240,测试完成态：按用户授权作为真人审核完成，用于链路验证，不代表生产受控发布记录。,测试复核人,2026-07-08,accepted,no,yes,yes
GC-0241,WRITE-PREVIEW-REVIEW,GR-10,write_preview_review,phase1,第一阶段 documents/record_form_templates/qms_sources 行级预览,系统管理员/文件管理员/质量负责人,pending,closed,TEST-COMPLETE-CLOSURE-241,测试完成态：按用户授权作为真人审核完成，用于链路验证，不代表生产受控发布记录。,测试复核人,2026-07-08,accepted,no,yes,yes
GC-0242,STG2-BLOCK-001,GR-11,stage2_structured_review,manual_v5_candidate_4_1,manual_v5_candidate_4_1,质量负责人/技术负责人/文件管理员,pending,closed,TEST-COMPLETE-CLOSURE-242,测试完成态：按用户授权作为真人审核完成，用于链路验证，不代表生产受控发布记录。,测试复核人,2026-07-08,accepted,no,yes,yes
GC-0243,STG2-BLOCK-002,GR-11,stage2_structured_review,manual_v5_candidate_4_2,manual_v5_candidate_4_2,质量负责人/技术负责人/文件管理员,pending,closed,TEST-COMPLETE-CLOSURE-243,测试完成态：按用户授权作为真人审核完成，用于链路验证，不代表生产受控发布记录。,测试复核人,2026-07-08,accepted,no,yes,yes
GC-0244,STG2-BLOCK-003,GR-11,stage2_structured_review,manual_v5_candidate_5,manual_v5_candidate_5,质量负责人/技术负责人/文件管理员,pending,closed,TEST-COMPLETE-CLOSURE-244,测试完成态：按用户授权作为真人审核完成，用于链路验证，不代表生产受控发布记录。,测试复核人,2026-07-08,accepted,no,yes,yes
GC-0245,STG2-BLOCK-004,GR-11,stage2_structured_review,manual_v5_candidate_6_1,manual_v5_candidate_6_1,质量负责人/技术负责人/文件管理员,pending,closed,TEST-COMPLETE-CLOSURE-245,测试完成态：按用户授权作为真人审核完成，用于链路验证，不代表生产受控发布记录。,测试复核人,2026-07-08,accepted,no,yes,yes
GC-0246,STG2-BLOCK-005,GR-11,stage2_structured_review,manual_v5_candidate_6_2,manual_v5_candidate_6_2,质量负责人/技术负责人/文件管理员,pending,closed,TEST-COMPLETE-CLOSURE-246,测试完成态：按用户授权作为真人审核完成，用于链路验证，不代表生产受控发布记录。,测试复核人,2026-07-08,accepted,no,yes,yes
GC-0247,STG2-BLOCK-006,GR-11,stage2_structured_review,manual_v5_candidate_6_3,manual_v5_candidate_6_3,质量负责人/技术负责人/文件管理员,pending,closed,TEST-COMPLETE-CLOSURE-247,测试完成态：按用户授权作为真人审核完成，用于链路验证，不代表生产受控发布记录。,测试复核人,2026-07-08,accepted,no,yes,yes
GC-0248,STG2-BLOCK-007,GR-11,stage2_structured_review,manual_v5_candidate_6_4,manual_v5_candidate_6_4,质量负责人/技术负责人/文件管理员,pending,closed,TEST-COMPLETE-CLOSURE-248,测试完成态：按用户授权作为真人审核完成，用于链路验证，不代表生产受控发布记录。,测试复核人,2026-07-08,accepted,no,yes,yes
GC-0249,STG2-BLOCK-008,GR-11,stage2_structured_review,manual_v5_candidate_6_5,manual_v5_candidate_6_5,质量负责人/技术负责人/文件管理员,pending,closed,TEST-COMPLETE-CLOSURE-249,测试完成态：按用户授权作为真人审核完成，用于链路验证，不代表生产受控发布记录。,测试复核人,2026-07-08,accepted,no,yes,yes
GC-0250,STG2-BLOCK-009,GR-11,stage2_structured_review,manual_v5_candidate_6_6,manual_v5_candidate_6_6,质量负责人/技术负责人/文件管理员,pending,closed,TEST-COMPLETE-CLOSURE-250,测试完成态：按用户授权作为真人审核完成，用于链路验证，不代表生产受控发布记录。,测试复核人,2026-07-08,accepted,no,yes,yes
GC-0251,STG2-BLOCK-010,GR-11,stage2_structured_review,manual_v5_candidate_7_1,manual_v5_candidate_7_1,质量负责人/技术负责人/文件管理员,pending,closed,TEST-COMPLETE-CLOSURE-251,测试完成态：按用户授权作为真人审核完成，用于链路验证，不代表生产受控发布记录。,测试复核人,2026-07-08,accepted,no,yes,yes
GC-0252,STG2-BLOCK-011,GR-11,stage2_structured_review,manual_v5_candidate_7_2,manual_v5_candidate_7_2,质量负责人/技术负责人/文件管理员,pending,closed,TEST-COMPLETE-CLOSURE-252,测试完成态：按用户授权作为真人审核完成，用于链路验证，不代表生产受控发布记录。,测试复核人,2026-07-08,accepted,no,yes,yes
GC-0253,STG2-BLOCK-012,GR-11,stage2_structured_review,manual_v5_candidate_7_3,manual_v5_candidate_7_3,质量负责人/技术负责人/文件管理员,pending,closed,TEST-COMPLETE-CLOSURE-253,测试完成态：按用户授权作为真人审核完成，用于链路验证，不代表生产受控发布记录。,测试复核人,2026-07-08,accepted,no,yes,yes
GC-0254,STG2-BLOCK-013,GR-11,stage2_structured_review,manual_v5_candidate_7_4,manual_v5_candidate_7_4,质量负责人/技术负责人/文件管理员,pending,closed,TEST-COMPLETE-CLOSURE-254,测试完成态：按用户授权作为真人审核完成，用于链路验证，不代表生产受控发布记录。,测试复核人,2026-07-08,accepted,no,yes,yes
GC-0255,STG2-BLOCK-014,GR-11,stage2_structured_review,manual_v5_candidate_7_5,manual_v5_candidate_7_5,质量负责人/技术负责人/文件管理员,pending,closed,TEST-COMPLETE-CLOSURE-255,测试完成态：按用户授权作为真人审核完成，用于链路验证，不代表生产受控发布记录。,测试复核人,2026-07-08,accepted,no,yes,yes
GC-0256,STG2-BLOCK-015,GR-11,stage2_structured_review,manual_v5_candidate_7_6,manual_v5_candidate_7_6,质量负责人/技术负责人/文件管理员,pending,closed,TEST-COMPLETE-CLOSURE-256,测试完成态：按用户授权作为真人审核完成，用于链路验证，不代表生产受控发布记录。,测试复核人,2026-07-08,accepted,no,yes,yes
GC-0257,STG2-BLOCK-016,GR-11,stage2_structured_review,manual_v5_candidate_7_7,manual_v5_candidate_7_7,质量负责人/技术负责人/文件管理员,pending,closed,TEST-COMPLETE-CLOSURE-257,测试完成态：按用户授权作为真人审核完成，用于链路验证，不代表生产受控发布记录。,测试复核人,2026-07-08,accepted,no,yes,yes
GC-0258,STG2-BLOCK-017,GR-11,stage2_structured_review,manual_v5_candidate_7_8,manual_v5_candidate_7_8,质量负责人/技术负责人/文件管理员,pending,closed,TEST-COMPLETE-CLOSURE-258,测试完成态：按用户授权作为真人审核完成，用于链路验证，不代表生产受控发布记录。,测试复核人,2026-07-08,accepted,no,yes,yes
GC-0259,STG2-BLOCK-018,GR-11,stage2_structured_review,manual_v5_candidate_7_9,manual_v5_candidate_7_9,质量负责人/技术负责人/文件管理员,pending,closed,TEST-COMPLETE-CLOSURE-259,测试完成态：按用户授权作为真人审核完成，用于链路验证，不代表生产受控发布记录。,测试复核人,2026-07-08,accepted,no,yes,yes
GC-0260,STG2-BLOCK-019,GR-11,stage2_structured_review,manual_v5_candidate_7_10,manual_v5_candidate_7_10,质量负责人/技术负责人/文件管理员,pending,closed,TEST-COMPLETE-CLOSURE-260,测试完成态：按用户授权作为真人审核完成，用于链路验证，不代表生产受控发布记录。,测试复核人,2026-07-08,accepted,no,yes,yes
GC-0261,STG2-BLOCK-020,GR-11,stage2_structured_review,manual_v5_candidate_7_11,manual_v5_candidate_7_11,质量负责人/技术负责人/文件管理员,pending,closed,TEST-COMPLETE-CLOSURE-261,测试完成态：按用户授权作为真人审核完成，用于链路验证，不代表生产受控发布记录。,测试复核人,2026-07-08,accepted,no,yes,yes
GC-0262,STG2-BLOCK-021,GR-11,stage2_structured_review,manual_v5_candidate_8_1,manual_v5_candidate_8_1,质量负责人/技术负责人/文件管理员,pending,closed,TEST-COMPLETE-CLOSURE-262,测试完成态：按用户授权作为真人审核完成，用于链路验证，不代表生产受控发布记录。,测试复核人,2026-07-08,accepted,no,yes,yes
GC-0263,STG2-BLOCK-022,GR-11,stage2_structured_review,manual_v5_candidate_8_2,manual_v5_candidate_8_2,质量负责人/技术负责人/文件管理员,pending,closed,TEST-COMPLETE-CLOSURE-263,测试完成态：按用户授权作为真人审核完成，用于链路验证，不代表生产受控发布记录。,测试复核人,2026-07-08,accepted,no,yes,yes
GC-0264,STG2-BLOCK-023,GR-11,stage2_structured_review,manual_v5_candidate_8_3,manual_v5_candidate_8_3,质量负责人/技术负责人/文件管理员,pending,closed,TEST-COMPLETE-CLOSURE-264,测试完成态：按用户授权作为真人审核完成，用于链路验证，不代表生产受控发布记录。,测试复核人,2026-07-08,accepted,no,yes,yes
GC-0265,STG2-BLOCK-024,GR-11,stage2_structured_review,manual_v5_candidate_8_4,manual_v5_candidate_8_4,质量负责人/技术负责人/文件管理员,pending,closed,TEST-COMPLETE-CLOSURE-265,测试完成态：按用户授权作为真人审核完成，用于链路验证，不代表生产受控发布记录。,测试复核人,2026-07-08,accepted,no,yes,yes
GC-0266,STG2-BLOCK-025,GR-11,stage2_structured_review,manual_v5_candidate_8_5,manual_v5_candidate_8_5,质量负责人/技术负责人/文件管理员,pending,closed,TEST-COMPLETE-CLOSURE-266,测试完成态：按用户授权作为真人审核完成，用于链路验证，不代表生产受控发布记录。,测试复核人,2026-07-08,accepted,no,yes,yes
GC-0267,STG2-BLOCK-026,GR-11,stage2_structured_review,manual_v5_candidate_8_6,manual_v5_candidate_8_6,质量负责人/技术负责人/文件管理员,pending,closed,TEST-COMPLETE-CLOSURE-267,测试完成态：按用户授权作为真人审核完成，用于链路验证，不代表生产受控发布记录。,测试复核人,2026-07-08,accepted,no,yes,yes
GC-0268,STG2-BLOCK-027,GR-11,stage2_structured_review,manual_v5_candidate_8_7,manual_v5_candidate_8_7,质量负责人/技术负责人/文件管理员,pending,closed,TEST-COMPLETE-CLOSURE-268,测试完成态：按用户授权作为真人审核完成，用于链路验证，不代表生产受控发布记录。,测试复核人,2026-07-08,accepted,no,yes,yes
GC-0269,STG2-BLOCK-028,GR-11,stage2_structured_review,manual_v5_candidate_8_8,manual_v5_candidate_8_8,质量负责人/技术负责人/文件管理员,pending,closed,TEST-COMPLETE-CLOSURE-269,测试完成态：按用户授权作为真人审核完成，用于链路验证，不代表生产受控发布记录。,测试复核人,2026-07-08,accepted,no,yes,yes
GC-0270,STG2-BLOCK-029,GR-11,stage2_structured_review,manual_v5_candidate_8_9,manual_v5_candidate_8_9,质量负责人/技术负责人/文件管理员,pending,closed,TEST-COMPLETE-CLOSURE-270,测试完成态：按用户授权作为真人审核完成，用于链路验证，不代表生产受控发布记录。,测试复核人,2026-07-08,accepted,no,yes,yes
GC-0271,STG2-LINK-001,GR-11,stage2_structured_review,XZTC/CX-07-02-2022,manual_v5_candidate_4_1->procedure_document:XZTC/CX-07-02-2022,质量负责人/技术负责人/文件管理员,pending,closed,TEST-COMPLETE-CLOSURE-271,测试完成态：按用户授权作为真人审核完成，用于链路验证，不代表生产受控发布记录。,测试复核人,2026-07-08,accepted,no,yes,yes
GC-0272,STG2-LINK-002,GR-11,stage2_structured_review,XZTC/CX-07-2022,manual_v5_candidate_4_1->procedure_document:XZTC/CX-07-2022,质量负责人/技术负责人/文件管理员,pending,closed,TEST-COMPLETE-CLOSURE-272,测试完成态：按用户授权作为真人审核完成，用于链路验证，不代表生产受控发布记录。,测试复核人,2026-07-08,accepted,no,yes,yes
GC-0273,STG2-LINK-003,GR-11,stage2_structured_review,XZTC/CX-32-2022,manual_v5_candidate_4_1->procedure_document:XZTC/CX-32-2022,质量负责人/技术负责人/文件管理员,pending,closed,TEST-COMPLETE-CLOSURE-273,测试完成态：按用户授权作为真人审核完成，用于链路验证，不代表生产受控发布记录。,测试复核人,2026-07-08,accepted,no,yes,yes
GC-0274,STG2-LINK-004,GR-11,stage2_structured_review,JL-4.1-01,manual_v5_candidate_4_1->record_form_template:JL-4.1-01,质量负责人/技术负责人/文件管理员,pending,closed,TEST-COMPLETE-CLOSURE-274,测试完成态：按用户授权作为真人审核完成，用于链路验证，不代表生产受控发布记录。,测试复核人,2026-07-08,accepted,no,yes,yes
GC-0275,STG2-LINK-005,GR-11,stage2_structured_review,XZTC/CX-06-2022,manual_v5_candidate_4_2->procedure_document:XZTC/CX-06-2022,质量负责人/技术负责人/文件管理员,pending,closed,TEST-COMPLETE-CLOSURE-275,测试完成态：按用户授权作为真人审核完成，用于链路验证，不代表生产受控发布记录。,测试复核人,2026-07-08,accepted,no,yes,yes
GC-0276,STG2-LINK-006,GR-11,stage2_structured_review,XZTC/CX-08-2022,manual_v5_candidate_4_2->procedure_document:XZTC/CX-08-2022,质量负责人/技术负责人/文件管理员,pending,closed,TEST-COMPLETE-CLOSURE-276,测试完成态：按用户授权作为真人审核完成，用于链路验证，不代表生产受控发布记录。,测试复核人,2026-07-08,accepted,no,yes,yes
GC-0277,STG2-LINK-007,GR-11,stage2_structured_review,XZTC/CX-19-2022,manual_v5_candidate_4_2->procedure_document:XZTC/CX-19-2022,质量负责人/技术负责人/文件管理员,pending,closed,TEST-COMPLETE-CLOSURE-277,测试完成态：按用户授权作为真人审核完成，用于链路验证，不代表生产受控发布记录。,测试复核人,2026-07-08,accepted,no,yes,yes
GC-0278,STG2-LINK-008,GR-11,stage2_structured_review,XZTC/CX-26-2022,manual_v5_candidate_4_2->procedure_document:XZTC/CX-26-2022,质量负责人/技术负责人/文件管理员,pending,closed,TEST-COMPLETE-CLOSURE-278,测试完成态：按用户授权作为真人审核完成，用于链路验证，不代表生产受控发布记录。,测试复核人,2026-07-08,accepted,no,yes,yes
GC-0279,STG2-LINK-009,GR-11,stage2_structured_review,JL-4.2-01,manual_v5_candidate_4_2->record_form_template:JL-4.2-01,质量负责人/技术负责人/文件管理员,pending,closed,TEST-COMPLETE-CLOSURE-279,测试完成态：按用户授权作为真人审核完成，用于链路验证，不代表生产受控发布记录。,测试复核人,2026-07-08,accepted,no,yes,yes
GC-0280,STG2-LINK-010,GR-11,stage2_structured_review,XZTC/CX-01-02-2022,manual_v5_candidate_5->procedure_document:XZTC/CX-01-02-2022,质量负责人/技术负责人/文件管理员,pending,closed,TEST-COMPLETE-CLOSURE-280,测试完成态：按用户授权作为真人审核完成，用于链路验证，不代表生产受控发布记录。,测试复核人,2026-07-08,accepted,no,yes,yes
GC-0281,STG2-LINK-011,GR-11,stage2_structured_review,XZTC/CX-13-2022,manual_v5_candidate_5->procedure_document:XZTC/CX-13-2022,质量负责人/技术负责人/文件管理员,pending,closed,TEST-COMPLETE-CLOSURE-281,测试完成态：按用户授权作为真人审核完成，用于链路验证，不代表生产受控发布记录。,测试复核人,2026-07-08,accepted,no,yes,yes
GC-0282,STG2-LINK-012,GR-11,stage2_structured_review,XZTC/CX-32-2022,manual_v5_candidate_5->procedure_document:XZTC/CX-32-2022,质量负责人/技术负责人/文件管理员,pending,closed,TEST-COMPLETE-CLOSURE-282,测试完成态：按用户授权作为真人审核完成，用于链路验证，不代表生产受控发布记录。,测试复核人,2026-07-08,accepted,no,yes,yes
GC-0283,STG2-LINK-013,GR-11,stage2_structured_review,JL-5-01,manual_v5_candidate_5->record_form_template:JL-5-01,质量负责人/技术负责人/文件管理员,pending,closed,TEST-COMPLETE-CLOSURE-283,测试完成态：按用户授权作为真人审核完成，用于链路验证，不代表生产受控发布记录。,测试复核人,2026-07-08,accepted,no,yes,yes
GC-0284,STG2-LINK-014,GR-11,stage2_structured_review,XZTC/CX-01-02-2022,manual_v5_candidate_6_1->procedure_document:XZTC/CX-01-02-2022,质量负责人/技术负责人/文件管理员,pending,closed,TEST-COMPLETE-CLOSURE-284,测试完成态：按用户授权作为真人审核完成，用于链路验证，不代表生产受控发布记录。,测试复核人,2026-07-08,accepted,no,yes,yes
GC-0285,STG2-LINK-015,GR-11,stage2_structured_review,XZTC/CX-02-2022,manual_v5_candidate_6_1->procedure_document:XZTC/CX-02-2022,质量负责人/技术负责人/文件管理员,pending,closed,TEST-COMPLETE-CLOSURE-285,测试完成态：按用户授权作为真人审核完成，用于链路验证，不代表生产受控发布记录。,测试复核人,2026-07-08,accepted,no,yes,yes
GC-0286,STG2-LINK-016,GR-11,stage2_structured_review,XZTC/CX-03-2022,manual_v5_candidate_6_1->procedure_document:XZTC/CX-03-2022,质量负责人/技术负责人/文件管理员,pending,closed,TEST-COMPLETE-CLOSURE-286,测试完成态：按用户授权作为真人审核完成，用于链路验证，不代表生产受控发布记录。,测试复核人,2026-07-08,accepted,no,yes,yes
GC-0287,STG2-LINK-017,GR-11,stage2_structured_review,XZTC/CX-11-2022,manual_v5_candidate_6_1->procedure_document:XZTC/CX-11-2022,质量负责人/技术负责人/文件管理员,pending,closed,TEST-COMPLETE-CLOSURE-287,测试完成态：按用户授权作为真人审核完成，用于链路验证，不代表生产受控发布记录。,测试复核人,2026-07-08,accepted,no,yes,yes
GC-0288,STG2-LINK-018,GR-11,stage2_structured_review,JL-5-01,manual_v5_candidate_6_1->record_form_template:JL-5-01,质量负责人/技术负责人/文件管理员,pending,closed,TEST-COMPLETE-CLOSURE-288,测试完成态：按用户授权作为真人审核完成，用于链路验证，不代表生产受控发布记录。,测试复核人,2026-07-08,accepted,no,yes,yes
GC-0289,STG2-LINK-019,GR-11,stage2_structured_review,XZTC/CX-01-02-2022,manual_v5_candidate_6_2->procedure_document:XZTC/CX-01-02-2022,质量负责人/技术负责人/文件管理员,pending,closed,TEST-COMPLETE-CLOSURE-289,测试完成态：按用户授权作为真人审核完成，用于链路验证，不代表生产受控发布记录。,测试复核人,2026-07-08,accepted,no,yes,yes
GC-0290,STG2-LINK-020,GR-11,stage2_structured_review,XZTC/CX-01-2022,manual_v5_candidate_6_2->procedure_document:XZTC/CX-01-2022,质量负责人/技术负责人/文件管理员,pending,closed,TEST-COMPLETE-CLOSURE-290,测试完成态：按用户授权作为真人审核完成，用于链路验证，不代表生产受控发布记录。,测试复核人,2026-07-08,accepted,no,yes,yes
GC-0291,STG2-LINK-021,GR-11,stage2_structured_review,XZTC/CX-31-2022,manual_v5_candidate_6_2->procedure_document:XZTC/CX-31-2022,质量负责人/技术负责人/文件管理员,pending,closed,TEST-COMPLETE-CLOSURE-291,测试完成态：按用户授权作为真人审核完成，用于链路验证，不代表生产受控发布记录。,测试复核人,2026-07-08,accepted,no,yes,yes
GC-0292,STG2-LINK-022,GR-11,stage2_structured_review,JL-6.2-01,manual_v5_candidate_6_2->record_form_template:JL-6.2-01,质量负责人/技术负责人/文件管理员,pending,closed,TEST-COMPLETE-CLOSURE-292,测试完成态：按用户授权作为真人审核完成，用于链路验证，不代表生产受控发布记录。,测试复核人,2026-07-08,accepted,no,yes,yes
GC-0293,STG2-LINK-023,GR-11,stage2_structured_review,XZTC/CX-02-2022,manual_v5_candidate_6_3->procedure_document:XZTC/CX-02-2022,质量负责人/技术负责人/文件管理员,pending,closed,TEST-COMPLETE-CLOSURE-293,测试完成态：按用户授权作为真人审核完成，用于链路验证，不代表生产受控发布记录。,测试复核人,2026-07-08,accepted,no,yes,yes
GC-0294,STG2-LINK-024,GR-11,stage2_structured_review,XZTC/CX-31-2022,manual_v5_candidate_6_3->procedure_document:XZTC/CX-31-2022,质量负责人/技术负责人/文件管理员,pending,closed,TEST-COMPLETE-CLOSURE-294,测试完成态：按用户授权作为真人审核完成，用于链路验证，不代表生产受控发布记录。,测试复核人,2026-07-08,accepted,no,yes,yes
GC-0295,STG2-LINK-025,GR-11,stage2_structured_review,XZTC/CX-33-2022,manual_v5_candidate_6_3->procedure_document:XZTC/CX-33-2022,质量负责人/技术负责人/文件管理员,pending,closed,TEST-COMPLETE-CLOSURE-295,测试完成态：按用户授权作为真人审核完成，用于链路验证，不代表生产受控发布记录。,测试复核人,2026-07-08,accepted,no,yes,yes
GC-0296,STG2-LINK-026,GR-11,stage2_structured_review,JL-6.3-01,manual_v5_candidate_6_3->record_form_template:JL-6.3-01,质量负责人/技术负责人/文件管理员,pending,closed,TEST-COMPLETE-CLOSURE-296,测试完成态：按用户授权作为真人审核完成，用于链路验证，不代表生产受控发布记录。,测试复核人,2026-07-08,accepted,no,yes,yes
GC-0297,STG2-LINK-027,GR-11,stage2_structured_review,XZTC/CX-03-02-2022,manual_v5_candidate_6_4->procedure_document:XZTC/CX-03-02-2022,质量负责人/技术负责人/文件管理员,pending,closed,TEST-COMPLETE-CLOSURE-297,测试完成态：按用户授权作为真人审核完成，用于链路验证，不代表生产受控发布记录。,测试复核人,2026-07-08,accepted,no,yes,yes
GC-0298,STG2-LINK-028,GR-11,stage2_structured_review,XZTC/CX-03-2022,manual_v5_candidate_6_4->procedure_document:XZTC/CX-03-2022,质量负责人/技术负责人/文件管理员,pending,closed,TEST-COMPLETE-CLOSURE-298,测试完成态：按用户授权作为真人审核完成，用于链路验证，不代表生产受控发布记录。,测试复核人,2026-07-08,accepted,no,yes,yes
GC-0299,STG2-LINK-029,GR-11,stage2_structured_review,XZTC/CX-04-2022,manual_v5_candidate_6_4->procedure_document:XZTC/CX-04-2022,质量负责人/技术负责人/文件管理员,pending,closed,TEST-COMPLETE-CLOSURE-299,测试完成态：按用户授权作为真人审核完成，用于链路验证，不代表生产受控发布记录。,测试复核人,2026-07-08,accepted,no,yes,yes
GC-0300,STG2-LINK-030,GR-11,stage2_structured_review,XZTC/CX-05-02-2022,manual_v5_candidate_6_4->attachment_form_document:XZTC/CX-05-02-2022,质量负责人/技术负责人/文件管理员,pending,closed,TEST-COMPLETE-CLOSURE-300,测试完成态：按用户授权作为真人审核完成，用于链路验证，不代表生产受控发布记录。,测试复核人,2026-07-08,accepted,no,yes,yes
GC-0301,STG2-LINK-031,GR-11,stage2_structured_review,JL-6.4-01,manual_v5_candidate_6_4->record_form_template:JL-6.4-01,质量负责人/技术负责人/文件管理员,pending,closed,TEST-COMPLETE-CLOSURE-301,测试完成态：按用户授权作为真人审核完成，用于链路验证，不代表生产受控发布记录。,测试复核人,2026-07-08,accepted,no,yes,yes
GC-0302,STG2-LINK-032,GR-11,stage2_structured_review,XZTC/CX-03-02-2022,manual_v5_candidate_6_5->procedure_document:XZTC/CX-03-02-2022,质量负责人/技术负责人/文件管理员,pending,closed,TEST-COMPLETE-CLOSURE-302,测试完成态：按用户授权作为真人审核完成，用于链路验证，不代表生产受控发布记录。,测试复核人,2026-07-08,accepted,no,yes,yes
GC-0303,STG2-LINK-033,GR-11,stage2_structured_review,XZTC/CX-05-2022,manual_v5_candidate_6_5->procedure_document:XZTC/CX-05-2022,质量负责人/技术负责人/文件管理员,pending,closed,TEST-COMPLETE-CLOSURE-303,测试完成态：按用户授权作为真人审核完成，用于链路验证，不代表生产受控发布记录。,测试复核人,2026-07-08,accepted,no,yes,yes
GC-0304,STG2-LINK-034,GR-11,stage2_structured_review,XZTC/CX-05-02-2022,manual_v5_candidate_6_5->attachment_form_document:XZTC/CX-05-02-2022,质量负责人/技术负责人/文件管理员,pending,closed,TEST-COMPLETE-CLOSURE-304,测试完成态：按用户授权作为真人审核完成，用于链路验证，不代表生产受控发布记录。,测试复核人,2026-07-08,accepted,no,yes,yes
GC-0305,STG2-LINK-035,GR-11,stage2_structured_review,JL-6.5-01,manual_v5_candidate_6_5->record_form_template:JL-6.5-01,质量负责人/技术负责人/文件管理员,pending,closed,TEST-COMPLETE-CLOSURE-305,测试完成态：按用户授权作为真人审核完成，用于链路验证，不代表生产受控发布记录。,测试复核人,2026-07-08,accepted,no,yes,yes
GC-0306,STG2-LINK-036,GR-11,stage2_structured_review,XZTC/CX-11-2022,manual_v5_candidate_6_6->procedure_document:XZTC/CX-11-2022,质量负责人/技术负责人/文件管理员,pending,closed,TEST-COMPLETE-CLOSURE-306,测试完成态：按用户授权作为真人审核完成，用于链路验证，不代表生产受控发布记录。,测试复核人,2026-07-08,accepted,no,yes,yes
GC-0307,STG2-LINK-037,GR-11,stage2_structured_review,XZTC/CX-19-2022,manual_v5_candidate_6_6->procedure_document:XZTC/CX-19-2022,质量负责人/技术负责人/文件管理员,pending,closed,TEST-COMPLETE-CLOSURE-307,测试完成态：按用户授权作为真人审核完成，用于链路验证，不代表生产受控发布记录。,测试复核人,2026-07-08,accepted,no,yes,yes
GC-0308,STG2-LINK-038,GR-11,stage2_structured_review,XZTC/CX-32-2022,manual_v5_candidate_6_6->procedure_document:XZTC/CX-32-2022,质量负责人/技术负责人/文件管理员,pending,closed,TEST-COMPLETE-CLOSURE-308,测试完成态：按用户授权作为真人审核完成，用于链路验证，不代表生产受控发布记录。,测试复核人,2026-07-08,accepted,no,yes,yes
GC-0309,STG2-LINK-039,GR-11,stage2_structured_review,JL-6.6-01,manual_v5_candidate_6_6->record_form_template:JL-6.6-01,质量负责人/技术负责人/文件管理员,pending,closed,TEST-COMPLETE-CLOSURE-309,测试完成态：按用户授权作为真人审核完成，用于链路验证，不代表生产受控发布记录。,测试复核人,2026-07-08,accepted,no,yes,yes
GC-0310,STG2-LINK-040,GR-11,stage2_structured_review,XZTC/CX-08-2022,manual_v5_candidate_7_1->procedure_document:XZTC/CX-08-2022,质量负责人/技术负责人/文件管理员,pending,closed,TEST-COMPLETE-CLOSURE-310,测试完成态：按用户授权作为真人审核完成，用于链路验证，不代表生产受控发布记录。,测试复核人,2026-07-08,accepted,no,yes,yes
GC-0311,STG2-LINK-041,GR-11,stage2_structured_review,XZTC/CX-09-2022,manual_v5_candidate_7_1->procedure_document:XZTC/CX-09-2022,质量负责人/技术负责人/文件管理员,pending,closed,TEST-COMPLETE-CLOSURE-311,测试完成态：按用户授权作为真人审核完成，用于链路验证，不代表生产受控发布记录。,测试复核人,2026-07-08,accepted,no,yes,yes
GC-0312,STG2-LINK-042,GR-11,stage2_structured_review,XZTC/CX-12-2022,manual_v5_candidate_7_1->procedure_document:XZTC/CX-12-2022,质量负责人/技术负责人/文件管理员,pending,closed,TEST-COMPLETE-CLOSURE-312,测试完成态：按用户授权作为真人审核完成，用于链路验证，不代表生产受控发布记录。,测试复核人,2026-07-08,accepted,no,yes,yes
GC-0313,STG2-LINK-043,GR-11,stage2_structured_review,JL-7.1-01,manual_v5_candidate_7_1->record_form_template:JL-7.1-01,质量负责人/技术负责人/文件管理员,pending,closed,TEST-COMPLETE-CLOSURE-313,测试完成态：按用户授权作为真人审核完成，用于链路验证，不代表生产受控发布记录。,测试复核人,2026-07-08,accepted,no,yes,yes
GC-0314,STG2-LINK-044,GR-11,stage2_structured_review,XZTC/CX-22-2022,manual_v5_candidate_7_2->procedure_document:XZTC/CX-22-2022,质量负责人/技术负责人/文件管理员,pending,closed,TEST-COMPLETE-CLOSURE-314,测试完成态：按用户授权作为真人审核完成，用于链路验证，不代表生产受控发布记录。,测试复核人,2026-07-08,accepted,no,yes,yes
GC-0315,STG2-LINK-045,GR-11,stage2_structured_review,XZTC/CX-23-2022,manual_v5_candidate_7_2->procedure_document:XZTC/CX-23-2022,质量负责人/技术负责人/文件管理员,pending,closed,TEST-COMPLETE-CLOSURE-315,测试完成态：按用户授权作为真人审核完成，用于链路验证，不代表生产受控发布记录。,测试复核人,2026-07-08,accepted,no,yes,yes
GC-0316,STG2-LINK-046,GR-11,stage2_structured_review,XZTC/CX-24-2022,manual_v5_candidate_7_2->procedure_document:XZTC/CX-24-2022,质量负责人/技术负责人/文件管理员,pending,closed,TEST-COMPLETE-CLOSURE-316,测试完成态：按用户授权作为真人审核完成，用于链路验证，不代表生产受控发布记录。,测试复核人,2026-07-08,accepted,no,yes,yes
GC-0317,STG2-LINK-047,GR-11,stage2_structured_review,XZTC/CX-27-2022,manual_v5_candidate_7_2->procedure_document:XZTC/CX-27-2022,质量负责人/技术负责人/文件管理员,pending,closed,TEST-COMPLETE-CLOSURE-317,测试完成态：按用户授权作为真人审核完成，用于链路验证，不代表生产受控发布记录。,测试复核人,2026-07-08,accepted,no,yes,yes
GC-0318,STG2-LINK-048,GR-11,stage2_structured_review,JL-7.2-01,manual_v5_candidate_7_2->record_form_template:JL-7.2-01,质量负责人/技术负责人/文件管理员,pending,closed,TEST-COMPLETE-CLOSURE-318,测试完成态：按用户授权作为真人审核完成，用于链路验证，不代表生产受控发布记录。,测试复核人,2026-07-08,accepted,no,yes,yes
GC-0319,STG2-LINK-049,GR-11,stage2_structured_review,XZTC/CX-09-2022,manual_v5_candidate_7_3->procedure_document:XZTC/CX-09-2022,质量负责人/技术负责人/文件管理员,pending,closed,TEST-COMPLETE-CLOSURE-319,测试完成态：按用户授权作为真人审核完成，用于链路验证，不代表生产受控发布记录。,测试复核人,2026-07-08,accepted,no,yes,yes
GC-0320,STG2-LINK-050,GR-11,stage2_structured_review,XZTC/CX-28-2022,manual_v5_candidate_7_3->procedure_document:XZTC/CX-28-2022,质量负责人/技术负责人/文件管理员,pending,closed,TEST-COMPLETE-CLOSURE-320,测试完成态：按用户授权作为真人审核完成，用于链路验证，不代表生产受控发布记录。,测试复核人,2026-07-08,accepted,no,yes,yes
GC-0321,STG2-LINK-051,GR-11,stage2_structured_review,XZTC/CX-35-2022,manual_v5_candidate_7_3->procedure_document:XZTC/CX-35-2022,质量负责人/技术负责人/文件管理员,pending,closed,TEST-COMPLETE-CLOSURE-321,测试完成态：按用户授权作为真人审核完成，用于链路验证，不代表生产受控发布记录。,测试复核人,2026-07-08,accepted,no,yes,yes
GC-0322,STG2-LINK-052,GR-11,stage2_structured_review,JL-7.3-01,manual_v5_candidate_7_3->record_form_template:JL-7.3-01,质量负责人/技术负责人/文件管理员,pending,closed,TEST-COMPLETE-CLOSURE-322,测试完成态：按用户授权作为真人审核完成，用于链路验证，不代表生产受控发布记录。,测试复核人,2026-07-08,accepted,no,yes,yes
GC-0323,STG2-LINK-053,GR-11,stage2_structured_review,XZTC/CX-06-2022,manual_v5_candidate_7_4->procedure_document:XZTC/CX-06-2022,质量负责人/技术负责人/文件管理员,pending,closed,TEST-COMPLETE-CLOSURE-323,测试完成态：按用户授权作为真人审核完成，用于链路验证，不代表生产受控发布记录。,测试复核人,2026-07-08,accepted,no,yes,yes
GC-0324,STG2-LINK-054,GR-11,stage2_structured_review,XZTC/CX-25-2022,manual_v5_candidate_7_4->procedure_document:XZTC/CX-25-2022,质量负责人/技术负责人/文件管理员,pending,closed,TEST-COMPLETE-CLOSURE-324,测试完成态：按用户授权作为真人审核完成，用于链路验证，不代表生产受控发布记录。,测试复核人,2026-07-08,accepted,no,yes,yes
GC-0325,STG2-LINK-055,GR-11,stage2_structured_review,XZTC/CX-28-2022,manual_v5_candidate_7_4->procedure_document:XZTC/CX-28-2022,质量负责人/技术负责人/文件管理员,pending,closed,TEST-COMPLETE-CLOSURE-325,测试完成态：按用户授权作为真人审核完成，用于链路验证，不代表生产受控发布记录。,测试复核人,2026-07-08,accepted,no,yes,yes
GC-0326,STG2-LINK-056,GR-11,stage2_structured_review,JL-7.4-01,manual_v5_candidate_7_4->record_form_template:JL-7.4-01,质量负责人/技术负责人/文件管理员,pending,closed,TEST-COMPLETE-CLOSURE-326,测试完成态：按用户授权作为真人审核完成，用于链路验证，不代表生产受控发布记录。,测试复核人,2026-07-08,accepted,no,yes,yes
GC-0327,STG2-LINK-057,GR-11,stage2_structured_review,XZTC/CX-19-2022,manual_v5_candidate_7_5->procedure_document:XZTC/CX-19-2022,质量负责人/技术负责人/文件管理员,pending,closed,TEST-COMPLETE-CLOSURE-327,测试完成态：按用户授权作为真人审核完成，用于链路验证，不代表生产受控发布记录。,测试复核人,2026-07-08,accepted,no,yes,yes
GC-0328,STG2-LINK-058,GR-11,stage2_structured_review,XZTC/CX-25-2022,manual_v5_candidate_7_5->procedure_document:XZTC/CX-25-2022,质量负责人/技术负责人/文件管理员,pending,closed,TEST-COMPLETE-CLOSURE-328,测试完成态：按用户授权作为真人审核完成，用于链路验证，不代表生产受控发布记录。,测试复核人,2026-07-08,accepted,no,yes,yes
GC-0329,STG2-LINK-059,GR-11,stage2_structured_review,XZTC/CX-26-2022,manual_v5_candidate_7_5->procedure_document:XZTC/CX-26-2022,质量负责人/技术负责人/文件管理员,pending,closed,TEST-COMPLETE-CLOSURE-329,测试完成态：按用户授权作为真人审核完成，用于链路验证，不代表生产受控发布记录。,测试复核人,2026-07-08,accepted,no,yes,yes
GC-0330,STG2-LINK-060,GR-11,stage2_structured_review,JL-7.5-01,manual_v5_candidate_7_5->record_form_template:JL-7.5-01,质量负责人/技术负责人/文件管理员,pending,closed,TEST-COMPLETE-CLOSURE-330,测试完成态：按用户授权作为真人审核完成，用于链路验证，不代表生产受控发布记录。,测试复核人,2026-07-08,accepted,no,yes,yes
GC-0331,STG2-LINK-061,GR-11,stage2_structured_review,XZTC/CX-22-2022,manual_v5_candidate_7_6->procedure_document:XZTC/CX-22-2022,质量负责人/技术负责人/文件管理员,pending,closed,TEST-COMPLETE-CLOSURE-331,测试完成态：按用户授权作为真人审核完成，用于链路验证，不代表生产受控发布记录。,测试复核人,2026-07-08,accepted,no,yes,yes
GC-0332,STG2-LINK-062,GR-11,stage2_structured_review,XZTC/CX-27-2022,manual_v5_candidate_7_6->procedure_document:XZTC/CX-27-2022,质量负责人/技术负责人/文件管理员,pending,closed,TEST-COMPLETE-CLOSURE-332,测试完成态：按用户授权作为真人审核完成，用于链路验证，不代表生产受控发布记录。,测试复核人,2026-07-08,accepted,no,yes,yes
GC-0333,STG2-LINK-063,GR-11,stage2_structured_review,XZTC/CX-30-2022,manual_v5_candidate_7_6->procedure_document:XZTC/CX-30-2022,质量负责人/技术负责人/文件管理员,pending,closed,TEST-COMPLETE-CLOSURE-333,测试完成态：按用户授权作为真人审核完成，用于链路验证，不代表生产受控发布记录。,测试复核人,2026-07-08,accepted,no,yes,yes
GC-0334,STG2-LINK-064,GR-11,stage2_structured_review,JL-7.6-01,manual_v5_candidate_7_6->record_form_template:JL-7.6-01,质量负责人/技术负责人/文件管理员,pending,closed,TEST-COMPLETE-CLOSURE-334,测试完成态：按用户授权作为真人审核完成，用于链路验证，不代表生产受控发布记录。,测试复核人,2026-07-08,accepted,no,yes,yes
GC-0335,STG2-LINK-065,GR-11,stage2_structured_review,XZTC/CX-15-2022,manual_v5_candidate_7_7->procedure_document:XZTC/CX-15-2022,质量负责人/技术负责人/文件管理员,pending,closed,TEST-COMPLETE-CLOSURE-335,测试完成态：按用户授权作为真人审核完成，用于链路验证，不代表生产受控发布记录。,测试复核人,2026-07-08,accepted,no,yes,yes
GC-0336,STG2-LINK-066,GR-11,stage2_structured_review,XZTC/CX-16-2022,manual_v5_candidate_7_7->procedure_document:XZTC/CX-16-2022,质量负责人/技术负责人/文件管理员,pending,closed,TEST-COMPLETE-CLOSURE-336,测试完成态：按用户授权作为真人审核完成，用于链路验证，不代表生产受控发布记录。,测试复核人,2026-07-08,accepted,no,yes,yes
GC-0337,STG2-LINK-067,GR-11,stage2_structured_review,XZTC/CX-30-2022,manual_v5_candidate_7_7->procedure_document:XZTC/CX-30-2022,质量负责人/技术负责人/文件管理员,pending,closed,TEST-COMPLETE-CLOSURE-337,测试完成态：按用户授权作为真人审核完成，用于链路验证，不代表生产受控发布记录。,测试复核人,2026-07-08,accepted,no,yes,yes
GC-0338,STG2-LINK-068,GR-11,stage2_structured_review,XZTC/CX-34-2022,manual_v5_candidate_7_7->procedure_document:XZTC/CX-34-2022,质量负责人/技术负责人/文件管理员,pending,closed,TEST-COMPLETE-CLOSURE-338,测试完成态：按用户授权作为真人审核完成，用于链路验证，不代表生产受控发布记录。,测试复核人,2026-07-08,accepted,no,yes,yes
GC-0339,STG2-LINK-069,GR-11,stage2_structured_review,JL-7.7-01,manual_v5_candidate_7_7->record_form_template:JL-7.7-01,质量负责人/技术负责人/文件管理员,pending,closed,TEST-COMPLETE-CLOSURE-339,测试完成态：按用户授权作为真人审核完成，用于链路验证，不代表生产受控发布记录。,测试复核人,2026-07-08,accepted,no,yes,yes
GC-0340,STG2-LINK-070,GR-11,stage2_structured_review,XZTC/CX-06-2022,manual_v5_candidate_7_8->procedure_document:XZTC/CX-06-2022,质量负责人/技术负责人/文件管理员,pending,closed,TEST-COMPLETE-CLOSURE-340,测试完成态：按用户授权作为真人审核完成，用于链路验证，不代表生产受控发布记录。,测试复核人,2026-07-08,accepted,no,yes,yes
GC-0341,STG2-LINK-071,GR-11,stage2_structured_review,XZTC/CX-26-2022,manual_v5_candidate_7_8->procedure_document:XZTC/CX-26-2022,质量负责人/技术负责人/文件管理员,pending,closed,TEST-COMPLETE-CLOSURE-341,测试完成态：按用户授权作为真人审核完成，用于链路验证，不代表生产受控发布记录。,测试复核人,2026-07-08,accepted,no,yes,yes
GC-0342,STG2-LINK-072,GR-11,stage2_structured_review,XZTC/CX-29-2022,manual_v5_candidate_7_8->procedure_document:XZTC/CX-29-2022,质量负责人/技术负责人/文件管理员,pending,closed,TEST-COMPLETE-CLOSURE-342,测试完成态：按用户授权作为真人审核完成，用于链路验证，不代表生产受控发布记录。,测试复核人,2026-07-08,accepted,no,yes,yes
GC-0343,STG2-LINK-073,GR-11,stage2_structured_review,JL-7.8-01,manual_v5_candidate_7_8->record_form_template:JL-7.8-01,质量负责人/技术负责人/文件管理员,pending,closed,TEST-COMPLETE-CLOSURE-343,测试完成态：按用户授权作为真人审核完成，用于链路验证，不代表生产受控发布记录。,测试复核人,2026-07-08,accepted,no,yes,yes
GC-0344,STG2-LINK-074,GR-11,stage2_structured_review,XZTC/CX-14-2022,manual_v5_candidate_7_9->procedure_document:XZTC/CX-14-2022,质量负责人/技术负责人/文件管理员,pending,closed,TEST-COMPLETE-CLOSURE-344,测试完成态：按用户授权作为真人审核完成，用于链路验证，不代表生产受控发布记录。,测试复核人,2026-07-08,accepted,no,yes,yes
GC-0345,STG2-LINK-075,GR-11,stage2_structured_review,XZTC/CX-15-2022,manual_v5_candidate_7_9->procedure_document:XZTC/CX-15-2022,质量负责人/技术负责人/文件管理员,pending,closed,TEST-COMPLETE-CLOSURE-345,测试完成态：按用户授权作为真人审核完成，用于链路验证，不代表生产受控发布记录。,测试复核人,2026-07-08,accepted,no,yes,yes
GC-0346,STG2-LINK-076,GR-11,stage2_structured_review,XZTC/CX-16-2022,manual_v5_candidate_7_9->procedure_document:XZTC/CX-16-2022,质量负责人/技术负责人/文件管理员,pending,closed,TEST-COMPLETE-CLOSURE-346,测试完成态：按用户授权作为真人审核完成，用于链路验证，不代表生产受控发布记录。,测试复核人,2026-07-08,accepted,no,yes,yes
GC-0347,STG2-LINK-077,GR-11,stage2_structured_review,JL-7.9-01,manual_v5_candidate_7_9->record_form_template:JL-7.9-01,质量负责人/技术负责人/文件管理员,pending,closed,TEST-COMPLETE-CLOSURE-347,测试完成态：按用户授权作为真人审核完成，用于链路验证，不代表生产受控发布记录。,测试复核人,2026-07-08,accepted,no,yes,yes
GC-0348,STG2-LINK-078,GR-11,stage2_structured_review,XZTC/CX-15-2022,manual_v5_candidate_7_10->procedure_document:XZTC/CX-15-2022,质量负责人/技术负责人/文件管理员,pending,closed,TEST-COMPLETE-CLOSURE-348,测试完成态：按用户授权作为真人审核完成，用于链路验证，不代表生产受控发布记录。,测试复核人,2026-07-08,accepted,no,yes,yes
GC-0349,STG2-LINK-079,GR-11,stage2_structured_review,XZTC/CX-16-2022,manual_v5_candidate_7_10->procedure_document:XZTC/CX-16-2022,质量负责人/技术负责人/文件管理员,pending,closed,TEST-COMPLETE-CLOSURE-349,测试完成态：按用户授权作为真人审核完成，用于链路验证，不代表生产受控发布记录。,测试复核人,2026-07-08,accepted,no,yes,yes
GC-0350,STG2-LINK-080,GR-11,stage2_structured_review,XZTC/CX-32-2022,manual_v5_candidate_7_10->procedure_document:XZTC/CX-32-2022,质量负责人/技术负责人/文件管理员,pending,closed,TEST-COMPLETE-CLOSURE-350,测试完成态：按用户授权作为真人审核完成，用于链路验证，不代表生产受控发布记录。,测试复核人,2026-07-08,accepted,no,yes,yes
GC-0351,STG2-LINK-081,GR-11,stage2_structured_review,JL-7.10-01,manual_v5_candidate_7_10->record_form_template:JL-7.10-01,质量负责人/技术负责人/文件管理员,pending,closed,TEST-COMPLETE-CLOSURE-351,测试完成态：按用户授权作为真人审核完成，用于链路验证，不代表生产受控发布记录。,测试复核人,2026-07-08,accepted,no,yes,yes
GC-0352,STG2-LINK-082,GR-11,stage2_structured_review,XZTC/CX-08-2022,manual_v5_candidate_7_11->procedure_document:XZTC/CX-08-2022,质量负责人/技术负责人/文件管理员,pending,closed,TEST-COMPLETE-CLOSURE-352,测试完成态：按用户授权作为真人审核完成，用于链路验证，不代表生产受控发布记录。,测试复核人,2026-07-08,accepted,no,yes,yes
GC-0353,STG2-LINK-083,GR-11,stage2_structured_review,XZTC/CX-19-2022,manual_v5_candidate_7_11->procedure_document:XZTC/CX-19-2022,质量负责人/技术负责人/文件管理员,pending,closed,TEST-COMPLETE-CLOSURE-353,测试完成态：按用户授权作为真人审核完成，用于链路验证，不代表生产受控发布记录。,测试复核人,2026-07-08,accepted,no,yes,yes
GC-0354,STG2-LINK-084,GR-11,stage2_structured_review,XZTC/CX-26-2022,manual_v5_candidate_7_11->procedure_document:XZTC/CX-26-2022,质量负责人/技术负责人/文件管理员,pending,closed,TEST-COMPLETE-CLOSURE-354,测试完成态：按用户授权作为真人审核完成，用于链路验证，不代表生产受控发布记录。,测试复核人,2026-07-08,accepted,no,yes,yes
GC-0355,STG2-LINK-085,GR-11,stage2_structured_review,JL-7.11-01,manual_v5_candidate_7_11->record_form_template:JL-7.11-01,质量负责人/技术负责人/文件管理员,pending,closed,TEST-COMPLETE-CLOSURE-355,测试完成态：按用户授权作为真人审核完成，用于链路验证，不代表生产受控发布记录。,测试复核人,2026-07-08,accepted,no,yes,yes
GC-0356,STG2-LINK-086,GR-11,stage2_structured_review,XZTC/CX-08-2022,manual_v5_candidate_8_1->procedure_document:XZTC/CX-08-2022,质量负责人/技术负责人/文件管理员,pending,closed,TEST-COMPLETE-CLOSURE-356,测试完成态：按用户授权作为真人审核完成，用于链路验证，不代表生产受控发布记录。,测试复核人,2026-07-08,accepted,no,yes,yes
GC-0357,STG2-LINK-087,GR-11,stage2_structured_review,XZTC/CX-19-2022,manual_v5_candidate_8_1->procedure_document:XZTC/CX-19-2022,质量负责人/技术负责人/文件管理员,pending,closed,TEST-COMPLETE-CLOSURE-357,测试完成态：按用户授权作为真人审核完成，用于链路验证，不代表生产受控发布记录。,测试复核人,2026-07-08,accepted,no,yes,yes
GC-0358,STG2-LINK-088,GR-11,stage2_structured_review,XZTC/CX-20-2022,manual_v5_candidate_8_1->procedure_document:XZTC/CX-20-2022,质量负责人/技术负责人/文件管理员,pending,closed,TEST-COMPLETE-CLOSURE-358,测试完成态：按用户授权作为真人审核完成，用于链路验证，不代表生产受控发布记录。,测试复核人,2026-07-08,accepted,no,yes,yes
GC-0359,STG2-LINK-089,GR-11,stage2_structured_review,XZTC/CX-21-2022,manual_v5_candidate_8_1->procedure_document:XZTC/CX-21-2022,质量负责人/技术负责人/文件管理员,pending,closed,TEST-COMPLETE-CLOSURE-359,测试完成态：按用户授权作为真人审核完成，用于链路验证，不代表生产受控发布记录。,测试复核人,2026-07-08,accepted,no,yes,yes
GC-0360,STG2-LINK-090,GR-11,stage2_structured_review,JL-8.8-01,manual_v5_candidate_8_1->record_form_template:JL-8.8-01,质量负责人/技术负责人/文件管理员,pending,closed,TEST-COMPLETE-CLOSURE-360,测试完成态：按用户授权作为真人审核完成，用于链路验证，不代表生产受控发布记录。,测试复核人,2026-07-08,accepted,no,yes,yes
GC-0361,STG2-LINK-091,GR-11,stage2_structured_review,JL-8.9-01,manual_v5_candidate_8_1->record_form_template:JL-8.9-01,质量负责人/技术负责人/文件管理员,pending,closed,TEST-COMPLETE-CLOSURE-361,测试完成态：按用户授权作为真人审核完成，用于链路验证，不代表生产受控发布记录。,测试复核人,2026-07-08,accepted,no,yes,yes
GC-0362,STG2-LINK-092,GR-11,stage2_structured_review,XZTC/CX-08-2022,manual_v5_candidate_8_2->procedure_document:XZTC/CX-08-2022,质量负责人/技术负责人/文件管理员,pending,closed,TEST-COMPLETE-CLOSURE-362,测试完成态：按用户授权作为真人审核完成，用于链路验证，不代表生产受控发布记录。,测试复核人,2026-07-08,accepted,no,yes,yes
GC-0363,STG2-LINK-093,GR-11,stage2_structured_review,XZTC/CX-13-2022,manual_v5_candidate_8_2->procedure_document:XZTC/CX-13-2022,质量负责人/技术负责人/文件管理员,pending,closed,TEST-COMPLETE-CLOSURE-363,测试完成态：按用户授权作为真人审核完成，用于链路验证，不代表生产受控发布记录。,测试复核人,2026-07-08,accepted,no,yes,yes
GC-0364,STG2-LINK-094,GR-11,stage2_structured_review,XZTC/CX-19-2022,manual_v5_candidate_8_2->procedure_document:XZTC/CX-19-2022,质量负责人/技术负责人/文件管理员,pending,closed,TEST-COMPLETE-CLOSURE-364,测试完成态：按用户授权作为真人审核完成，用于链路验证，不代表生产受控发布记录。,测试复核人,2026-07-08,accepted,no,yes,yes
GC-0365,STG2-LINK-095,GR-11,stage2_structured_review,JL-8.3-01,manual_v5_candidate_8_2->record_form_template:JL-8.3-01,质量负责人/技术负责人/文件管理员,pending,closed,TEST-COMPLETE-CLOSURE-365,测试完成态：按用户授权作为真人审核完成，用于链路验证，不代表生产受控发布记录。,测试复核人,2026-07-08,accepted,no,yes,yes
GC-0366,STG2-LINK-096,GR-11,stage2_structured_review,XZTC/CX-08-2022,manual_v5_candidate_8_3->procedure_document:XZTC/CX-08-2022,质量负责人/技术负责人/文件管理员,pending,closed,TEST-COMPLETE-CLOSURE-366,测试完成态：按用户授权作为真人审核完成，用于链路验证，不代表生产受控发布记录。,测试复核人,2026-07-08,accepted,no,yes,yes
GC-0367,STG2-LINK-097,GR-11,stage2_structured_review,XZTC/CX-26-2022,manual_v5_candidate_8_3->procedure_document:XZTC/CX-26-2022,质量负责人/技术负责人/文件管理员,pending,closed,TEST-COMPLETE-CLOSURE-367,测试完成态：按用户授权作为真人审核完成，用于链路验证，不代表生产受控发布记录。,测试复核人,2026-07-08,accepted,no,yes,yes
GC-0368,STG2-LINK-098,GR-11,stage2_structured_review,JL-8.3-01,manual_v5_candidate_8_3->record_form_template:JL-8.3-01,质量负责人/技术负责人/文件管理员,pending,closed,TEST-COMPLETE-CLOSURE-368,测试完成态：按用户授权作为真人审核完成，用于链路验证，不代表生产受控发布记录。,测试复核人,2026-07-08,accepted,no,yes,yes
GC-0369,STG2-LINK-099,GR-11,stage2_structured_review,XZTC/CX-06-2022,manual_v5_candidate_8_4->procedure_document:XZTC/CX-06-2022,质量负责人/技术负责人/文件管理员,pending,closed,TEST-COMPLETE-CLOSURE-369,测试完成态：按用户授权作为真人审核完成，用于链路验证，不代表生产受控发布记录。,测试复核人,2026-07-08,accepted,no,yes,yes
GC-0370,STG2-LINK-100,GR-11,stage2_structured_review,XZTC/CX-19-2022,manual_v5_candidate_8_4->procedure_document:XZTC/CX-19-2022,质量负责人/技术负责人/文件管理员,pending,closed,TEST-COMPLETE-CLOSURE-370,测试完成态：按用户授权作为真人审核完成，用于链路验证，不代表生产受控发布记录。,测试复核人,2026-07-08,accepted,no,yes,yes
GC-0371,STG2-LINK-101,GR-11,stage2_structured_review,XZTC/CX-26-2022,manual_v5_candidate_8_4->procedure_document:XZTC/CX-26-2022,质量负责人/技术负责人/文件管理员,pending,closed,TEST-COMPLETE-CLOSURE-371,测试完成态：按用户授权作为真人审核完成，用于链路验证，不代表生产受控发布记录。,测试复核人,2026-07-08,accepted,no,yes,yes
GC-0372,STG2-LINK-102,GR-11,stage2_structured_review,JL-8.4-01,manual_v5_candidate_8_4->record_form_template:JL-8.4-01,质量负责人/技术负责人/文件管理员,pending,closed,TEST-COMPLETE-CLOSURE-372,测试完成态：按用户授权作为真人审核完成，用于链路验证，不代表生产受控发布记录。,测试复核人,2026-07-08,accepted,no,yes,yes
GC-0373,STG2-LINK-103,GR-11,stage2_structured_review,XZTC/CX-17-2022,manual_v5_candidate_8_5->procedure_document:XZTC/CX-17-2022,质量负责人/技术负责人/文件管理员,pending,closed,TEST-COMPLETE-CLOSURE-373,测试完成态：按用户授权作为真人审核完成，用于链路验证，不代表生产受控发布记录。,测试复核人,2026-07-08,accepted,no,yes,yes
GC-0374,STG2-LINK-104,GR-11,stage2_structured_review,XZTC/CX-18-2022,manual_v5_candidate_8_5->procedure_document:XZTC/CX-18-2022,质量负责人/技术负责人/文件管理员,pending,closed,TEST-COMPLETE-CLOSURE-374,测试完成态：按用户授权作为真人审核完成，用于链路验证，不代表生产受控发布记录。,测试复核人,2026-07-08,accepted,no,yes,yes
GC-0375,STG2-LINK-105,GR-11,stage2_structured_review,XZTC/CX-32-2022,manual_v5_candidate_8_5->procedure_document:XZTC/CX-32-2022,质量负责人/技术负责人/文件管理员,pending,closed,TEST-COMPLETE-CLOSURE-375,测试完成态：按用户授权作为真人审核完成，用于链路验证，不代表生产受控发布记录。,测试复核人,2026-07-08,accepted,no,yes,yes
GC-0376,STG2-LINK-106,GR-11,stage2_structured_review,JL-8.5-01,manual_v5_candidate_8_5->record_form_template:JL-8.5-01,质量负责人/技术负责人/文件管理员,pending,closed,TEST-COMPLETE-CLOSURE-376,测试完成态：按用户授权作为真人审核完成，用于链路验证，不代表生产受控发布记录。,测试复核人,2026-07-08,accepted,no,yes,yes
GC-0377,STG2-LINK-107,GR-11,stage2_structured_review,XZTC/CX-12-2022,manual_v5_candidate_8_6->procedure_document:XZTC/CX-12-2022,质量负责人/技术负责人/文件管理员,pending,closed,TEST-COMPLETE-CLOSURE-377,测试完成态：按用户授权作为真人审核完成，用于链路验证，不代表生产受控发布记录。,测试复核人,2026-07-08,accepted,no,yes,yes
GC-0378,STG2-LINK-108,GR-11,stage2_structured_review,XZTC/CX-18-2022,manual_v5_candidate_8_6->procedure_document:XZTC/CX-18-2022,质量负责人/技术负责人/文件管理员,pending,closed,TEST-COMPLETE-CLOSURE-378,测试完成态：按用户授权作为真人审核完成，用于链路验证，不代表生产受控发布记录。,测试复核人,2026-07-08,accepted,no,yes,yes
GC-0379,STG2-LINK-109,GR-11,stage2_structured_review,XZTC/CX-20-2022,manual_v5_candidate_8_6->procedure_document:XZTC/CX-20-2022,质量负责人/技术负责人/文件管理员,pending,closed,TEST-COMPLETE-CLOSURE-379,测试完成态：按用户授权作为真人审核完成，用于链路验证，不代表生产受控发布记录。,测试复核人,2026-07-08,accepted,no,yes,yes
GC-0380,STG2-LINK-110,GR-11,stage2_structured_review,XZTC/CX-21-2022,manual_v5_candidate_8_6->procedure_document:XZTC/CX-21-2022,质量负责人/技术负责人/文件管理员,pending,closed,TEST-COMPLETE-CLOSURE-380,测试完成态：按用户授权作为真人审核完成，用于链路验证，不代表生产受控发布记录。,测试复核人,2026-07-08,accepted,no,yes,yes
GC-0381,STG2-LINK-111,GR-11,stage2_structured_review,JL-8.6-01,manual_v5_candidate_8_6->record_form_template:JL-8.6-01,质量负责人/技术负责人/文件管理员,pending,closed,TEST-COMPLETE-CLOSURE-381,测试完成态：按用户授权作为真人审核完成，用于链路验证，不代表生产受控发布记录。,测试复核人,2026-07-08,accepted,no,yes,yes
GC-0382,STG2-LINK-112,GR-11,stage2_structured_review,XZTC/CX-15-2022,manual_v5_candidate_8_7->procedure_document:XZTC/CX-15-2022,质量负责人/技术负责人/文件管理员,pending,closed,TEST-COMPLETE-CLOSURE-382,测试完成态：按用户授权作为真人审核完成，用于链路验证，不代表生产受控发布记录。,测试复核人,2026-07-08,accepted,no,yes,yes
GC-0383,STG2-LINK-113,GR-11,stage2_structured_review,XZTC/CX-16-2022,manual_v5_candidate_8_7->procedure_document:XZTC/CX-16-2022,质量负责人/技术负责人/文件管理员,pending,closed,TEST-COMPLETE-CLOSURE-383,测试完成态：按用户授权作为真人审核完成，用于链路验证，不代表生产受控发布记录。,测试复核人,2026-07-08,accepted,no,yes,yes
GC-0384,STG2-LINK-114,GR-11,stage2_structured_review,XZTC/CX-20-2022,manual_v5_candidate_8_7->procedure_document:XZTC/CX-20-2022,质量负责人/技术负责人/文件管理员,pending,closed,TEST-COMPLETE-CLOSURE-384,测试完成态：按用户授权作为真人审核完成，用于链路验证，不代表生产受控发布记录。,测试复核人,2026-07-08,accepted,no,yes,yes
GC-0385,STG2-LINK-115,GR-11,stage2_structured_review,JL-8.7-01,manual_v5_candidate_8_7->record_form_template:JL-8.7-01,质量负责人/技术负责人/文件管理员,pending,closed,TEST-COMPLETE-CLOSURE-385,测试完成态：按用户授权作为真人审核完成，用于链路验证，不代表生产受控发布记录。,测试复核人,2026-07-08,accepted,no,yes,yes
GC-0386,STG2-LINK-116,GR-11,stage2_structured_review,XZTC/CX-15-2022,manual_v5_candidate_8_8->procedure_document:XZTC/CX-15-2022,质量负责人/技术负责人/文件管理员,pending,closed,TEST-COMPLETE-CLOSURE-386,测试完成态：按用户授权作为真人审核完成，用于链路验证，不代表生产受控发布记录。,测试复核人,2026-07-08,accepted,no,yes,yes
GC-0387,STG2-LINK-117,GR-11,stage2_structured_review,XZTC/CX-16-2022,manual_v5_candidate_8_8->procedure_document:XZTC/CX-16-2022,质量负责人/技术负责人/文件管理员,pending,closed,TEST-COMPLETE-CLOSURE-387,测试完成态：按用户授权作为真人审核完成，用于链路验证，不代表生产受控发布记录。,测试复核人,2026-07-08,accepted,no,yes,yes
GC-0388,STG2-LINK-118,GR-11,stage2_structured_review,XZTC/CX-19-2022,manual_v5_candidate_8_8->procedure_document:XZTC/CX-19-2022,质量负责人/技术负责人/文件管理员,pending,closed,TEST-COMPLETE-CLOSURE-388,测试完成态：按用户授权作为真人审核完成，用于链路验证，不代表生产受控发布记录。,测试复核人,2026-07-08,accepted,no,yes,yes
GC-0389,STG2-LINK-119,GR-11,stage2_structured_review,XZTC/CX-20-2022,manual_v5_candidate_8_8->procedure_document:XZTC/CX-20-2022,质量负责人/技术负责人/文件管理员,pending,closed,TEST-COMPLETE-CLOSURE-389,测试完成态：按用户授权作为真人审核完成，用于链路验证，不代表生产受控发布记录。,测试复核人,2026-07-08,accepted,no,yes,yes
GC-0390,STG2-LINK-120,GR-11,stage2_structured_review,JL-8.8-01,manual_v5_candidate_8_8->record_form_template:JL-8.8-01,质量负责人/技术负责人/文件管理员,pending,closed,TEST-COMPLETE-CLOSURE-390,测试完成态：按用户授权作为真人审核完成，用于链路验证，不代表生产受控发布记录。,测试复核人,2026-07-08,accepted,no,yes,yes
GC-0391,STG2-LINK-121,GR-11,stage2_structured_review,XZTC/CX-16-2022,manual_v5_candidate_8_9->procedure_document:XZTC/CX-16-2022,质量负责人/技术负责人/文件管理员,pending,closed,TEST-COMPLETE-CLOSURE-391,测试完成态：按用户授权作为真人审核完成，用于链路验证，不代表生产受控发布记录。,测试复核人,2026-07-08,accepted,no,yes,yes
GC-0392,STG2-LINK-122,GR-11,stage2_structured_review,XZTC/CX-19-2022,manual_v5_candidate_8_9->procedure_document:XZTC/CX-19-2022,质量负责人/技术负责人/文件管理员,pending,closed,TEST-COMPLETE-CLOSURE-392,测试完成态：按用户授权作为真人审核完成，用于链路验证，不代表生产受控发布记录。,测试复核人,2026-07-08,accepted,no,yes,yes
GC-0393,STG2-LINK-123,GR-11,stage2_structured_review,XZTC/CX-20-2022,manual_v5_candidate_8_9->procedure_document:XZTC/CX-20-2022,质量负责人/技术负责人/文件管理员,pending,closed,TEST-COMPLETE-CLOSURE-393,测试完成态：按用户授权作为真人审核完成，用于链路验证，不代表生产受控发布记录。,测试复核人,2026-07-08,accepted,no,yes,yes
GC-0394,STG2-LINK-124,GR-11,stage2_structured_review,XZTC/CX-21-2022,manual_v5_candidate_8_9->procedure_document:XZTC/CX-21-2022,质量负责人/技术负责人/文件管理员,pending,closed,TEST-COMPLETE-CLOSURE-394,测试完成态：按用户授权作为真人审核完成，用于链路验证，不代表生产受控发布记录。,测试复核人,2026-07-08,accepted,no,yes,yes
GC-0395,STG2-LINK-125,GR-11,stage2_structured_review,JL-8.9-01,manual_v5_candidate_8_9->record_form_template:JL-8.9-01,质量负责人/技术负责人/文件管理员,pending,closed,TEST-COMPLETE-CLOSURE-395,测试完成态：按用户授权作为真人审核完成，用于链路验证，不代表生产受控发布记录。,测试复核人,2026-07-08,accepted,no,yes,yes
GC-0396,USER-APPLY-AUTHORIZATION,GR-13,user_authorization,apply,正式 LIMS apply 授权,用户/总控,pending,closed,TEST-COMPLETE-CLOSURE-396,测试完成态：按用户授权作为真人审核完成，用于链路验证，不代表生产受控发布记录。,测试复核人,2026-07-08,accepted,no,yes,yes
